Original_Text,Actual,Predicted,Probability_Positive,Confidence,Correct,Actual_Label,Predicted_Label,Error_Category
me too i like listening to rain when i dont have to go out in it,1,0,0.04971510659579777,0.9502848934042022,False,Positive,Negative,Uncoded
hard to go walkies with no paws,1,0,0.07641811788546782,0.9235818821145322,False,Positive,Negative,Uncoded
i can talk i mean i wish i was at ripe,1,0,0.01411957196244958,0.9858804280375504,False,Positive,Negative,Uncoded
jst finished bathing the kid and enjoying the jungle book what a night,0,1,0.928279252707395,0.928279252707395,False,Negative,Positive,Uncoded
hey u i likeddiddid that movi whre u been tho giant i missed u was lookin at our last picture,1,0,0.08005301475698014,0.9199469852430199,False,Positive,Negative,Uncoded
lari just told me quot i'm sick like mommy my head hurts quot,1,0,0.037703483617465526,0.9622965163825344,False,Positive,Negative,Uncoded
my lake is brocken ohhhh noooo i hate radball,1,0,0.006506222341646212,0.9934937776583538,False,Positive,Negative,Uncoded
yeah i watched the game haha felt really sleepy throughout the game though kane must be depressed,1,0,0.08208468463430765,0.9179153153656924,False,Positive,Negative,Uncoded
i haven't stepped out of my house in the last 40 hours i'm suffocating my soft feathery horny kitty is following me,1,0,0.08096483384418345,0.9190351661558166,False,Positive,Negative,Uncoded
watching countdown i got 'ski',0,1,0.931997442112476,0.931997442112476,False,Negative,Positive,Uncoded
it's too hot outside,1,0,0.08554364305402959,0.9144563569459704,False,Positive,Negative,Uncoded
new phone number check out my facebook if you need it bye 847,0,1,0.91090841567645,0.91090841567645,False,Negative,Positive,Uncoded
monday not going to work closing my door going to finish my assignments goodmorn opportunity to get a blackberry,1,0,0.05061236954807331,0.9493876304519266,False,Positive,Negative,Uncoded
sorry i kind of dropped from the game or tried to,1,0,0.0181246901979499,0.9818753098020501,False,Positive,Negative,Uncoded
i feel bad about the last test but other than that i hope i didn't bring you down this semester,1,0,0.059098655094871846,0.9409013449051281,False,Positive,Negative,Uncoded
alone in the dark doesn't need changing gameporn,1,0,0.02137501876477546,0.9786249812352246,False,Positive,Negative,Uncoded
yep but i'm going better now,0,1,0.9139762035951643,0.9139762035951643,False,Negative,Positive,Uncoded
yes sadly it sort of is i guess that makes me mopey today,1,0,0.07863198412890898,0.9213680158710911,False,Positive,Negative,Uncoded
nice unfortunately i probably cant i wish i had that power,1,0,0.0010432658078130604,0.9989567341921869,False,Positive,Negative,Uncoded
sorry you're having a bad day hope you feel better tomorrow,1,0,0.007575443968475366,0.9924245560315247,False,Positive,Negative,Uncoded
contacts make my eyes feel like they're falling out of my face off to sleep,1,0,0.078781001112086,0.921218998887914,False,Positive,Negative,Uncoded
i think i caught a cold amp that sucks,1,0,0.019318588449856986,0.980681411550143,False,Positive,Negative,Uncoded
in a boring p s e lesson doing my cv i dont have any hobbies lol and i can't put 'twittering' down,1,0,0.041651805551571636,0.9583481944484283,False,Positive,Negative,Uncoded
starbucks if you're after that burnt poorly made amp depressing chain store vibe then yep starbucks is it,1,0,0.05533900750265082,0.9446609924973491,False,Positive,Negative,Uncoded
yea man we haven't seen each other for so long miss you,1,0,0.06387562244676095,0.9361243775532391,False,Positive,Negative,Uncoded
i should add that sometimes i am an quot expert quot rather than an expert,0,1,0.9122566007690469,0.9122566007690469,False,Negative,Positive,Uncoded
i dont think its good when you can tell your foot is swollen inside your shoee i wouldnt take it personal if my foot stopped hurting,1,0,0.07883277235920219,0.9211672276407978,False,Positive,Negative,Uncoded
having dinner ga eul's so pretty they should have gave gaeul and yijung a happier ending like getting engaged or stuff haha,0,1,0.920595442241618,0.920595442241618,False,Negative,Positive,Uncoded
hey there finally is spam on twitter whoo,0,1,0.9633114417029089,0.9633114417029089,False,Negative,Positive,Uncoded
i love working with cool year 9 kids,0,1,0.9733307258285919,0.9733307258285919,False,Negative,Positive,Uncoded
so local channels suck,1,0,0.099927257101745,0.900072742898255,False,Positive,Negative,Uncoded
my boyfrand just scratched all my back itchyz,1,0,0.05756380809156477,0.9424361919084352,False,Positive,Negative,Uncoded
good morning showering,0,1,0.9739670070176158,0.9739670070176158,False,Negative,Positive,Uncoded
good night i hope you have a good day tomorrow,0,1,0.9891781134860913,0.9891781134860913,False,Negative,Positive,Uncoded
even is not biting,1,0,0.05746727103127701,0.942532728968723,False,Positive,Negative,Uncoded
lol i dont think swine flu has anyhting to do with birds but im not sure lol thought it was pigs but mybe im wrong,1,0,0.06659799853415063,0.9334020014658494,False,Positive,Negative,Uncoded
doesnt it suck to be at work while other people are enjoying the weather hahaa nosaaaa,1,0,0.09178909544600031,0.9082109045539997,False,Positive,Negative,Uncoded
why lonely my fellow harlemite,1,0,0.04612309580505965,0.9538769041949403,False,Positive,Negative,Uncoded
busy working wishing i was out in this beautiful weather still have more garden to plant,1,0,0.07521090066069833,0.9247890993393016,False,Positive,Negative,Uncoded
so im sat on my own bored its carnivla day but throwing it down outside and today is just a bore egypt soon tho woohooo,1,0,0.066728053430849,0.933271946569151,False,Positive,Negative,Uncoded
hi my name is allison and i'm obsessed with high school musical,0,1,0.9255342469262346,0.9255342469262346,False,Negative,Positive,Uncoded
still here by myself oh wait someone just pulled up nvm,1,0,0.08280856632097863,0.9171914336790213,False,Positive,Negative,Uncoded
how weird to wake up with gertie next to me i sort miss my cozy sleeping bag but it'll be there next year miss u guys already alc8,1,0,0.03631479855879362,0.9636852014412064,False,Positive,Negative,Uncoded
haaaaaaaaay i'm hungry,1,0,0.024425853802443293,0.9755741461975567,False,Positive,Negative,Uncoded
im determined to like start being friends with him you know instead of just a little quot hi quot,0,1,0.9059473909549067,0.9059473909549067,False,Negative,Positive,Uncoded
oh no all 4 of mine have vanished megaweep no more horny kitty,1,0,0.026470897084215916,0.9735291029157841,False,Positive,Negative,Uncoded
its 4 3 now sod still down a break sod is playing well but just not able to match fedex's class frenchopen,1,0,0.0831341927141771,0.9168658072858229,False,Positive,Negative,Uncoded
we miss you too,1,0,0.09921913749900885,0.9007808625009912,False,Positive,Negative,Uncoded
oh dear what a rotten life you lead not,1,0,0.09192181584608945,0.9080781841539105,False,Positive,Negative,Uncoded
i don't think you are alone,1,0,0.06788616391350594,0.932113836086494,False,Positive,Negative,Uncoded
oh haha all good well i gotta go work time ttyl lt 3 ya xoxoxo,0,1,0.9445123601146135,0.9445123601146135,False,Negative,Positive,Uncoded
cont'd took it apart put it back leaving out a couple of screw i don't know where they go then kicked it amp cursed in french,1,0,0.09326437796165808,0.9067356220383419,False,Positive,Negative,Uncoded
hope you had a good show tonight i'm drunk,0,1,0.9486767251945022,0.9486767251945022,False,Negative,Positive,Uncoded
just checked in coming back reached gauwhati airport at 11 30 was closed there wasn't a single person there not even a guard,1,0,0.025652164757146823,0.9743478352428532,False,Positive,Negative,Uncoded
last day of school crushed,1,0,0.08189177809422583,0.9181082219057741,False,Positive,Negative,Uncoded
i cant believe the days are going by so fast 15 days left,1,0,0.07764019114277804,0.922359808857222,False,Positive,Negative,Uncoded
have yoooooooou got msnn x,1,0,0.05471982280113634,0.9452801771988637,False,Positive,Negative,Uncoded
what is up with the heat wave i don't like dry heat i can use a bit of chicago humidity about now,1,0,0.03902292269502499,0.9609770773049751,False,Positive,Negative,Uncoded
you'll have one soon i promise,0,1,0.9083849022372563,0.9083849022372563,False,Negative,Positive,Uncoded
future reflectionsssssss,0,1,0.9163256749663564,0.9163256749663564,False,Negative,Positive,Uncoded
hey i lack in your cool person editon list lol have a great day te quiero mucho besos,0,1,0.9068251010065644,0.9068251010065644,False,Negative,Positive,Uncoded
been tweeting hardcore 2day i'm getting so annoying sorry well gnyt tweetuniverse get ready to be annoyed 2mrw,1,0,0.03868092454711693,0.9613190754528831,False,Positive,Negative,Uncoded
bugs suck but don't smack that one on your face and hurt yourself i hate when i don that,1,0,0.045117485750454996,0.954882514249545,False,Positive,Negative,Uncoded
i'm late to school again,1,0,0.036536817896559534,0.9634631821034405,False,Positive,Negative,Uncoded
gonna be a good crowd of us today so maybe some water volleyball in pool later hehe ur blokes always got the hump,0,1,0.9494910783107116,0.9494910783107116,False,Negative,Positive,Uncoded
ah bugger you aren't a radiator person sorry,1,0,0.028286213972306358,0.9717137860276936,False,Positive,Negative,Uncoded
i talked to someone smart sony i feel like crying,1,0,0.03982842294310685,0.9601715770568932,False,Positive,Negative,Uncoded
wow thank you have a nice weekend anyway,0,1,0.9956897192529484,0.9956897192529484,False,Negative,Positive,Uncoded
yes,0,1,0.9402305369441872,0.9402305369441872,False,Negative,Positive,Uncoded
sorry to crash but i love and silkfair,1,0,0.05172567667489767,0.9482743233251023,False,Positive,Negative,Uncoded
i feel bad if all time low's new cd leaks but i also don't want to wait until july i'll still buy it though even if it does,1,0,0.07398463918693961,0.9260153608130604,False,Positive,Negative,Uncoded
yes so fun can't wait pic cj,0,1,0.9735268622887926,0.9735268622887926,False,Negative,Positive,Uncoded
good morning unfortunally,0,1,0.9300289532930094,0.9300289532930094,False,Negative,Positive,Uncoded
how does that happen i voted for you so whose the winner,0,1,0.9165536947164472,0.9165536947164472,False,Negative,Positive,Uncoded
yes oooh,0,1,0.9645160527047899,0.9645160527047899,False,Negative,Positive,Uncoded
sorry to hear that you can't say something worthwhile without insulting someone i don't find it that hard,1,0,0.07731624758308517,0.9226837524169148,False,Positive,Negative,Uncoded
happy birthday to me,0,1,0.9709505563010449,0.9709505563010449,False,Negative,Positive,Uncoded
i am hoooome and i didn't die,1,0,0.08140035871216127,0.9185996412878388,False,Positive,Negative,Uncoded
hey shims i can't wait to see damo again either i am missing you all badly ha glad you had a good night,0,1,0.9149914988283788,0.9149914988283788,False,Negative,Positive,Uncoded
had to work on saturday so got a day off,1,0,0.0724286243653108,0.9275713756346892,False,Positive,Negative,Uncoded
wants to play sims really badly right now but in a few weeks i will be home and can play with all my families again,1,0,0.025237384951195884,0.9747626150488041,False,Positive,Negative,Uncoded
how is anyone else supposed to get a guy if we have to compete with that its just not fair,1,0,0.09488298435936908,0.905117015640631,False,Positive,Negative,Uncoded
i have heard that about up reviews like that worry me because i know i won't cry and i hate it when i know i should,1,0,0.09171543425042092,0.908284565749579,False,Positive,Negative,Uncoded
i wouldn't been able to sleep,1,0,0.0984870203402399,0.9015129796597601,False,Positive,Negative,Uncoded
bored outta my mind wide awake i need to take my meds soon to help me sleep,1,0,0.09025800749167394,0.9097419925083261,False,Positive,Negative,Uncoded
having a bad day buddy,1,0,0.025235136205107516,0.9747648637948925,False,Positive,Negative,Uncoded
not much no,1,0,0.0496708191299835,0.9503291808700165,False,Positive,Negative,Uncoded
arent you at work,1,0,0.08173974928367142,0.9182602507163286,False,Positive,Negative,Uncoded
hmmmm must of been another shop we never had a katlyn working for us,1,0,0.08271244637687807,0.917287553623122,False,Positive,Negative,Uncoded
got lots of to dos but thank god for british pop music love it,0,1,0.9564708738085674,0.9564708738085674,False,Negative,Positive,Uncoded
on the way downtown 4 10 hours of dance tech and dress rehearsals yay,0,1,0.9445709093131338,0.9445709093131338,False,Negative,Positive,Uncoded
due to a horrible coffee miscommunication i went from this to this d in only 3 seconds,1,0,0.07878292780969129,0.9212170721903087,False,Positive,Negative,Uncoded
going to make some oatmeal yum,0,1,0.9595330697031154,0.9595330697031154,False,Negative,Positive,Uncoded
noo am not lyk dudde how can u not like her,1,0,0.03985894199041022,0.9601410580095898,False,Positive,Negative,Uncoded
i seriously had a panic attack when you said you were coming back i really hope i hate that i love you 2 wins,1,0,0.046411348782948315,0.9535886512170517,False,Positive,Negative,Uncoded
can't believe it's my last day in honolulu wish i had more time gonna miss this place,1,0,0.0021162998522131072,0.9978837001477869,False,Positive,Negative,Uncoded
ferris bueller that guys a professional first time seeing the film i love it already 'pretty in pink' now while doing geography h w,0,1,0.9312466007616578,0.9312466007616578,False,Negative,Positive,Uncoded
i'm with you on that one,0,1,0.9271052882596578,0.9271052882596578,False,Negative,Positive,Uncoded
is heading home need to rest only had 3 hours sleep last night,1,0,0.09233452623615834,0.9076654737638417,False,Positive,Negative,Uncoded
writing writing writing has to be in english so why don't do it here only a month to go to finish my paper no panic,1,0,0.048634847908677906,0.9513651520913221,False,Positive,Negative,Uncoded
yes,0,1,0.9402305369441872,0.9402305369441872,False,Negative,Positive,Uncoded
surprising am i that bad haha,0,1,0.9134928490953266,0.9134928490953266,False,Negative,Positive,Uncoded
i'd move into a mudhut if i could but none of the other crap i just like the mudhut,1,0,0.06908488046376951,0.9309151195362305,False,Positive,Negative,Uncoded
well stay safe and warm,0,1,0.9093423475300846,0.9093423475300846,False,Negative,Positive,Uncoded
can't wait for toy story 3,0,1,0.962644354472905,0.962644354472905,False,Negative,Positive,Uncoded
i hate my siblings always making me confused curse them v peace,1,0,0.04470768289240746,0.9552923171075925,False,Positive,Negative,Uncoded
i don't have any,1,0,0.02352171860694601,0.976478281393054,False,Positive,Negative,Uncoded
i am enjoying your online radio great am music ps just finished s 3 of the wire last night and watched you die,0,1,0.9261391351044883,0.9261391351044883,False,Negative,Positive,Uncoded
haha no chance jd is my fave drink by miles don't mind jim beam either they're just so 'spensive,0,1,0.907265856157618,0.907265856157618,False,Negative,Positive,Uncoded
anthem of the day quot kaskade your love is black quot bwahahahahaha hikz,0,1,0.9124496828154047,0.9124496828154047,False,Negative,Positive,Uncoded
i heart fail whale but no one can beat patrick star,1,0,0.07246269562086481,0.9275373043791352,False,Positive,Negative,Uncoded
why does my coffee cup need a refill every other minute today mayb i should stop drinking fail,1,0,0.02958823607823794,0.9704117639217621,False,Positive,Negative,Uncoded
i pulled over some dude selling a laptop thinking it may have been urs but it was some bullshit i tried,1,0,0.07799144663955844,0.9220085533604415,False,Positive,Negative,Uncoded
omg my mom already had her surgery and she's fine,1,0,0.09308415210760419,0.9069158478923958,False,Positive,Negative,Uncoded
it's not really a bad thing i just don't want to leave the house everything i need is already here,1,0,0.016538418400447723,0.9834615815995523,False,Positive,Negative,Uncoded
im pulling my dad out cause he wont leave,1,0,0.067031931939825,0.932968068060175,False,Positive,Negative,Uncoded
sat nite was amazing can't believe no more shows amp m amp gs thx 4 the bday kisses ur amazing amp the show was the best yet xo,0,1,0.9307301791213369,0.9307301791213369,False,Negative,Positive,Uncoded
i love you hunny i'll relief your stress wink,0,1,0.9719581100653784,0.9719581100653784,False,Negative,Positive,Uncoded
funny no suffering i can't even get into my journey through live with dmb as the soundtrack people will think i've lost it,1,0,0.060833723304455134,0.9391662766955449,False,Positive,Negative,Uncoded
mannnnn i'm bummed i'm not there but so proud of my team,1,0,0.09084391063213873,0.9091560893678613,False,Positive,Negative,Uncoded
doesn't want half term to end but wants to see mates again at school,1,0,0.02316325243849899,0.976836747561501,False,Positive,Negative,Uncoded
aw cassius missed me all day he won't leave me alone now but being gone most of the day was worth it definitively,1,0,0.04846625163835534,0.9515337483616446,False,Positive,Negative,Uncoded
i want to go to disneyland but i cant cause its like almost 2am o o and im in nor cal lame goodnight,1,0,0.042086723032838474,0.9579132769671616,False,Positive,Negative,Uncoded
oh no so sorry to hear was there not that long ago anything i can bring you,1,0,0.006655083436680097,0.9933449165633199,False,Positive,Negative,Uncoded
same but instead my mouth dropped open lol im missing that thomas,1,0,0.016206997386554862,0.9837930026134452,False,Positive,Negative,Uncoded
so true well i just had a shower now i'm going to grab some food to see me through the next few hours wish me luck,0,1,0.9495014111401392,0.9495014111401392,False,Negative,Positive,Uncoded
i used to have an explorer ran out of gas a few times college i left work about 10 30 last night,1,0,0.029909400451335173,0.9700905995486648,False,Positive,Negative,Uncoded
heey just got home from stockholm were with friends and had fun but it was sad that it rained,1,0,0.05952565025224854,0.9404743497477515,False,Positive,Negative,Uncoded
yeah you are so excited coz next month u'll be on holiday,0,1,0.9475572158554939,0.9475572158554939,False,Negative,Positive,Uncoded
that female jogger was weird you're my fave rx dj next to delamar yay haha,0,1,0.9758265378409069,0.9758265378409069,False,Negative,Positive,Uncoded
they all sold out already but i can try to get them from a store for you,1,0,0.04364507841720894,0.9563549215827911,False,Positive,Negative,Uncoded
i'll show you pictures,0,1,0.9549753535097523,0.9549753535097523,False,Negative,Positive,Uncoded
i love the venture bros so much,0,1,0.9085107261030918,0.9085107261030918,False,Negative,Positive,Uncoded
another loser i just lost the game,1,0,0.03528154278182794,0.9647184572181721,False,Positive,Negative,Uncoded
lol if i only can stay up a few more hours i keep missing tila's last posts,1,0,0.04973513327772011,0.9502648667222799,False,Positive,Negative,Uncoded
fuck im sorry you should of said something lol like fuck off dbag,1,0,0.09760945247213329,0.9023905475278667,False,Positive,Negative,Uncoded
interesting congrats on the engagement come makan with us la one day,0,1,0.967645535622963,0.967645535622963,False,Negative,Positive,Uncoded
you're tied together with a smile but your coming undone,0,1,0.9567912067812692,0.9567912067812692,False,Negative,Positive,Uncoded
omg the weather sucks in nyc today,1,0,0.04144492867673951,0.9585550713232605,False,Positive,Negative,Uncoded
finally god helped me in identifying if i was in love and the answer is quot no quot,0,1,0.9027989389970488,0.9027989389970488,False,Negative,Positive,Uncoded
remember you passsssssword pls,0,1,0.9049957348278481,0.9049957348278481,False,Negative,Positive,Uncoded
playradioplay i want to be dead,1,0,0.08304439053284304,0.9169556094671569,False,Positive,Negative,Uncoded
just checking,0,1,0.9269516169703256,0.9269516169703256,False,Negative,Positive,Uncoded
dang missed it,1,0,0.005656965401311688,0.9943430345986883,False,Positive,Negative,Uncoded
i think i just threw up a little in my mouth,1,0,0.08087229443047635,0.9191277055695236,False,Positive,Negative,Uncoded
watching on tv there's so hot outside and my legs hurt i've just walk too much for one day i guess,1,0,0.046433133461447534,0.9535668665385525,False,Positive,Negative,Uncoded
wish i could,1,0,0.0008038897800743912,0.9991961102199256,False,Positive,Negative,Uncoded
sorry my replay was to dreamyeyes,1,0,0.046929074562233795,0.9530709254377662,False,Positive,Negative,Uncoded
saying goodbye now,1,0,0.057300113151135465,0.9426998868488645,False,Positive,Negative,Uncoded
i am starving and still have 1 5 hrs to go and nothing here can you give me something of your brunch,1,0,0.07726111088834516,0.9227388891116548,False,Positive,Negative,Uncoded
eyesight returning still light sensitive but i can read the iphone properly now couldn't when i got up two hours ago,1,0,0.0325802749423588,0.9674197250576412,False,Positive,Negative,Uncoded
i can't live the rock and roll lifestyle like you,0,1,0.9124713070498128,0.9124713070498128,False,Negative,Positive,Uncoded
sure does bring on fedor,0,1,0.9036081917963432,0.9036081917963432,False,Negative,Positive,Uncoded
just weighed in i didn't gain like i thought i was going to lost a pound only one but that's okay,1,0,0.05795856582359295,0.9420414341764071,False,Positive,Negative,Uncoded
cuddles no be sad here have a aniseed ball,1,0,0.027156315065586578,0.9728436849344134,False,Positive,Negative,Uncoded
good for you have fun girl,0,1,0.9914013958507706,0.9914013958507706,False,Negative,Positive,Uncoded
yea stupid guys ugh,1,0,0.015247983177983487,0.9847520168220165,False,Positive,Negative,Uncoded
lol that sucks so much that i don't know where to start,1,0,0.03948323538013048,0.9605167646198696,False,Positive,Negative,Uncoded
haz not been on twitr in long tiemz i r sorry for neglecting u tiwtr hstry exam wuz gd i r happy accounts exam will b fail gdtiemz,1,0,0.07130399276230978,0.9286960072376902,False,Positive,Negative,Uncoded
all garden veggies doing great potatoes are about 18 quot tall gt gt gt time to do a little weeding not my favorite chore,0,1,0.9206644395667076,0.9206644395667076,False,Negative,Positive,Uncoded
lets make the headlineeeeeeeeeeesss saudades das spice,0,1,0.9168392077163894,0.9168392077163894,False,Negative,Positive,Uncoded
sun started to shine after i got home from the golf course happy midsummer for everyone anyway,0,1,0.9343764101920075,0.9343764101920075,False,Negative,Positive,Uncoded
fun pics how are ya lovely rabid love bunny misses you,0,1,0.9426613804376052,0.9426613804376052,False,Negative,Positive,Uncoded
very true i'm well protected though so i smile to that,0,1,0.932173218941952,0.932173218941952,False,Negative,Positive,Uncoded
yay rsyncs going slowly again,0,1,0.954123087853065,0.954123087853065,False,Negative,Positive,Uncoded
gutted i missed most of the game damn revision good game from what i saw in the last 15 mins,1,0,0.02055193461207137,0.9794480653879286,False,Positive,Negative,Uncoded
off to the dentist,1,0,0.09160330764284003,0.90839669235716,False,Positive,Negative,Uncoded
gentle pat on the back try ginger that helps me sometimes,0,1,0.9230035450144023,0.9230035450144023,False,Negative,Positive,Uncoded
wish i could be home watching the tonys but instead i have to finish my work day,1,0,0.053151544194101105,0.9468484558058989,False,Positive,Negative,Uncoded
omg i want holiday still some boring days to go,1,0,0.08444560115348579,0.9155543988465142,False,Positive,Negative,Uncoded
argh no i can't find it can you send me the link,1,0,0.029474355737105374,0.9705256442628947,False,Positive,Negative,Uncoded
i'm need to to my homework but i'm hate it just more 2 weeks,1,0,0.029471835492684034,0.9705281645073159,False,Positive,Negative,Uncoded
omggg thanks alot love you sex oxoxoxo lt 3,0,1,0.9429509137583592,0.9429509137583592,False,Negative,Positive,Uncoded
i don't have any bike plate,1,0,0.07575277433226071,0.9242472256677393,False,Positive,Negative,Uncoded
off to do 1 000 chores yay have a great day everyone,0,1,0.9814150270274601,0.9814150270274601,False,Negative,Positive,Uncoded
yay as all who choose to not do right even the one i voted for this time thank you and follw ur happy,0,1,0.9908400973205529,0.9908400973205529,False,Negative,Positive,Uncoded
the ny times needs a lesson on how much tweeting is too much they just lost a follower not that they care,1,0,0.06677013647433726,0.9332298635256627,False,Positive,Negative,Uncoded
big hugs to never meant to upset you,1,0,0.09922188846727492,0.9007781115327251,False,Positive,Negative,Uncoded
if only i wasn't so far away x,1,0,0.012460105167002602,0.9875398948329974,False,Positive,Negative,Uncoded
sitting at home watching your reruns and following tweets exciting night,0,1,0.9453801982950495,0.9453801982950495,False,Negative,Positive,Uncoded
it's almost time to go home and so much work left to be done,1,0,0.08411986594136425,0.9158801340586358,False,Positive,Negative,Uncoded
hehe i couldn't resist amp nope i'm not at work yet but will be soon,0,1,0.9365480168268819,0.9365480168268819,False,Negative,Positive,Uncoded
oh ok and ok lol well off to dinner with lol,0,1,0.9514996675921854,0.9514996675921854,False,Negative,Positive,Uncoded
sanctuarysunday good morning keep tweeting we've fallen from 5th place,0,1,0.9275133397579385,0.9275133397579385,False,Negative,Positive,Uncoded
y thank you ive been told as much too bad u didn't work earlier i wouldve come down and said hi,1,0,0.07683749610460328,0.9231625038953968,False,Positive,Negative,Uncoded
only you tube is not enough to me need a cd for my car jimmy music full volume how about this,1,0,0.08686614782271548,0.9131338521772845,False,Positive,Negative,Uncoded
just saw the most amazingly shaped woman at the mall thick women never make eye contact with me when i smile at them,0,1,0.9095161370061964,0.9095161370061964,False,Negative,Positive,Uncoded
haha such a random thing for edward cullen to say they should've put in quot breakfast time for the human quot that was my fave line,0,1,0.9109138864418496,0.9109138864418496,False,Negative,Positive,Uncoded
today again shopping with my looovely friends have to be sparing why does the money goes so fast but the days of the month not,1,0,0.059432570150279085,0.9405674298497209,False,Positive,Negative,Uncoded
w 297 3 more to go randy johnson don't rain tomorrow please amp i'm kinda bummed we can't perform next friday,1,0,0.09029245008750361,0.9097075499124964,False,Positive,Negative,Uncoded
i 4got u were working 2night i shoulda stayed up there,1,0,0.08948004353190485,0.9105199564680951,False,Positive,Negative,Uncoded
my dog tried to jump the walls of my fort and nearly fell off i had to save her,1,0,0.0877818754618636,0.9122181245381364,False,Positive,Negative,Uncoded
am home with the family wet cos of the rain got a call from dad on the bus cos my mum got worried that i wasnt home yet isnt she sweet,1,0,0.0548771901368338,0.9451228098631662,False,Positive,Negative,Uncoded
unfortunately not i am running bad these days but i'll be fine,1,0,0.0708103215244134,0.9291896784755866,False,Positive,Negative,Uncoded
finishing a site audit doing link building and working on proposals though feels like the day hasn't even started yet and it's monday,1,0,0.09196743839316518,0.9080325616068348,False,Positive,Negative,Uncoded
hahha be nice,0,1,0.9300432470219171,0.9300432470219171,False,Negative,Positive,Uncoded
school's almost over gonna be gone for a few days got so many parties to go to,1,0,0.06933323921822682,0.9306667607817731,False,Positive,Negative,Uncoded
sorry sorry again,1,0,0.02638469947444892,0.9736153005255511,False,Positive,Negative,Uncoded
no we got to the tattoo place 2 late but we r going this weekend woot woot,0,1,0.9003714785174157,0.9003714785174157,False,Negative,Positive,Uncoded
i'm headed back to work now and i already miss my amazingly gorgeous girlfriend she's all mine now i keep her,1,0,0.07001633819694561,0.9299836618030544,False,Positive,Negative,Uncoded
phone has stopped working again no more worrying about people texting me back,1,0,0.008365753568358208,0.9916342464316418,False,Positive,Negative,Uncoded
ugh sats are going to suck but relay for life after,1,0,0.08346931414473371,0.9165306858552663,False,Positive,Negative,Uncoded
about to make thank you cards,0,1,0.9607891885023999,0.9607891885023999,False,Negative,Positive,Uncoded
spoiled emily's awesome saussage pasta thing,0,1,0.9594692761426973,0.9594692761426973,False,Negative,Positive,Uncoded
on the phone with london our online post facility there is creating the opening credit sequence what name shall i use decisions,0,1,0.9104517922675113,0.9104517922675113,False,Negative,Positive,Uncoded
right ok already had that i'm sorry i thought i missed something else i didn't mean to look dense,1,0,0.09208597994592657,0.9079140200540734,False,Positive,Negative,Uncoded
i hear steven hawking is beginning to regret that he forgot to renew his norton antivirus subscription last week,1,0,0.07442440927588788,0.9255755907241121,False,Positive,Negative,Uncoded
poor girl i hear ya,1,0,0.04396592009140117,0.9560340799085988,False,Positive,Negative,Uncoded
yeah i just follow famous people because i'm cool like that submitting to society's celebrity dominated attitudes pet,0,1,0.9607878934552548,0.9607878934552548,False,Negative,Positive,Uncoded
almost finished with studying yay for reviewing afterward,0,1,0.9124219753494025,0.9124219753494025,False,Negative,Positive,Uncoded
cu soon hope you'll f,0,1,0.928690385904593,0.928690385904593,False,Negative,Positive,Uncoded
i love that dog,0,1,0.9066935426578757,0.9066935426578757,False,Negative,Positive,Uncoded
wonderful i ll be slogging at 9 you get up at 9 eh,0,1,0.9028634216674183,0.9028634216674183,False,Negative,Positive,Uncoded
lol,0,1,0.9848921840750716,0.9848921840750716,False,Negative,Positive,Uncoded
ouch i'll go check out oh if you start getting nailed i got your back lol,0,1,0.9364080312409524,0.9364080312409524,False,Negative,Positive,Uncoded
sorry that was rude please invite me,1,0,0.044770968845315416,0.9552290311546846,False,Positive,Negative,Uncoded
not even a raisin,1,0,0.08780287103312132,0.9121971289668787,False,Positive,Negative,Uncoded
doh is lame 2 reschedule the concert is lame no way i'm not here on 17 davids don't have n1h1 i won't mind having d's virus though,1,0,0.016389723376262214,0.9836102766237378,False,Positive,Negative,Uncoded
oh i miss that wiggle feeling not enough to do it again at this point in my life but i miss it just the same,1,0,0.006733076044102645,0.9932669239558973,False,Positive,Negative,Uncoded
the neti pot is the best thing i've found so far zyrtec kind of helps but after awhile i'll build up an immunity to that,0,1,0.9077962001023552,0.9077962001023552,False,Negative,Positive,Uncoded
i'm so nervous about my guitar exam tomorrow amp i can't believe i got sucked into twitter world ofc i pulled into it too,1,0,0.04668047757129655,0.9533195224287034,False,Positive,Negative,Uncoded
is looking at her florida photos yiipppppeee wish i was back there though,1,0,0.08007241984368121,0.9199275801563188,False,Positive,Negative,Uncoded
it s my last weeek of senior fucking year im sad but damn hellla happy,1,0,0.03831438533312141,0.9616856146668786,False,Positive,Negative,Uncoded
netball's cancelled,1,0,0.005665369783095798,0.9943346302169042,False,Positive,Negative,Uncoded
i didn't attend any lecture this year i just can't stay awake and focused,1,0,0.07226235915710033,0.9277376408428997,False,Positive,Negative,Uncoded
i'm tired u guuuuuys where was the weekend i lost it again grrr oh well at least its sunny outside,1,0,0.03994581086165625,0.9600541891383437,False,Positive,Negative,Uncoded
can but have to reconfirm tomorrow as the boy comes home tomorrow,1,0,0.06707005231244031,0.9329299476875597,False,Positive,Negative,Uncoded
i want kelly and zhen ni at my house now yesterday was awesome we should get together more often and drive the world crazy,0,1,0.9079130453147496,0.9079130453147496,False,Negative,Positive,Uncoded
guess not,1,0,0.03287121027518854,0.9671287897248114,False,Positive,Negative,Uncoded
time for you to relax then i'm out lunching amp shopping today even though it's raining,0,1,0.9118398715629279,0.9118398715629279,False,Negative,Positive,Uncoded
oh we've talked until he was red in the face lol my parents still haven't talked to me about sex so i am being proactive,1,0,0.07166664744449339,0.9283333525555066,False,Positive,Negative,Uncoded
sigh gotta get some work done this teeter hangup is not going to pay for itself later tweeple,1,0,0.08037300472468563,0.9196269952753143,False,Positive,Negative,Uncoded
tiredd and u and wha's your favourite song of the new record,0,1,0.9531866334860475,0.9531866334860475,False,Negative,Positive,Uncoded
thanks for the senior menu reminder haha,0,1,0.9898359427986574,0.9898359427986574,False,Negative,Positive,Uncoded
i miss freezing inside the lavvu even though i hated it and the people inside it,1,0,0.010857049880365056,0.9891429501196349,False,Positive,Negative,Uncoded
phe it's raining so hard here h8 it,1,0,0.08129212861977002,0.91870787138023,False,Positive,Negative,Uncoded
sigh what i wouldnt do to be at bamboozle right now,1,0,0.027701139774270855,0.9722988602257292,False,Positive,Negative,Uncoded
still seems like a pretty good run too bad atreyu i'm assuming it was him had to go and ruin it stupid horny males,1,0,0.06423643057285322,0.9357635694271468,False,Positive,Negative,Uncoded
i lt 3,0,1,0.9047036751293194,0.9047036751293194,False,Negative,Positive,Uncoded
derring1 tanya jolene wendywings many thx you all,0,1,0.9556863300245674,0.9556863300245674,False,Negative,Positive,Uncoded
sorry you are upset hope you feel better soon,1,0,0.010732172275033858,0.9892678277249661,False,Positive,Negative,Uncoded
good start to the family trip out with the slowness yay,0,1,0.9594195287490977,0.9594195287490977,False,Negative,Positive,Uncoded
cry kelly clarkson lt i love this song i can relate to it,0,1,0.924237938562292,0.924237938562292,False,Negative,Positive,Uncoded
makes me wish iwas still living in north wales,1,0,0.0881373017746142,0.9118626982253858,False,Positive,Negative,Uncoded
ouchy my back hurts can't sleep at least i had a pretty awesome day,1,0,0.07789156335828178,0.9221084366417183,False,Positive,Negative,Uncoded
g'day' all a gorgeous god made morn in fayetteville have u noticed fewer amp fewer tweeps saying g'mornin just jumping in 2 business,0,1,0.9226051468228544,0.9226051468228544,False,Negative,Positive,Uncoded
nahh i never hate i simply strongly dislike it,1,0,0.0820232934681843,0.9179767065318157,False,Positive,Negative,Uncoded
i dont feel disgusting today,1,0,0.008881128785769887,0.9911188712142301,False,Positive,Negative,Uncoded
wow i sold 2 bags last night say bye bye to tweet and linen trees,1,0,0.08813228635414369,0.9118677136458563,False,Positive,Negative,Uncoded
my hayfever has gone my stomach bug has gone my stomach still hurts banana phone reversed will be up very soon,1,0,0.004056850075119735,0.9959431499248803,False,Positive,Negative,Uncoded
thanks,0,1,0.9996426389244277,0.9996426389244277,False,Negative,Positive,Uncoded
need to go to the grocery store but can't decide which one based on the weekly ads life is complicated,1,0,0.06087483062619903,0.939125169373801,False,Positive,Negative,Uncoded
3 5 days sans internet while hanging around all over london with the girl doesn't look like i've missed much,1,0,0.0975387047683656,0.9024612952316344,False,Positive,Negative,Uncoded
wish i was going cruising with you guys but there are kids out there who need teachers please reschedule florida,1,0,0.06577702849104637,0.9342229715089536,False,Positive,Negative,Uncoded
about to go dj a private party but don't really wanna go haha why did it have to stop raining,1,0,0.011298438965027574,0.9887015610349724,False,Positive,Negative,Uncoded
i'm sick of sad songs i think someone should recomend something fun,1,0,0.05055863979801808,0.9494413602019819,False,Positive,Negative,Uncoded
thorpe park soon supposed to be in france now though bloody meetings stopping me from going gutted haha,1,0,0.02316411853998038,0.9768358814600197,False,Positive,Negative,Uncoded
bummer about no sightings in calidornia,1,0,0.015170592545651163,0.9848294074543489,False,Positive,Negative,Uncoded
was sad by india's defeat but finally some relief by the chocolate that i won i betted against india,1,0,0.09832123833422321,0.9016787616657768,False,Positive,Negative,Uncoded
i tried over and over and over it won't take me off and it won't let me send a direct message or maybe i'm doing it wrong,1,0,0.08432810133646611,0.9156718986635339,False,Positive,Negative,Uncoded
omg i am so jealous,1,0,0.06863438568459726,0.9313656143154028,False,Positive,Negative,Uncoded
my dad used to work at the rsc,1,0,0.08386411553464297,0.916135884465357,False,Positive,Negative,Uncoded
now i m at school and i m chatting with my bf s hehe so funny blubi,0,1,0.9819039274269568,0.9819039274269568,False,Negative,Positive,Uncoded
going to bed but i counted and it turns out i only have 15 more shifts to work yay,1,0,0.0882284431493805,0.9117715568506195,False,Positive,Negative,Uncoded
with megan i just cried a little hotel for dogs is a sad movie,1,0,0.03324031215742842,0.9667596878425716,False,Positive,Negative,Uncoded
super sad to see you have 2 leave last week we still love you here in wisconsin,1,0,0.04806131738729045,0.9519386826127095,False,Positive,Negative,Uncoded
is off to work on a sunday has the whole world gone mad,1,0,0.08058852226543316,0.9194114777345669,False,Positive,Negative,Uncoded
back to work at the nokia headquarters this time i'll pity them and not rip into how shitty their phones are,1,0,0.0028263791694741647,0.9971736208305259,False,Positive,Negative,Uncoded
i seriously just died quot before the storm quot oh my gosh miley is the guest i knew it aaaahhhh i cant get over it,1,0,0.06632825704879101,0.933671742951209,False,Positive,Negative,Uncoded
at work ugh is it 2pm yet,1,0,0.0714731634623762,0.9285268365376238,False,Positive,Negative,Uncoded
nooooo reddit's down t t at least i got to talk to last night,1,0,0.06540394168255906,0.934596058317441,False,Positive,Negative,Uncoded
faillllllllll whenever ur freee then,0,1,0.9164826692796453,0.9164826692796453,False,Negative,Positive,Uncoded
no cats dogs unfortunately just mops,1,0,0.029747549018683272,0.9702524509813167,False,Positive,Negative,Uncoded
u guys we'll have a blast i'll be enjoying the show from home,0,1,0.9591175681655427,0.9591175681655427,False,Negative,Positive,Uncoded
just left work,1,0,0.051948814949230995,0.948051185050769,False,Positive,Negative,Uncoded
sitting in bed wishing there was a man sleeping next to me instead of my bf sarah anyone got any single friends,1,0,0.08115311296207364,0.9188468870379264,False,Positive,Negative,Uncoded
i am missing gno tonight it has been one of those days,1,0,0.05717300909795429,0.9428269909020457,False,Positive,Negative,Uncoded
you're cycling tho' that's good healthy eating healthy and eating are a contradiction in terms,0,1,0.9351326772752196,0.9351326772752196,False,Negative,Positive,Uncoded
that's very true,0,1,0.9462301513695592,0.9462301513695592,False,Negative,Positive,Uncoded
no sleep yet i'm almost home i love nyc just not who i shared my time with good night morning fab tweeps,0,1,0.9268310800298354,0.9268310800298354,False,Negative,Positive,Uncoded
boy you have to come over i miss my little bro,1,0,0.08427806487120722,0.9157219351287927,False,Positive,Negative,Uncoded
at work,1,0,0.05012979443807357,0.9498702055619265,False,Positive,Negative,Uncoded
yay i have a stomachvirus,0,1,0.963539358456876,0.963539358456876,False,Negative,Positive,Uncoded
work needs to stop being lame ugh i hope theres no drama today only,1,0,0.011268578219998642,0.9887314217800014,False,Positive,Negative,Uncoded
awww poopily you know what helps comedy i prescribe father ted or maybe charlie brooker's screenwipe,0,1,0.9036558477890176,0.9036558477890176,False,Negative,Positive,Uncoded
too lazy to go to work,1,0,0.038743381149172404,0.9612566188508276,False,Positive,Negative,Uncoded
no wonder i would be too shall txt u tomoz i'm off to bed night night twitterpuss xxx,0,1,0.9352740875991576,0.9352740875991576,False,Negative,Positive,Uncoded
who is shee i wish i was that lucky,1,0,0.08513990584219484,0.9148600941578051,False,Positive,Negative,Uncoded
miss you,1,0,0.003376308070491776,0.9966236919295082,False,Positive,Negative,Uncoded
hahahaha your welcome p s i miss you,0,1,0.9103847116787941,0.9103847116787941,False,Negative,Positive,Uncoded
is missing the sun being stuck inside the quciker assignments are done the sooner i can enjoy the sun,1,0,0.021552575624940486,0.9784474243750595,False,Positive,Negative,Uncoded
so rob's a complete asshole he decides to leave cos his head hurt great i waited for nothing can you say pussy i mean him not meh,1,0,0.03293412825789056,0.9670658717421095,False,Positive,Negative,Uncoded
skins irritated it's pissing me off hope i can sleep tonight night,1,0,0.0650525358215811,0.9349474641784189,False,Positive,Negative,Uncoded
i know seriously the toe polish was chipped since like forever ago ugh need to tweeze and dye my hair but progress,1,0,0.0824183074899207,0.9175816925100793,False,Positive,Negative,Uncoded
i've stayed up way too late way too many nights in a row sorry harry potter i'm not reading you it is bedtime,1,0,0.08708408354375086,0.9129159164562491,False,Positive,Negative,Uncoded
bill likewise it was a pleasure next time we should spend more time talking ims09,0,1,0.9284479766157908,0.9284479766157908,False,Negative,Positive,Uncoded
qdoba in aspen co wish i could ski,1,0,0.07613978172873073,0.9238602182712693,False,Positive,Negative,Uncoded
feel better c's been teething all week amp its been rough,1,0,0.0675929945886082,0.9324070054113918,False,Positive,Negative,Uncoded
its good aye soon randwick will be open though i'm happy i caught up in bio it took an hour,0,1,0.9014286202137342,0.9014286202137342,False,Negative,Positive,Uncoded
cant wait for britains got talent final tonight i will be voting for diversity but i think susan boyle will win,0,1,0.9232794615625902,0.9232794615625902,False,Negative,Positive,Uncoded
that means quot she was going to explode quot i think my japanese is not so good,1,0,0.08114398487873264,0.9188560151212674,False,Positive,Negative,Uncoded
he's worth it,0,1,0.9496636420938229,0.9496636420938229,False,Negative,Positive,Uncoded
ok so i've lost the headphones oops i think all the dust work has flared my sinuses up,1,0,0.03053250759014426,0.9694674924098557,False,Positive,Negative,Uncoded
thank you could possibly email you x,0,1,0.9777466668873395,0.9777466668873395,False,Negative,Positive,Uncoded
omg i love conan wow the toilet water is blue huh that's pretty cool amp v fresh but in a few years u'll see all brown,0,1,0.958256502235629,0.958256502235629,False,Negative,Positive,Uncoded
my friend she grabs her boyfriend and everyone else she can find went to the rsl one last week it's bloody hard,1,0,0.07154931640578246,0.9284506835942176,False,Positive,Negative,Uncoded
i didnt lose my ipod nick had it lol,1,0,0.04581278905129921,0.9541872109487008,False,Positive,Negative,Uncoded
rave rolling star and sanctuary mix kick ass but ya no thanks for telling me that felt great,0,1,0.9022906498600687,0.9022906498600687,False,Negative,Positive,Uncoded
i'm only watching if you're gonna get naked,0,1,0.9073164399051986,0.9073164399051986,False,Negative,Positive,Uncoded
wait u r a sox fan man i thought u were cool go cubbies haha have a good show,0,1,0.9385513877915246,0.9385513877915246,False,Negative,Positive,Uncoded
lol you are correct elliott was the man i'm sure whatever he wrote would have been epic,0,1,0.9170040632821882,0.9170040632821882,False,Negative,Positive,Uncoded
why is it always so cold in my bed who wants to come snuggle,1,0,0.045048028081183335,0.9549519719188166,False,Positive,Negative,Uncoded
damn i was so hungry when i bought food that i forgot i was thawing out a porterhouse well i guess its steak for me tomorrow,1,0,0.03896152852648394,0.9610384714735161,False,Positive,Negative,Uncoded
i hate that song by eminem it sucks hairy balls,1,0,0.03945047723178217,0.9605495227682178,False,Positive,Negative,Uncoded
happy birthday sorry i couldnt come out tonight ive got way too much to do hope youve have a majorly wicked day loveyouxx,1,0,0.08587695321584574,0.9141230467841542,False,Positive,Negative,Uncoded
quot vagisil i'm itching to use that quot at least i make myself laugh,0,1,0.9203787441195252,0.9203787441195252,False,Negative,Positive,Uncoded
celebrating gideon's mom's bday later miss her havent seen her for 2 weeks and i miss gideon so much,1,0,0.025323758521271805,0.9746762414787282,False,Positive,Negative,Uncoded
if you look close to the platform in the center of the picture you can see much people,0,1,0.9162923319137333,0.9162923319137333,False,Negative,Positive,Uncoded
i'm fixing to go to bed sorry i missed you,1,0,0.07613182560969446,0.9238681743903056,False,Positive,Negative,Uncoded
1 2 mile run and 450 meter swim things are looking better and better laying off the bike today,0,1,0.922550005389114,0.922550005389114,False,Negative,Positive,Uncoded
frpt has been a hot stock don't have any idea where it goes from here no position but not bad for a mistake,1,0,0.05734230439734929,0.9426576956026507,False,Positive,Negative,Uncoded
no i dont think its bad and its very well edited too,1,0,0.05072360471896441,0.9492763952810356,False,Positive,Negative,Uncoded
okay wait,0,1,0.9006177797826933,0.9006177797826933,False,Negative,Positive,Uncoded
ebert's tf review cue a male choir singing the music of hell and have a kid bang pots n' pans together then use your imagination quot,0,1,0.9104961776720323,0.9104961776720323,False,Negative,Positive,Uncoded
oh no i missed you at the taste of syracuse we were there too too bad i didn't see you,1,0,0.00826376694357277,0.9917362330564272,False,Positive,Negative,Uncoded
i had to,1,0,0.038956187537652245,0.9610438124623477,False,Positive,Negative,Uncoded
is lying in my bed so cant go 2 sleep yet,1,0,0.09515860570081561,0.9048413942991844,False,Positive,Negative,Uncoded
thanks for the tips i'm definitly gonna invest in a steamer,0,1,0.9736520191729543,0.9736520191729543,False,Negative,Positive,Uncoded
woot day is done had a bowl of homemade strawberries yum now off to bed well soon anyway another early day tomorrow,0,1,0.9322369240681843,0.9322369240681843,False,Negative,Positive,Uncoded
yeah you would have had fin with it i wish i could have taken dads one,1,0,0.05829384794833751,0.9417061520516625,False,Positive,Negative,Uncoded
i love my 'let your hair down fridays' it's fun to laugh and play a bit plus cops is over,0,1,0.9641260776417582,0.9641260776417582,False,Negative,Positive,Uncoded
ugh woke up this morning amp could hardly breathe my throat was s swollen lol ahh thnk god 4 the theraflu idea,1,0,0.06565489441529057,0.9343451055847094,False,Positive,Negative,Uncoded
i never have good luck on answered,0,1,0.9042390217245029,0.9042390217245029,False,Negative,Positive,Uncoded
i go off honey its enough see you tomorrow i love you twitter bffs yayy,0,1,0.9518727064967056,0.9518727064967056,False,Negative,Positive,Uncoded
degree classification today just gotta keep the faith,0,1,0.949698613016866,0.949698613016866,False,Negative,Positive,Uncoded
investigation tomorrow night can't wait cheer carwash at 1,0,1,0.9030063531721307,0.9030063531721307,False,Negative,Positive,Uncoded
i know makes me miss my chance with the carter brothers thanks,1,0,0.0637051981614843,0.9362948018385157,False,Positive,Negative,Uncoded
no sleep for the wicked there is money to be made and dammit i'm going to make it,1,0,0.0953833558244326,0.9046166441755674,False,Positive,Negative,Uncoded
awnnnn so cutie i love you frank x xxx,0,1,0.9719188039540875,0.9719188039540875,False,Negative,Positive,Uncoded
need to pee need to pee need to pee also don't want to work today don't want to work today don't want to work today,1,0,0.012604464292518824,0.9873955357074812,False,Positive,Negative,Uncoded
is leaving a legacy nd fingerprints i want you to remeber me,1,0,0.06183539780841435,0.9381646021915857,False,Positive,Negative,Uncoded
i'll see you there,0,1,0.9469128111655628,0.9469128111655628,False,Negative,Positive,Uncoded
i miiiss you maay looove,0,1,0.9835860050937268,0.9835860050937268,False,Negative,Positive,Uncoded
lol thank youuu crossed fingers i'm actually quite nervous when you next innnnnn xxx,0,1,0.9451778385184536,0.9451778385184536,False,Negative,Positive,Uncoded
omggggggggggggggggggggggggggg i know who cares,0,1,0.9059558614710832,0.9059558614710832,False,Negative,Positive,Uncoded
im not but i like when im not getting texts all weekend i hope my summer isnt like this nemonemesis,1,0,0.07102244747751671,0.9289775525224833,False,Positive,Negative,Uncoded
good night tommorow is another big day at school but i will make it the best of it goodnight love ya bitches,0,1,0.9798633939284015,0.9798633939284015,False,Negative,Positive,Uncoded
remember hold on to all the moments and save them as memories and laugh often and enjoy life because all to soon it can be gone,0,1,0.9270536336172484,0.9270536336172484,False,Negative,Positive,Uncoded
meh i got mine from the apple store there was no stock issues for me lol,1,0,0.06016020531970836,0.9398397946802917,False,Positive,Negative,Uncoded
where are you lil buddy are you not working boooooo jk,1,0,0.05825987758228444,0.9417401224177155,False,Positive,Negative,Uncoded
damn i can't believe i missed flag day yesterday do you have a flag,1,0,0.05013175945172475,0.9498682405482752,False,Positive,Negative,Uncoded
fucking head ache text me,1,0,0.08277106205644782,0.9172289379435522,False,Positive,Negative,Uncoded
going to babysit but first pizzaaaa yay vegi ofcourse love y'all lt 3,0,1,0.9753618996239366,0.9753618996239366,False,Negative,Positive,Uncoded
this reading task was from hell the whole exam was like hell simple im gonna fail jeii,1,0,0.06783390234974297,0.932166097650257,False,Positive,Negative,Uncoded
not too bad for a thursday,1,0,0.09042878609298383,0.9095712139070162,False,Positive,Negative,Uncoded
is bored of work already the phones and printers are not working but yay for ribena xx,1,0,0.06015065683459373,0.9398493431654062,False,Positive,Negative,Uncoded
burnt crispy scorched and all those words for sunburn when will i learn im a ginge i dont tan,1,0,0.06390756901337609,0.9360924309866239,False,Positive,Negative,Uncoded
back in hk mums brthday dinner soooo tired shauns already crashed send me ur pins ppl i've got a temp bb still preper iphones,1,0,0.029604550637924987,0.970395449362075,False,Positive,Negative,Uncoded
if u wonderin y im not respondin to ya text messages cuz i know u been textin me my phone is broke so maybe i can get some work done,1,0,0.0782170330076877,0.9217829669923123,False,Positive,Negative,Uncoded
a sings you to sleep and tucks you in,0,1,0.9446487039557215,0.9446487039557215,False,Negative,Positive,Uncoded
sorry about your visuals being irritated,1,0,0.0318564530002161,0.9681435469997839,False,Positive,Negative,Uncoded
no worries i was so glad they added that song's live track version irony is i never heard it live i was outside venue,0,1,0.9061263277548998,0.9061263277548998,False,Negative,Positive,Uncoded
just got out the bed doing so studying for regents life sucks until the last day of school shit friday summer,1,0,0.02097845261512185,0.9790215473848781,False,Positive,Negative,Uncoded
i will give it a try i am a big wuss as well,0,1,0.939937676996521,0.939937676996521,False,Negative,Positive,Uncoded
oh thanks but i don't think it's to difficult isn't it,1,0,0.06463104500686402,0.935368954993136,False,Positive,Negative,Uncoded
fell asleep at 5 am yesterday amp just wokeup so gonna hav ceral watch kyle xy and then start bio had the worst dream about my chem exam,1,0,0.07030732954526765,0.9296926704547324,False,Positive,Negative,Uncoded
havent updated in a minute dang home internet is down feeling like watching some napolean dynamite amp eatin a dang quasadilla haha,1,0,0.0707527611200558,0.9292472388799442,False,Positive,Negative,Uncoded
i'm happy and unfortunately sunburned,1,0,0.08073867850666877,0.9192613214933312,False,Positive,Negative,Uncoded
bedtime insanity makes me albeit limitedly glad i'm not quite there yet,0,1,0.9242315559882005,0.9242315559882005,False,Negative,Positive,Uncoded
waddup dealing with 'life is not fair',1,0,0.04353976246984932,0.9564602375301506,False,Positive,Negative,Uncoded
it's friday and i'm excited for dinner at dolce tonight it's closing,0,1,0.9147778732372146,0.9147778732372146,False,Negative,Positive,Uncoded
thinks columbus kicks natti's ass i still miss houston though not going to take houston for granted anymore midwest is not for me,1,0,0.009375218568745722,0.9906247814312543,False,Positive,Negative,Uncoded
yeah yeah sis if you say so,0,1,0.912034557957884,0.912034557957884,False,Negative,Positive,Uncoded
hey david been waiting for twit for me hahaha,0,1,0.9031561489070494,0.9031561489070494,False,Negative,Positive,Uncoded
why am i not hearing said thunder oh wait cause im far as fuck from you thats why ughhhh come get me joshhhhhhyyyyyyy,1,0,0.045754201856996676,0.9542457981430034,False,Positive,Negative,Uncoded
broken monitor 17 quot samsung flat port moody coquitlam it looks good but doesn't work thanks,1,0,0.04328401976011563,0.9567159802398844,False,Positive,Negative,Uncoded
i miss my boo thaaaaang,1,0,0.0006648257252807744,0.9993351742747192,False,Positive,Negative,Uncoded
is finally home what a week so glad it's over so glad,0,1,0.9550390522488421,0.9550390522488421,False,Negative,Positive,Uncoded
wow john gotta new phone hey it's about time but 2 more days,0,1,0.9394909784287888,0.9394909784287888,False,Negative,Positive,Uncoded
we are good people you and i,0,1,0.9567631392891084,0.9567631392891084,False,Negative,Positive,Uncoded
thank you unfortunately i can't not work as it's for my uni end of year show but i will later,1,0,0.09086116245402896,0.909138837545971,False,Positive,Negative,Uncoded
happy monday huh,0,1,0.9858227642963939,0.9858227642963939,False,Negative,Positive,Uncoded
late night studdying can't wait for tuesday,0,1,0.936681051632587,0.936681051632587,False,Negative,Positive,Uncoded
ouch not fun getting sick take care and get some more rest,1,0,0.053405585719086365,0.9465944142809136,False,Positive,Negative,Uncoded
i didn't have to scrape much today i really really want to write right now i have the dancing scene written out in my head,1,0,0.047429702805811345,0.9525702971941886,False,Positive,Negative,Uncoded
reaaaallly wants to be in anaheim right no lt 3,1,0,0.0973356090760901,0.9026643909239099,False,Positive,Negative,Uncoded
aw i know what you mean just make yourself something to drink and go watch some sappy love movies haha,0,1,0.9588158599586581,0.9588158599586581,False,Negative,Positive,Uncoded
that's really scary there was one other page about numbers but i don't remember it that was even more scary,1,0,0.08509272183677245,0.9149072781632276,False,Positive,Negative,Uncoded
i can't sleep either,1,0,0.030271849284898723,0.9697281507151013,False,Positive,Negative,Uncoded
hey i resemble that remark hhrs tcot hcb,0,1,0.9081490778660262,0.9081490778660262,False,Negative,Positive,Uncoded
and my bank won't shut down i have had 8 in the past 19 years but only opened one account they keep getting acquired by others,1,0,0.058532571444659134,0.9414674285553408,False,Positive,Negative,Uncoded
i just went out in the pouring rain and scrubbed my truck who needs hoses nowadays,1,0,0.0961429067888663,0.9038570932111337,False,Positive,Negative,Uncoded
you don't need that girl,0,1,0.948437060550601,0.948437060550601,False,Negative,Positive,Uncoded
almost got busted for speeding though talbotville last night officer didn't want to write out my last name so let me go with a warning,1,0,0.057755326793458794,0.9422446732065413,False,Positive,Negative,Uncoded
help needed black hat forum ukescuba's avatar ukescuba ukescuba is online now joomla seo pro join,0,1,0.9267200000784461,0.9267200000784461,False,Negative,Positive,Uncoded
i crayed alot watching dukan shehata,0,1,0.9454067460578386,0.9454067460578386,False,Negative,Positive,Uncoded
i am bummed i didn't see ya yesterday but we will have a grand friendship renewal when you come back,1,0,0.07334277021953409,0.9266572297804659,False,Positive,Negative,Uncoded
don't want to go back to college but it'll be 2 days then,1,0,0.03984995258028346,0.9601500474197165,False,Positive,Negative,Uncoded
haha awesome xx 12 days till a science for me xx,0,1,0.9362663767670799,0.9362663767670799,False,Negative,Positive,Uncoded
it wasn't stupid but muy evil and the ending was madd crazy i'm so scared to go to sleep now ima bout to get my baby,1,0,0.029174877210061918,0.970825122789938,False,Positive,Negative,Uncoded
hates the weather work then,1,0,0.03185765608908321,0.9681423439109168,False,Positive,Negative,Uncoded
tip 2 at the very least make sure the bottle top is on securely and tightly,0,1,0.9012283855807113,0.9012283855807113,False,Negative,Positive,Uncoded
shes letting me workk,1,0,0.08460879510319261,0.9153912048968074,False,Positive,Negative,Uncoded
sorry i haven't had a chance to look at all yet the curse of working full time it will be slow moving i'm afraid,1,0,0.049096533580452226,0.9509034664195478,False,Positive,Negative,Uncoded
sniffling and coughing sick sick want to get better,1,0,0.005612149426582556,0.9943878505734175,False,Positive,Negative,Uncoded
the mall with char and ron,0,1,0.9156886330416084,0.9156886330416084,False,Negative,Positive,Uncoded
where is the link i dont see it,1,0,0.07510619501462819,0.9248938049853718,False,Positive,Negative,Uncoded
can't wait to hear all those levi stories from this weekend aha i've missed you,0,1,0.9184177139433303,0.9184177139433303,False,Negative,Positive,Uncoded
gal2 20 i have been crucified w christ amp i no longer live but christ lives in me live today as if u truly died 2 self amp live as christ,1,0,0.08577826568547273,0.9142217343145272,False,Positive,Negative,Uncoded
lets swap the quot following quot ha i crack my self up,0,1,0.9486440786849496,0.9486440786849496,False,Negative,Positive,Uncoded
no i do not,1,0,0.02459080463423102,0.975409195365769,False,Positive,Negative,Uncoded
like i sad be careful while playing bball,1,0,0.07292002150635153,0.9270799784936484,False,Positive,Negative,Uncoded
sunburnt happy mothers day to all you mommas,0,1,0.9347258941427011,0.9347258941427011,False,Negative,Positive,Uncoded
you have me and,0,1,0.9534643398107312,0.9534643398107312,False,Negative,Positive,Uncoded
ff to my favorite restaurant so far away have awesome weekly specials amp fun tweet ups great crowd a place to be seen,0,1,0.9156363013523613,0.9156363013523613,False,Negative,Positive,Uncoded
finally home amp now im to tired to do homework i seriously need to stop going out starting next week,1,0,0.05870160562645198,0.941298394373548,False,Positive,Negative,Uncoded
what sorts of horrible images,1,0,0.06981230962806026,0.9301876903719397,False,Positive,Negative,Uncoded
i tell my dog that too but then i feel bad so i get up,1,0,0.08378423398722576,0.9162157660127742,False,Positive,Negative,Uncoded
my hubby is so cool he is my designated driver 2nite cant wait 2 hang out w my girl who will soon b moving 2 texas,0,1,0.9259749387390187,0.9259749387390187,False,Negative,Positive,Uncoded
lt 3 going shopping later after get a much needed nap alch orange pixy dead body,0,1,0.918846019538045,0.918846019538045,False,Negative,Positive,Uncoded
wow i don't believe it but my phone can't be lying sutherland now has 3g,1,0,0.08808113282828131,0.9119188671717187,False,Positive,Negative,Uncoded
bout 2 get off this bfo my whole dam day is gone lolz how u been,1,0,0.0611276330599377,0.9388723669400623,False,Positive,Negative,Uncoded
cut my hair party lata idk i feel lik sleepin in da a c been up since 5a m smh,1,0,0.08754715482273352,0.9124528451772664,False,Positive,Negative,Uncoded
is about to go and watch the boys play football in celebration of getting older happy dayz,0,1,0.9037490976001031,0.9037490976001031,False,Negative,Positive,Uncoded
at home playing with jadon he lost his first tooth today and then he literally lost it now he's scared the tooth fairy won't come,1,0,0.029031687289342956,0.9709683127106571,False,Positive,Negative,Uncoded
home cleaning laundry relaxing but wishing someone was here with me,1,0,0.05306302337768437,0.9469369766223157,False,Positive,Negative,Uncoded
i never went to see it bc i was like not its going to be bored or something like godzilla n so but it isnt,1,0,0.061707913107336254,0.9382920868926637,False,Positive,Negative,Uncoded
i'm not as depressed at before my friends are making me feel much better,1,0,0.05682280564374912,0.9431771943562509,False,Positive,Negative,Uncoded
why,1,0,0.007010777479846043,0.992989222520154,False,Positive,Negative,Uncoded
leavin ruts behind single drops tomorrow no joke,1,0,0.048266387798355494,0.9517336122016445,False,Positive,Negative,Uncoded
1 you're totally not sorry 2 why is it a magic phone,1,0,0.06899031166809201,0.931009688331908,False,Positive,Negative,Uncoded
girl i really wish we were friends,1,0,0.035469803086891544,0.9645301969131085,False,Positive,Negative,Uncoded
awww man you're making me want mexican food and i'm supposed to be avoiding it,1,0,0.09717662565027899,0.902823374349721,False,Positive,Negative,Uncoded
how good are the veronicas,0,1,0.9621222333474353,0.9621222333474353,False,Negative,Positive,Uncoded
cant wait for my bed,0,1,0.9026122535268406,0.9026122535268406,False,Negative,Positive,Uncoded
well it never hurts to try yeah i don't think they'll understand though they'll be like how stupid is this fan,1,0,0.08905715593126218,0.9109428440687378,False,Positive,Negative,Uncoded
finally online and im really sorry to that person,1,0,0.08115041399634992,0.9188495860036501,False,Positive,Negative,Uncoded
while i actually considered staying up and watching raw i won't i'm just so tired good night,0,1,0.9061522672300464,0.9061522672300464,False,Negative,Positive,Uncoded
you can't,0,1,0.9294527367143814,0.9294527367143814,False,Negative,Positive,Uncoded
i would hope you did not hate be's,1,0,0.04575653734215805,0.954243462657842,False,Positive,Negative,Uncoded
ha ha ha cap doffed okay you are right camping in the cotwolds again for me,0,1,0.9173372635582016,0.9173372635582016,False,Negative,Positive,Uncoded
no i haven't i'm running out of tea though and i haven't had a chance to run by the local tea shop in ages can't hurt to try,1,0,0.02798181239281631,0.9720181876071837,False,Positive,Negative,Uncoded
left home this morning without my iphone spent an entire day outdoors without cell internet texts etc it was awesome,1,0,0.08434015379275042,0.9156598462072496,False,Positive,Negative,Uncoded
sad sooo many laker haters lost 4 followers yesterday after my string of laker nba championship tweets where's the love,1,0,0.043963710020982524,0.9560362899790175,False,Positive,Negative,Uncoded
i retract those fashion tips oops,0,1,0.9307203506664715,0.9307203506664715,False,Negative,Positive,Uncoded
off to camp but i have lots of homework when i get back fml go lakers,1,0,0.08228187128718945,0.9177181287128106,False,Positive,Negative,Uncoded
sitting around doing nothing is so much more depressing when it's rainy someone make the bad weather stop,1,0,0.0069333931332306266,0.9930666068667694,False,Positive,Negative,Uncoded
ok so i need to tidy my room go to the shops for t shirts so i don't melt in wrk but i wanna sit in the sun all day decisions decisons,1,0,0.08779300899279986,0.9122069910072002,False,Positive,Negative,Uncoded
have to log out i have a terrible headache see you in a while,1,0,0.06444295227063485,0.9355570477293651,False,Positive,Negative,Uncoded
still tired from last night and still cant believe it,1,0,0.08218302129643998,0.91781697870356,False,Positive,Negative,Uncoded
hey there i'd like to ask the same question coz' i think i can pretty relate to the lines of the song,0,1,0.9488653615362773,0.9488653615362773,False,Negative,Positive,Uncoded
bought 'homesick' tonight they didn't have amity affliction's album oh well listens to music,1,0,0.06646461611724601,0.933535383882754,False,Positive,Negative,Uncoded
i wish i could say a tornado wouldnt keep me from new kids but it did out at the beach steph,1,0,0.07602559739074007,0.9239744026092599,False,Positive,Negative,Uncoded
awww we miss you guys,1,0,0.02359638815860008,0.9764036118413999,False,Positive,Negative,Uncoded
is excited to spend some time with the most amazing mom in the world my mom my bestest will be here soon amp i cant wait no golf though,0,1,0.942413704542248,0.942413704542248,False,Negative,Positive,Uncoded
kidhar haan m sorry had to leave did i hurt u by quitting suddenly,1,0,0.01579377583901053,0.9842062241609895,False,Positive,Negative,Uncoded
well done hope i get something similar s,0,1,0.9498089621529753,0.9498089621529753,False,Negative,Positive,Uncoded
sounds lovely i on the other hand have to go back to school can't believe i took a five days off to see you recover mom's not happy,1,0,0.06284545072313832,0.9371545492768617,False,Positive,Negative,Uncoded
so you wouldn't reply to my gorgeous hot pink shoe then,0,1,0.9233992180252711,0.9233992180252711,False,Negative,Positive,Uncoded
chipmunk has gone to his rightful home missing the pitter patter of 4 feet,1,0,0.08248330397418986,0.9175166960258101,False,Positive,Negative,Uncoded
maybe one day i can be on your favorite producers list lol,0,1,0.9272120979964246,0.9272120979964246,False,Negative,Positive,Uncoded
kick arse tonight m'boy i'm off to a dinner,0,1,0.9140979006332877,0.9140979006332877,False,Negative,Positive,Uncoded
hey just found out that quot the video is no longer available due to a copyright claim by home box office inc quot sorry,1,0,0.07950043804090076,0.9204995619590992,False,Positive,Negative,Uncoded
night night early morning andrea and i are taking baba out for gido's birthday,0,1,0.9176152010282476,0.9176152010282476,False,Negative,Positive,Uncoded
wow you going to do me like that with the preach cobber,0,1,0.904203258417971,0.904203258417971,False,Negative,Positive,Uncoded
ooo mmmm guacamole he says in his best homer simpson voice thanks for the invite lol,0,1,0.9446693837715493,0.9446693837715493,False,Negative,Positive,Uncoded
they better not be out when i get there i need my fix,1,0,0.055143043286937775,0.9448569567130622,False,Positive,Negative,Uncoded
aww i just seem to be getting worse stupid doctor wont do anything till i see specialist which is a month away,1,0,0.01339599294000415,0.9866040070599958,False,Positive,Negative,Uncoded
hey demi i wa just wondering if you have a profile page on bebo amp facebook because there are alot of people faking you x steph,0,1,0.9346603999055114,0.9346603999055114,False,Negative,Positive,Uncoded
back home again now its back to reality no sitting around no hanging out by the pool gee i'm kinda depressing myself,1,0,0.02754939509708853,0.9724506049029115,False,Positive,Negative,Uncoded
me too i can see subway from the window at work its literally across the road,1,0,0.09332127598602426,0.9066787240139758,False,Positive,Negative,Uncoded
i'm stupid i touched my eye while eating spicy doritos and spilled water all over myself trying to get some on my hand to put on my eye,1,0,0.09968949901696302,0.900310500983037,False,Positive,Negative,Uncoded
back at work xander and amy are doing great jakhob loves being a big brother looking forward to our roadtrip later this year rockets,0,1,0.9529616578870753,0.9529616578870753,False,Negative,Positive,Uncoded
going out tonight with family friends byee,0,1,0.9154235156486088,0.9154235156486088,False,Negative,Positive,Uncoded
i miss the heat of the desert,1,0,0.03041711690783442,0.9695828830921656,False,Positive,Negative,Uncoded
i seriously just need to get out of here for the day no grading for me tonight trishatime instead,1,0,0.09417051163001977,0.9058294883699802,False,Positive,Negative,Uncoded
i love this guy leedsunited,0,1,0.990229189860864,0.990229189860864,False,Negative,Positive,Uncoded
this is gona seem really sad but when i get my baby in november i wanna name it like a combination ov jb's names,1,0,0.06961925061723293,0.930380749382767,False,Positive,Negative,Uncoded
skooool i hope for some reason it is sooo much fun and like the best hehe,0,1,0.9672165219090173,0.9672165219090173,False,Negative,Positive,Uncoded
the weather is weird soooo hot but it keeps on raining,1,0,0.04775913154313409,0.952240868456866,False,Positive,Negative,Uncoded
well glad u did you should twitpic images though pic stealing might be an issue will peruse more amp follow your work,0,1,0.9698965570371169,0.9698965570371169,False,Negative,Positive,Uncoded
hey kids come to the petting zoo and then watch us grill up that llama you just befriended fun for the whole family,0,1,0.9321592556291902,0.9321592556291902,False,Negative,Positive,Uncoded
white pointy shoes haha and ah you got me excited about the enw drummer youre mean,0,1,0.9359255842167172,0.9359255842167172,False,Negative,Positive,Uncoded
haha a that sucks,1,0,0.05108366160806924,0.9489163383919308,False,Positive,Negative,Uncoded
sorry people my english is very bad but i've got a date today,1,0,0.06740683336521074,0.9325931666347893,False,Positive,Negative,Uncoded
oh no sorry to hear sending big cyber hugs your way,1,0,0.05341950523721432,0.9465804947627857,False,Positive,Negative,Uncoded
thank you,0,1,0.9990399619866072,0.9990399619866072,False,Negative,Positive,Uncoded
ha ha it always fixes itself when you publicly ask people if it's down,0,1,0.9044661527482972,0.9044661527482972,False,Negative,Positive,Uncoded
i know you should come visit again,0,1,0.9135502207065642,0.9135502207065642,False,Negative,Positive,Uncoded
mass effect 2 sw tor trailers look amazing can't wait to play them need to finish me1 first e3 masseffect starwars bioware,0,1,0.9545095798192325,0.9545095798192325,False,Negative,Positive,Uncoded
amp good diet tsk tsk tsk delicado isco always love the good stuff,0,1,0.9190436446778794,0.9190436446778794,False,Negative,Positive,Uncoded
not often no,1,0,0.08103156718027109,0.918968432819729,False,Positive,Negative,Uncoded
i hate today date worst date of every month last full day of school though,1,0,0.06901994778705492,0.9309800522129451,False,Positive,Negative,Uncoded
no isnt stupid see,1,0,0.00028379493314438053,0.9997162050668557,False,Positive,Negative,Uncoded
thanks,0,1,0.9996426389244277,0.9996426389244277,False,Negative,Positive,Uncoded
needs to eat p im hungry,1,0,0.0918044237945218,0.9081955762054782,False,Positive,Negative,Uncoded
sorry choc muffin no 's' i'm not a guts,1,0,0.027288273974781684,0.9727117260252183,False,Positive,Negative,Uncoded
d'oh anyway we're happy to know that you're coming back,0,1,0.9870464719379491,0.9870464719379491,False,Negative,Positive,Uncoded
i wondered why she didn't call me this morning,1,0,0.09276793112838336,0.9072320688716167,False,Positive,Negative,Uncoded
i'm pretty alright thanks but being lazy how's you,0,1,0.9622311144389295,0.9622311144389295,False,Negative,Positive,Uncoded
morning world i think the weekends booze is nearly out of poor unhealthy body i have absed my temple and am now paying for it lol,1,0,0.09935715405315176,0.9006428459468483,False,Positive,Negative,Uncoded
is behind watching wolverine star trek and even the pinoy films,0,1,0.9008590547064841,0.9008590547064841,False,Negative,Positive,Uncoded
no i can not,1,0,0.009295454109157237,0.9907045458908428,False,Positive,Negative,Uncoded
we already did this song lol,0,1,0.9086922771910132,0.9086922771910132,False,Negative,Positive,Uncoded
being very bored like normally cousin snoring on my bed and i cant go to sleep because she kicking me,1,0,0.04327395425063406,0.9567260457493659,False,Positive,Negative,Uncoded
haha i'm addicted already,0,1,0.9313840729741554,0.9313840729741554,False,Negative,Positive,Uncoded
after all this macy drama today was a pretty good day,0,1,0.9355031017995697,0.9355031017995697,False,Negative,Positive,Uncoded
my dear monica will r i p,0,1,0.9217656217281082,0.9217656217281082,False,Negative,Positive,Uncoded
haha hopefully i finish soon,0,1,0.9172097378215321,0.9172097378215321,False,Negative,Positive,Uncoded
gotta lunch even it's too late,1,0,0.08906698794775895,0.9109330120522411,False,Positive,Negative,Uncoded
got back home grr my legs hurt i hate high heels no actually i love them but still i hate them,1,0,0.026118252815189986,0.97388174718481,False,Positive,Negative,Uncoded
photo dedicated to babe,0,1,0.9347015779151822,0.9347015779151822,False,Negative,Positive,Uncoded
ahhh have a maths exam tomorow morning scary stuff maths is bad cant fail vote tom felton,1,0,0.019021596572857947,0.980978403427142,False,Positive,Negative,Uncoded
that doesn't regard me tonight there will be no time to be 'down',1,0,0.01851836985480167,0.9814816301451983,False,Positive,Negative,Uncoded
rolf sorry heather,1,0,0.057328884112767986,0.9426711158872321,False,Positive,Negative,Uncoded
i'm gonna be poor after donating money to kids oh well,1,0,0.09368233997282067,0.9063176600271793,False,Positive,Negative,Uncoded
just woke up my eyes are sore,1,0,0.06509230404787839,0.9349076959521216,False,Positive,Negative,Uncoded
hopefully it didn't look like someone blew a load on your face tho you'd have more explaining to do than me i think,1,0,0.09661528542422745,0.9033847145757725,False,Positive,Negative,Uncoded
listening to eagles call on catalina island they are almost ready to fledge,0,1,0.9278778911097723,0.9278778911097723,False,Negative,Positive,Uncoded
depends on the client website shows it correctly,0,1,0.9179047316142942,0.9179047316142942,False,Negative,Positive,Uncoded
sooo unbelievably tired sick of looking revision books n,1,0,0.025143838581023058,0.9748561614189769,False,Positive,Negative,Uncoded
aww thanks,0,1,0.9885907781440476,0.9885907781440476,False,Negative,Positive,Uncoded
its raining,1,0,0.025303683274076616,0.9746963167259234,False,Positive,Negative,Uncoded
i'm not in town that weekend but i can reserve the month of august to have dimsum with you,1,0,0.0666435359873662,0.9333564640126338,False,Positive,Negative,Uncoded
i'm sorry you're not feeling well hugs i did do a few jolivia banners not real satisfied with them will upload anyways lol,1,0,0.09411034776830156,0.9058896522316985,False,Positive,Negative,Uncoded
just got done writing a paper for my exam ugh how boring tho only 3 days of school left,1,0,0.09501281358425122,0.9049871864157488,False,Positive,Negative,Uncoded
thanks you for toy my human mama laughed when i showed her tweet about sewing so i think that maybe she can't,0,1,0.9218705370822928,0.9218705370822928,False,Negative,Positive,Uncoded
great idea but split screen is not optimal even on my ginormous plasma but then again i hate cable news too,1,0,0.03179198288985033,0.9682080171101497,False,Positive,Negative,Uncoded
the sun is shining and translation of a really cool german website makes life even better bersetzen,0,1,0.9846554090941421,0.9846554090941421,False,Negative,Positive,Uncoded
lily allen it's not fair orrrrrr the noisettes don't upset the rhythm,1,0,0.05933593048436604,0.940664069515634,False,Positive,Negative,Uncoded
that's a horrible ratio poor sadie hehe but it's still only 7 more days she has to be excited 1 2 done with hs right,1,0,0.0681911334116431,0.9318088665883569,False,Positive,Negative,Uncoded
is positive,0,1,0.9081238557312036,0.9081238557312036,False,Negative,Positive,Uncoded
everything is closed except hypermarkets and mcdonald's so i went to mcdonald's,1,0,0.048987188989157646,0.9510128110108423,False,Positive,Negative,Uncoded
looks like dad may be leaving this squarespace and going home today doc said things look good for a guy who had a mild heart attack,1,0,0.0787786913211919,0.9212213086788081,False,Positive,Negative,Uncoded
i was planning on coming but i got really sick and had surgery gall bladder dink said hit him up on myspace com biggdink,1,0,0.05603180265466275,0.9439681973453372,False,Positive,Negative,Uncoded
the bus i'm riding is creaking if it breaks down amp i don't make it somebody please have the jonas brothers sing at my funeral,1,0,0.09025800177333473,0.9097419982266652,False,Positive,Negative,Uncoded
no she isn't,1,0,0.02905314459597013,0.9709468554040299,False,Positive,Negative,Uncoded
goodie we miss you,1,0,0.09851011609357303,0.9014898839064269,False,Positive,Negative,Uncoded
hmmm party was okay meh raining now please stop i wanna go out xxxxxx,1,0,0.03784968728565217,0.9621503127143478,False,Positive,Negative,Uncoded
you are the best and thank you for the person you are amp all you do,0,1,0.9850186195636125,0.9850186195636125,False,Negative,Positive,Uncoded
no she's getting worse as she's always hungry she wasn't too bad last night tho,1,0,0.018310750164798432,0.9816892498352016,False,Positive,Negative,Uncoded
looks like it's gonna rain smells like it too,1,0,0.06604216045207452,0.9339578395479254,False,Positive,Negative,Uncoded
i cut my skin off my leg with a razor it hurt owww only fletcher can make it better make it better please xx,1,0,0.054449150980121375,0.9455508490198786,False,Positive,Negative,Uncoded
i've been trying to upload my newsp column in a blog but i only manage to upload 1 3 of them i think,1,0,0.08546849748042032,0.9145315025195797,False,Positive,Negative,Uncoded
jfufnfwucnbqjic im bored,1,0,0.07869892722193432,0.9213010727780657,False,Positive,Negative,Uncoded
i didn't know there could be a dance floor dancing to the cheers theme,0,1,0.9538720251466769,0.9538720251466769,False,Negative,Positive,Uncoded
who should i follow on twitter i only follow 21 people,0,1,0.9257358233102355,0.9257358233102355,False,Negative,Positive,Uncoded
nooo how can anyone want fed to lose i just want him to win the french so he has the set wimbers in 2 71 weeks,1,0,0.03852333926646569,0.9614766607335343,False,Positive,Negative,Uncoded
i got my head ache a while ago its cramping me off my bed grrr haha,1,0,0.06728533110580681,0.9327146688941932,False,Positive,Negative,Uncoded
omg my internet stopped working i turn on and then hear paranoid,1,0,0.044982768976028625,0.9550172310239714,False,Positive,Negative,Uncoded
aw hope the cut wasn't too bad,1,0,0.03734597019548172,0.9626540298045183,False,Positive,Negative,Uncoded
a 5th wireless ap for some reason i still haven't got around to my 1st,1,0,0.09242914641559768,0.9075708535844023,False,Positive,Negative,Uncoded
beach is nice fried like a lobster,0,1,0.9428997530674609,0.9428997530674609,False,Negative,Positive,Uncoded
the wheater is just 2 more weeks and then i will be 21 finally haha,0,1,0.913527529020473,0.913527529020473,False,Negative,Positive,Uncoded
i know just when i was starting to think this break up was gonna have me up all night tossin and turnin no ma'am,1,0,0.08954871777381165,0.9104512822261883,False,Positive,Negative,Uncoded
plants vs zombies is way more addictive than pirate poppers heh,0,1,0.922733000639503,0.922733000639503,False,Negative,Positive,Uncoded
i feel your pain sounds like a waking nightmare all gone now,1,0,0.008589317265078715,0.9914106827349213,False,Positive,Negative,Uncoded
ughhhh boreedddd wish i could be with mah soldier mmm lol,1,0,0.08428566418300264,0.9157143358169973,False,Positive,Negative,Uncoded
listening to power98 3 best slow jams show ever hands down shout out to my crew out in power,0,1,0.9104276014987146,0.9104276014987146,False,Negative,Positive,Uncoded
i love you,0,1,0.9370865056751565,0.9370865056751565,False,Negative,Positive,Uncoded
stupid computer nighty night sweet dreams i'll see u tomorrow night when i kidnap you can't wait,0,1,0.9763276392576454,0.9763276392576454,False,Negative,Positive,Uncoded
wow that's good i'm finished school now i don't have to go back until september except for when i have an exam,1,0,0.04689656267862873,0.9531034373213713,False,Positive,Negative,Uncoded
hey miley you come to brazil you're many fans here please you can answer me love your song x,0,1,0.907299914486158,0.907299914486158,False,Negative,Positive,Uncoded
300 updates actually 13 527 lol,0,1,0.9213661548868874,0.9213661548868874,False,Negative,Positive,Uncoded
is sick but ignoring it,1,0,0.006249923628475302,0.9937500763715247,False,Positive,Negative,Uncoded
naming and writing organic formulae gotta love chemistry,0,1,0.9018635511723889,0.9018635511723889,False,Negative,Positive,Uncoded
glad i could make your day are you saying you're going to tailgate me anyway dude,0,1,0.9473511971058406,0.9473511971058406,False,Negative,Positive,Uncoded
i know oh so bored i feel myself wanting to sleep most of the time i think i need to eat though that might make it worse,1,0,0.04178299850821552,0.9582170014917845,False,Positive,Negative,Uncoded
add me to that list too,0,1,0.9084226087757024,0.9084226087757024,False,Negative,Positive,Uncoded
is sleepy but has to do homework now ill twitter tmrw,1,0,0.03314742476822606,0.9668525752317739,False,Positive,Negative,Uncoded
sorry to hear about your knee hope it stops hurting soon,1,0,0.004135455858758623,0.9958645441412414,False,Positive,Negative,Uncoded
last day of subatheing before i go back to work i'm already brown love itttttt,1,0,0.09994059535174674,0.9000594046482533,False,Positive,Negative,Uncoded
i wish i was gunna be at the cws when was,1,0,0.02764934794758759,0.9723506520524124,False,Positive,Negative,Uncoded
in vegas i found mixed fruity drinks at the pool to make all worries and cares dissapear,0,1,0.9449113526427,0.9449113526427,False,Negative,Positive,Uncoded
bills cleaning last bit of packing saying bye to mom and dad huggling bff byebye slowly working towards departure,1,0,0.04500755085659488,0.9549924491434051,False,Positive,Negative,Uncoded
oh i see how it is ha ok well yeah we will hang out sometime soon,0,1,0.904498366601798,0.904498366601798,False,Negative,Positive,Uncoded
thanks man,0,1,0.9842727864773533,0.9842727864773533,False,Negative,Positive,Uncoded
hey beautiful people god blessed us to see another day so lets get it in and him proud magic lost there's always next year,0,1,0.9516154130853008,0.9516154130853008,False,Negative,Positive,Uncoded
is sad that robert patinson's twitter is under suspension fix it and let him come back although he rarely tweeted that's alright,1,0,0.09155690698511966,0.9084430930148804,False,Positive,Negative,Uncoded
aww why is she taking a friend that dont like them x,1,0,0.029542046387507688,0.9704579536124923,False,Positive,Negative,Uncoded
my poor kat is sick show some love i love you,1,0,0.01886447764168047,0.9811355223583196,False,Positive,Negative,Uncoded
ahahah bitch i ve to tell u that i ve written ahaha laughing with amp tellin her my problems,0,1,0.9033926252614777,0.9033926252614777,False,Negative,Positive,Uncoded
he got killed with only 5 of the vote and cried he's the worst,1,0,0.029682867891021224,0.9703171321089787,False,Positive,Negative,Uncoded
ok dde wtf does mosey on now mean k i boredd again any1 tht wants 2 follow me plz do omg my dog farted o o byz,1,0,0.06238606789279465,0.9376139321072053,False,Positive,Negative,Uncoded
having a badass stomachache going to bed nighty night,0,1,0.9106638889444298,0.9106638889444298,False,Negative,Positive,Uncoded
fox pro is going to kill me i hate high school so many curriculum ou please kill me someone,1,0,0.07725105263398611,0.9227489473660139,False,Positive,Negative,Uncoded
i want soooome,1,0,0.0014473894330380317,0.998552610566962,False,Positive,Negative,Uncoded
couch oh ok muay thai or maybe muay thai on the couch yay,0,1,0.9140201403633406,0.9140201403633406,False,Negative,Positive,Uncoded
girl i didn't laugh at that movie once that or bride wars and i love corny movies normally,0,1,0.9478038086355844,0.9478038086355844,False,Negative,Positive,Uncoded
really want alcohol 2nite but skint really bad times on the upside this time nxt week ill be partying in bangor,1,0,0.031038746344379475,0.9689612536556205,False,Positive,Negative,Uncoded
car's in the shop cell is in the bf's car and tomorrow it's going to rain oh yeah and i still need a job crap oh well,1,0,0.01991155607982991,0.9800884439201701,False,Positive,Negative,Uncoded
i know baby me too heyy i just posted a picture on here of dior wiat for it and look at it ahah shes chasing the,0,1,0.9188188879998929,0.9188188879998929,False,Negative,Positive,Uncoded
omw to get sinai i so miss him,1,0,0.03905809077927867,0.9609419092207213,False,Positive,Negative,Uncoded
ok that's so not cool guess i need to watch your tour schedule more wish i was there today,1,0,0.026397499314080718,0.9736025006859192,False,Positive,Negative,Uncoded
at work thinking about what i want to do about work lol i hope the rm doesn't show up this week,1,0,0.09053143803285502,0.909468561967145,False,Positive,Negative,Uncoded
yeah i do did mine last week and once again this week because some things didnt work as i wanted amp i h8 win,1,0,0.06542632199332128,0.9345736780066787,False,Positive,Negative,Uncoded
still not done,1,0,0.03857108254546611,0.9614289174545338,False,Positive,Negative,Uncoded
by the way let me know when you want to schedule a round or two played highland woods monday shot 96,0,1,0.9080081992741394,0.9080081992741394,False,Negative,Positive,Uncoded
smh aint no love like love from wifey,1,0,0.08096966948472109,0.9190303305152789,False,Positive,Negative,Uncoded
feeling motivated to get back to work now,1,0,0.09649077915647633,0.9035092208435237,False,Positive,Negative,Uncoded
2pm lucky i don't get to leave until 3,1,0,0.0790868925548058,0.9209131074451942,False,Positive,Negative,Uncoded
i looooove you thanks for your music come to italy have fun with your family god bless,0,1,0.9881236846985881,0.9881236846985881,False,Negative,Positive,Uncoded
yaay lady flicked me off cause she was going too fast and i was in front of her the speed limit is 40 dumb dumb,1,0,0.09570908135886436,0.9042909186411356,False,Positive,Negative,Uncoded
it is 'danceoffmychest' not 'danceoffyourchest',1,0,0.07379521738585826,0.9262047826141417,False,Positive,Negative,Uncoded
about to start a webinar fun times listening to there ultra cool piano music see you all in a while,0,1,0.9856953025615182,0.9856953025615182,False,Negative,Positive,Uncoded
i miss yow,1,0,0.020664205634879827,0.9793357943651202,False,Positive,Negative,Uncoded
i hate it when that happens no fun plans for today,1,0,0.04799191378158879,0.9520080862184113,False,Positive,Negative,Uncoded
we are just friends i choose you just tell me what you want me to do,0,1,0.9193212771477037,0.9193212771477037,False,Negative,Positive,Uncoded
well huge bad news 12 chapter from the official pmbok book to study for the first final exam on next monday i'm gonna die cry,1,0,0.014546172612995878,0.9854538273870042,False,Positive,Negative,Uncoded
i'm not insomniac but i'm working late hope you can sleep well soon insomnia,1,0,0.030703897034871547,0.9692961029651285,False,Positive,Negative,Uncoded
twit off ciao,0,1,0.9340337742776681,0.9340337742776681,False,Negative,Positive,Uncoded
wow over nkotb for sure anyways question of the night if you could be a conjoined twin with someone who would it be im think jordan jk,0,1,0.9574664758214937,0.9574664758214937,False,Negative,Positive,Uncoded
sorry i'm late in the support iranelection w a green avatar i was taking care of patients gotta work,1,0,0.02173996208288905,0.9782600379171109,False,Positive,Negative,Uncoded
not a tear was shed,1,0,0.0031115516894673284,0.9968884483105327,False,Positive,Negative,Uncoded
youre welcome cloi actually crying is not something you have to ashamed of sometimes cry help to make you feel better,1,0,0.06714902844306639,0.9328509715569336,False,Positive,Negative,Uncoded
just found a note from economics class it says quot the medium of triads are running scared quot i miss the reject corner,1,0,0.012516050318381627,0.9874839496816183,False,Positive,Negative,Uncoded
i grow sad as it nears 7am because i have to wake up and go work,1,0,0.00793808510989176,0.9920619148901082,False,Positive,Negative,Uncoded
doom doom doom doom i want you here in gloom lets get depressed together i wanna cry forever vengadoomchicks,1,0,0.014470061751583264,0.9855299382484167,False,Positive,Negative,Uncoded
no no wide angle yet but enjoying the zoom too a lot here lots of cool animals,0,1,0.934426272754618,0.934426272754618,False,Negative,Positive,Uncoded
aww sorry i missed your spanglish was home with myla she's doing better all the time,1,0,0.05575499908695171,0.9442450009130483,False,Positive,Negative,Uncoded
niceeeee we miss you in spain,1,0,0.09475210581486546,0.9052478941851345,False,Positive,Negative,Uncoded
morning hun are you still feeling sick,1,0,0.08651461372361251,0.9134853862763875,False,Positive,Negative,Uncoded
is needing to clean his room but not really wanting to i'm so lazy,1,0,0.08143231173341836,0.9185676882665816,False,Positive,Negative,Uncoded
happy i got the day off tomorrow woot but lots of errands,0,1,0.9250785946723363,0.9250785946723363,False,Negative,Positive,Uncoded
what no url,1,0,0.09305767595694278,0.9069423240430572,False,Positive,Negative,Uncoded
i don't know what you're talking about what's all funny and which is your favorite,0,1,0.9616017389730638,0.9616017389730638,False,Negative,Positive,Uncoded
i'm so sorry you have experienced that,1,0,0.056193341295860746,0.9438066587041393,False,Positive,Negative,Uncoded
had 600 trojens ther all gone now bloody malaysians they were and i got ther ip adresses to so they r not going to get far mwhahahaha,1,0,0.04434251965541296,0.9556574803445871,False,Positive,Negative,Uncoded
i know i wish i had gone too hopefully we can go to the next one,1,0,0.02341833717558125,0.9765816628244187,False,Positive,Negative,Uncoded
i am bored wanna see wednesday ahh tomoro,1,0,0.09709981846865712,0.9029001815313429,False,Positive,Negative,Uncoded
i did but still couldn't afford it,1,0,0.042995659577894044,0.9570043404221059,False,Positive,Negative,Uncoded
marks cool,0,1,0.9783352191786205,0.9783352191786205,False,Negative,Positive,Uncoded
according to eu law i should be able to get my xbox replaced at argos due to the 2 year replace or repair warranty,1,0,0.04652744933010302,0.953472550669897,False,Positive,Negative,Uncoded
i dont want i dont want looll,1,0,0.00958352191352734,0.9904164780864727,False,Positive,Negative,Uncoded
you crazy,0,1,0.93955205604419,0.93955205604419,False,Negative,Positive,Uncoded
heh i mean tests that only fail sometimes it is painful to try and work out why,1,0,0.03338997064211075,0.9666100293578892,False,Positive,Negative,Uncoded
trippin off this whole teeth thing too maaaan yall don't want me 2 break this bs down at least my feet feel good,1,0,0.07496155768208458,0.9250384423179154,False,Positive,Negative,Uncoded
i'm home too now spain was really good and dead funny if i go again i will try go on some rides hahaa,0,1,0.9017508633176028,0.9017508633176028,False,Negative,Positive,Uncoded
aww school can get a little monotonous suck but cheer up i kind of wish i could go back to high school,1,0,0.010965046246828085,0.989034953753172,False,Positive,Negative,Uncoded
thanks for the word boosts guys now like i said to your mother last night i'm going back in,0,1,0.949324323101077,0.949324323101077,False,Negative,Positive,Uncoded
yes i've got tons hate going through papers,1,0,0.09263605763796393,0.9073639423620361,False,Positive,Negative,Uncoded
ohhh wow that is horrible xd she has to go to amsterdam lol,1,0,0.09686464699541583,0.9031353530045841,False,Positive,Negative,Uncoded
everyone loves the single lady tent i love it perfect size for bedding and rocking out,0,1,0.9892667739964207,0.9892667739964207,False,Negative,Positive,Uncoded
lunchtime i dont think i can revise anymore ',1,0,0.03166684535064097,0.968333154649359,False,Positive,Negative,Uncoded
sorry to hear about your ankle corey but congratulations on the weight loss and muscle gain,1,0,0.07767633752918776,0.9223236624708122,False,Positive,Negative,Uncoded
hey where have u been mila we miss you,1,0,0.0947544442579484,0.9052455557420516,False,Positive,Negative,Uncoded
beybey its okay we're here for you,0,1,0.9048578723606937,0.9048578723606937,False,Negative,Positive,Uncoded
u supposed to be working not stalling,1,0,0.06088427727512215,0.9391157227248779,False,Positive,Negative,Uncoded
i cried my eyes out,1,0,0.02965779370516904,0.9703422062948309,False,Positive,Negative,Uncoded
its raining,1,0,0.025303683274076616,0.9746963167259234,False,Positive,Negative,Uncoded
i just got a lot of twitter action thanks to your competition ha odd ps gt still don't receive my subscription myself,0,1,0.9029964134093935,0.9029964134093935,False,Negative,Positive,Uncoded
baboo i'm leaving tomorrow,1,0,0.05481830828033474,0.9451816917196653,False,Positive,Negative,Uncoded
nothing better that good creme brulee am a big fan tonight was a special treat now back to sensible eating,0,1,0.9570718197542794,0.9570718197542794,False,Negative,Positive,Uncoded
gont home at 2 45 went to bed at 3 15 now im getting ready for church and can find my dress pants might have to go with out them,1,0,0.0821944636851749,0.9178055363148251,False,Positive,Negative,Uncoded
i wish,1,0,9.53592823024752e-05,0.9999046407176976,False,Positive,Negative,Uncoded
tried to get lush inside info out of but had no luck,1,0,0.00803390053418278,0.9919660994658173,False,Positive,Negative,Uncoded
i love lateral thinking problems i should be breaking down my classroom but it breaks my heart,1,0,0.03951273453499656,0.9604872654650034,False,Positive,Negative,Uncoded
yes it was sooo scary but i love it not gonna lie tho i miss my long hair sometimes nothin hair extensions can't fix,1,0,0.06847434359764122,0.9315256564023587,False,Positive,Negative,Uncoded
won't be hard i log in every day centraldesktop,1,0,0.060502495022884184,0.9394975049771158,False,Positive,Negative,Uncoded
not slow just don't have much to do except hunt for them fuckers so i'm just used to it,1,0,0.07862079526913894,0.9213792047308611,False,Positive,Negative,Uncoded
my iphone dropped down 3 flights of stairs and only got a tiny scratch on the side,1,0,0.01824961397646399,0.981750386023536,False,Positive,Negative,Uncoded
teary eyed sigh another report due oh well this ones only a page,1,0,0.022216781137533802,0.9777832188624662,False,Positive,Negative,Uncoded
now i have my twitter and fb web master thanks aj for the help,0,1,0.9035242071759175,0.9035242071759175,False,Negative,Positive,Uncoded
thanksss a lottt klmpk htn gueee maafkan aku yaaaaa angga benny deane fabianus krisna dan aso si ketuaaa thank you guysssss,0,1,0.9489673908001125,0.9489673908001125,False,Negative,Positive,Uncoded
i miis you you are the best friends in this world,0,1,0.9241954230902865,0.9241954230902865,False,Negative,Positive,Uncoded
i cya believe i forgot to call u on ur bday hun nice to know u had a good day tho belated happy birthday hun,0,1,0.9365478070971743,0.9365478070971743,False,Negative,Positive,Uncoded
is enjoying the last few peeps with mel and kelly,0,1,0.9023614315608024,0.9023614315608024,False,Negative,Positive,Uncoded
quot a university education will be free to every man and every woman quot,0,1,0.9396476409565405,0.9396476409565405,False,Negative,Positive,Uncoded
sucks yeah i want more holidays,1,0,0.0456181964851601,0.9543818035148399,False,Positive,Negative,Uncoded
agreed their itunes support sucks apple care for apple computers isn't to bad,1,0,0.008373907173641825,0.9916260928263582,False,Positive,Negative,Uncoded
it might be in my belly now sorry,1,0,0.0562024307965515,0.9437975692034485,False,Positive,Negative,Uncoded
pilates is a lot harder than it looks not getting out of this chair again for the rest of the evening,1,0,0.08235759248700057,0.9176424075129994,False,Positive,Negative,Uncoded
i dont wanna go to school either can i stay with u,1,0,0.026844269873102854,0.9731557301268972,False,Positive,Negative,Uncoded
finally here i don't feel so lonely anymore,1,0,0.006592641388625098,0.9934073586113749,False,Positive,Negative,Uncoded
lol wow just once in a while,0,1,0.9053246423636946,0.9053246423636946,False,Negative,Positive,Uncoded
i wont i took off my contacts,1,0,0.034070998006073085,0.965929001993927,False,Positive,Negative,Uncoded
so i apparently met the redskins qb last night haha i wish i remembered sorry jason,1,0,0.09046311136338347,0.9095368886366165,False,Positive,Negative,Uncoded
nope i am still in bed thinking about going home now tho need to get up and pack,1,0,0.09756494259634571,0.9024350574036543,False,Positive,Negative,Uncoded
racism is so ugh ive learned so much since i left the house this morning,1,0,0.09609575183700184,0.9039042481629982,False,Positive,Negative,Uncoded
well i hope u like it i'm happy for u this is just a shock lol,0,1,0.9674186798532034,0.9674186798532034,False,Negative,Positive,Uncoded
taps foot do do dont upset the rhythm im gonna have that stuck in me head now it's catchy,1,0,0.06296508515645502,0.937034914843545,False,Positive,Negative,Uncoded
watching some 3 ladies cook meat,0,1,0.9173588964477059,0.9173588964477059,False,Negative,Positive,Uncoded
wait you are bringing shame to womanhood you couldn't find a thing to buy i need a lemon drop quick i bought too much,1,0,0.0770609058852597,0.9229390941147403,False,Positive,Negative,Uncoded
i'm about to but i cant,1,0,0.011861733879620025,0.98813826612038,False,Positive,Negative,Uncoded
i'm not looking to move anywhere right now as u said job hunting is double pain at this time btw nice profile pic,1,0,0.06988052529261776,0.9301194747073822,False,Positive,Negative,Uncoded
hey mike you're lucky to have a banksy exibition in your town,0,1,0.9035565807486279,0.9035565807486279,False,Negative,Positive,Uncoded
good morning tweeps kaya to waaaah,0,1,0.9027999705406913,0.9027999705406913,False,Negative,Positive,Uncoded
photo heiressofslytherin yummy i waaaant,0,1,0.9918195457981884,0.9918195457981884,False,Negative,Positive,Uncoded
okay i'm out for a while back later,0,1,0.9191588324363643,0.9191588324363643,False,Negative,Positive,Uncoded
i can dream i was ready to buy 1 in march before my powerbook crashed but our it guys told me to wait for the wwdc sigh,1,0,0.06799618436524905,0.932003815634751,False,Positive,Negative,Uncoded
i m sorry i know that but don t you have to go to school tomorrow,1,0,0.023142684751039633,0.9768573152489604,False,Positive,Negative,Uncoded
i still didn't copy the calendars i willl definitely fail,1,0,0.08010405349324475,0.9198959465067552,False,Positive,Negative,Uncoded
going to my work i love my life,0,1,0.9667252970962407,0.9667252970962407,False,Negative,Positive,Uncoded
and you luckiest get to do what you love with your lover what great combo i can't even golf with natalie,0,1,0.9199501017642678,0.9199501017642678,False,Negative,Positive,Uncoded
interesting atmosphere here children are playing rome vs germania fathers are telling each other why hannibal had failed carnuntum,1,0,0.08134155910835206,0.9186584408916479,False,Positive,Negative,Uncoded
nooo u generally annoy me now sorry,1,0,0.04594009792376359,0.9540599020762364,False,Positive,Negative,Uncoded
happy mothers day moms l,0,1,0.973299308771115,0.973299308771115,False,Negative,Positive,Uncoded
at my great nanny and grandads l i always miss them when im not here,1,0,0.051457059912004874,0.9485429400879951,False,Positive,Negative,Uncoded
hey everyone,0,1,0.9578041941585964,0.9578041941585964,False,Negative,Positive,Uncoded
hello weird arms 5am haha,0,1,0.9435849819034539,0.9435849819034539,False,Negative,Positive,Uncoded
off to gym yay,0,1,0.928121847988751,0.928121847988751,False,Negative,Positive,Uncoded
omg my iphone its alive,1,0,0.07240470596282209,0.9275952940371779,False,Positive,Negative,Uncoded
i got off work an hr early thing is that i can't sleep,1,0,0.06717946981660675,0.9328205301833933,False,Positive,Negative,Uncoded
i did really like it very fun and creative just time consuming but i love ya stuff very cute amp variety,0,1,0.9747281592586804,0.9747281592586804,False,Negative,Positive,Uncoded
we got beaten but less than they were getting beaten without me,1,0,0.051456193138550946,0.948543806861449,False,Positive,Negative,Uncoded
goodnight all 9 followers,0,1,0.9314101684597673,0.9314101684597673,False,Negative,Positive,Uncoded
oh thank you sharon while we believe that your seminars did and are helping we think there is something deeper going on,0,1,0.9591219442760295,0.9591219442760295,False,Negative,Positive,Uncoded
quot you're the meaning of my life you're the inspiration quot thinking of phils,0,1,0.9016926151446165,0.9016926151446165,False,Negative,Positive,Uncoded
must be celebrating huh,0,1,0.9058806659215906,0.9058806659215906,False,Negative,Positive,Uncoded
dawn in queens i was wondering that too you don't look very happy in my meet n' greet pic,0,1,0.9149240781472635,0.9149240781472635,False,Negative,Positive,Uncoded
you left us in cola all last week missing all the breaking news on stimulus cash and come back with a puffy chest,1,0,0.0253877199973478,0.9746122800026522,False,Positive,Negative,Uncoded
jus cool nuh trinny lol,0,1,0.9738854163044504,0.9738854163044504,False,Negative,Positive,Uncoded
i rock too hehe,0,1,0.9699959054724312,0.9699959054724312,False,Negative,Positive,Uncoded
oh bother i set the date partly because it was a good one for you,0,1,0.9472645868864886,0.9472645868864886,False,Negative,Positive,Uncoded
i'll talk to you later then,0,1,0.9234357473751051,0.9234357473751051,False,Negative,Positive,Uncoded
apparently it's starwars day today i like this shame i have revision though,1,0,0.05913148886097944,0.9408685111390206,False,Positive,Negative,Uncoded
read for some breakfast,0,1,0.9049924356202247,0.9049924356202247,False,Negative,Positive,Uncoded
only 6 emails and i dont want to check them theres only shit,1,0,0.09652766941015642,0.9034723305898436,False,Positive,Negative,Uncoded
a you feel better hot lemon water with honey is always good,0,1,0.9109709249051585,0.9109709249051585,False,Negative,Positive,Uncoded
xdd sorry ja einfach dieser nete error p there has been an error processing your request das da,1,0,0.09438687358955747,0.9056131264104426,False,Positive,Negative,Uncoded
ah bless you very kind of you 2 offer i will probably clear it 2moro morning normally on top of it,0,1,0.9422638223785921,0.9422638223785921,False,Negative,Positive,Uncoded
workingg i love my bubs lt 3,0,1,0.9247734525585221,0.9247734525585221,False,Negative,Positive,Uncoded
welcome to the club but you have a more than incredible set of experiences to look back on enjoy the rest of ur b town time,0,1,0.9235883299220221,0.9235883299220221,False,Negative,Positive,Uncoded
is going back to manila gotta face problems arrg hate it,1,0,0.022110669737294655,0.9778893302627053,False,Positive,Negative,Uncoded
might want sth but not urgent lah,1,0,0.066337485532313,0.933662514467687,False,Positive,Negative,Uncoded
sorry was trying to be lol and didn't work apologies no offense intended,1,0,0.021626850546675784,0.9783731494533242,False,Positive,Negative,Uncoded
i know isn't that sad,1,0,0.013038644517047868,0.9869613554829522,False,Positive,Negative,Uncoded
genghis shopped till he dropped at the vet i met a family with their dog charley he lived for 14 years and was put to sleep toda,1,0,0.09849372987599435,0.9015062701240056,False,Positive,Negative,Uncoded
its only gonna suck cause i'm not gonna be there,1,0,0.021040995306120323,0.9789590046938796,False,Positive,Negative,Uncoded
ignore her i wish i was an adult like that,1,0,0.05574549370705965,0.9442545062929404,False,Positive,Negative,Uncoded
aww sorry idk how come i passed out sorry about that and good morning,1,0,0.021210411693096502,0.9787895883069035,False,Positive,Negative,Uncoded
next you'll be appreciating u2,0,1,0.9394168020042143,0.9394168020042143,False,Negative,Positive,Uncoded
poor ivette not getting his tweets clearly,1,0,0.014351468710851929,0.9856485312891481,False,Positive,Negative,Uncoded
wishes she was in primary school again catchy kiss peggy leggy i wouldnt be so bored now if i was,1,0,0.03314512499580417,0.9668548750041959,False,Positive,Negative,Uncoded
thanks,0,1,0.9996426389244277,0.9996426389244277,False,Negative,Positive,Uncoded
my dog wont let me anywhere near the door lol i guess she doesn't want me to leave,1,0,0.008745357900561516,0.9912546420994385,False,Positive,Negative,Uncoded
i gotta go to the bed well i have some fun tonight yey,0,1,0.9389151658445931,0.9389151658445931,False,Negative,Positive,Uncoded
hope all is well,0,1,0.9253299499881452,0.9253299499881452,False,Negative,Positive,Uncoded
done nooo work not good maybe tomorrow,1,0,0.013420662788171306,0.9865793372118287,False,Positive,Negative,Uncoded
hoping for dunkin dounuts doubtful but stilllll i want my gosh darn hot chocolateeee,1,0,0.025051160068591715,0.9749488399314082,False,Positive,Negative,Uncoded
don't be depressed fake it til ya make it,1,0,0.08346992568463121,0.9165300743153688,False,Positive,Negative,Uncoded
what no scrubs today disappointing aaah netbook ebook what did mum call it lapbook,1,0,0.0802900071550816,0.9197099928449184,False,Positive,Negative,Uncoded
no one caressssss,1,0,0.008697718295698471,0.9913022817043016,False,Positive,Negative,Uncoded
you're not glad i'm twittering during this important time,0,1,0.9520328916548431,0.9520328916548431,False,Negative,Positive,Uncoded
sounds great no cameras we'd love to see too who is quot them quot you're the best matt,0,1,0.959575867925776,0.959575867925776,False,Negative,Positive,Uncoded
very cloudy today 3 i want to go horse backriding today,1,0,0.0650413876745908,0.9349586123254092,False,Positive,Negative,Uncoded
new mission exams p s love my cat,0,1,0.9113591528752482,0.9113591528752482,False,Negative,Positive,Uncoded
yeh im pro i know thanks my lord i love cheesecake s,0,1,0.9266305799223329,0.9266305799223329,False,Negative,Positive,Uncoded
indeed,0,1,0.9075690258997069,0.9075690258997069,False,Negative,Positive,Uncoded
wish there was someone to rub cream on me,1,0,0.026331718554087606,0.9736682814459124,False,Positive,Negative,Uncoded
was a very bad boi last nite,1,0,0.09982602168127609,0.9001739783187239,False,Positive,Negative,Uncoded
happy birthday to me,0,1,0.9709505563010449,0.9709505563010449,False,Negative,Positive,Uncoded
theres nothing worse than a sore loser,1,0,0.035517325307451254,0.9644826746925488,False,Positive,Negative,Uncoded
everybody's been there and knows how bad it can hurt nobody wants to see a buddy in pain,1,0,0.008771226882906836,0.9912287731170931,False,Positive,Negative,Uncoded
good man you know your stuff also are we ever gonna have a real conversation,0,1,0.9351766340824599,0.9351766340824599,False,Negative,Positive,Uncoded
no schoolio today or tomorrow but have to revise buddhism,1,0,0.09195871512529388,0.9080412848747061,False,Positive,Negative,Uncoded
hehe so sad how we've all been neglecting our myspace,1,0,0.07630295408129648,0.9236970459187035,False,Positive,Negative,Uncoded
apparently we don't have to do another mpn it finally showed up on my account,1,0,0.09153414901035559,0.9084658509896444,False,Positive,Negative,Uncoded
thanx unfortunately i'm starting to feeling twithdrawal and i don't know if i can take it much longer lol,1,0,0.05710289210538708,0.9428971078946129,False,Positive,Negative,Uncoded
ffs for fucks sake had the same problem with final fantasy 7 though played all the way to end and couldn't beat the last boss,1,0,0.04539671364352699,0.9546032863564731,False,Positive,Negative,Uncoded
a and welcome to pooh corner,0,1,0.9121461063862579,0.9121461063862579,False,Negative,Positive,Uncoded
back home and so happy i took my daughter to lunch the attitude just amazes me teens,0,1,0.9055946742334193,0.9055946742334193,False,Negative,Positive,Uncoded
reckoned his flu was psychological he was wrong but noticed that when he's sick he doesnt give a fuck and rules at jenga i like that,1,0,0.054578424821056494,0.9454215751789435,False,Positive,Negative,Uncoded
feeling slightly slutty at work the thong was necessary i just wish i could get quot jam don't shake like that quot out of my head,1,0,0.056113227713842896,0.9438867722861571,False,Positive,Negative,Uncoded
just came from church and lunch now to be productive,0,1,0.9496656633966503,0.9496656633966503,False,Negative,Positive,Uncoded
yeah my mum was bitchin about me the shops so i started crying,1,0,0.06910349938685964,0.9308965006131403,False,Positive,Negative,Uncoded
i wanna talk to the bot that wont let me say fuck talk to me,1,0,0.0413528231637304,0.9586471768362697,False,Positive,Negative,Uncoded
damn twitterfox was behind on trivia questions,1,0,0.09081814076441444,0.9091818592355856,False,Positive,Negative,Uncoded
so since i was one of the first to follow u will i get a follow i need a small confidence boost ha ha,0,1,0.9121847425503624,0.9121847425503624,False,Negative,Positive,Uncoded
oh yeah lots and lots of fun,0,1,0.9726270330333711,0.9726270330333711,False,Negative,Positive,Uncoded
good morning everybody pkoi y fais pas beau bon coffee time,0,1,0.9810864183540868,0.9810864183540868,False,Negative,Positive,Uncoded
alas i'd just take my allergies as they are now since i'm also allergic to cats,1,0,0.025646013266328038,0.9743539867336719,False,Positive,Negative,Uncoded
i dislike girls who lack driving manner a g rl just tried to steal my parking spot i gave her my 'jugule' stare she said 'sorry' a lot,1,0,0.05129416318403215,0.9487058368159679,False,Positive,Negative,Uncoded
wow ok dm me or message me later on,0,1,0.9095648428715821,0.9095648428715821,False,Negative,Positive,Uncoded
damn i need somebody help with a beat anybody wanna be famous,1,0,0.06699064348827441,0.9330093565117256,False,Positive,Negative,Uncoded
i feel bad for being happy but i don't have to babysit because the kid is a little sick so free for today,1,0,0.01611712055527474,0.9838828794447253,False,Positive,Negative,Uncoded
yay diversity but stavros,0,1,0.9277848385639906,0.9277848385639906,False,Negative,Positive,Uncoded
ehh sorry to hear that hope you have a better friday,1,0,0.08870281013418571,0.9112971898658143,False,Positive,Negative,Uncoded
i'll do better next week sir dlc updates all around for now on,0,1,0.9054805417988568,0.9054805417988568,False,Negative,Positive,Uncoded
ok thanks anyway,0,1,0.9501127131301896,0.9501127131301896,False,Negative,Positive,Uncoded
thanks for the invite lol tell him i said congrats,0,1,0.9110512527629014,0.9110512527629014,False,Negative,Positive,Uncoded
your new name is awesome try aimee keighley urghhh sounds inbred,0,1,0.9798250910557202,0.9798250910557202,False,Negative,Positive,Uncoded
lol ur txt i did,0,1,0.9022673437961218,0.9022673437961218,False,Negative,Positive,Uncoded
oh aspirations i wish i wouldnt have to memorize shit then or work hardly at all,1,0,0.024166640064341778,0.9758333599356582,False,Positive,Negative,Uncoded
i'm finally recovering from last nigt champagne patron and vodka i was askin for it,0,1,0.9215633736158859,0.9215633736158859,False,Negative,Positive,Uncoded
goodnight all lates long day and wishin i wasn't going to bed without my love but it doesn't pay wish,1,0,0.010817239644478813,0.9891827603555212,False,Positive,Negative,Uncoded
abbey is so sad look mom gave me a bath because i rolled in poop,1,0,0.022695406871170172,0.9773045931288298,False,Positive,Negative,Uncoded
no really jj is that good and happy birthday you're hardly old dude im only a couple of years behind you heh blah lmfao,0,1,0.9211471065713864,0.9211471065713864,False,Negative,Positive,Uncoded
forgot my planner i left at house after my big thing about the glue i forgot it and sophies had to go back im not good at the moody stuff,1,0,0.014596065787538576,0.9854039342124614,False,Positive,Negative,Uncoded
unfortunately i am in male' missing all the excitement but i can feel the 'kick' et team in eydhafushi was getting,1,0,0.025025847014985697,0.9749741529850143,False,Positive,Negative,Uncoded
haha totally i come out in spots if i have to miss a game lol they might be crap but they're crap amp they're mine,1,0,0.07176876916405797,0.9282312308359421,False,Positive,Negative,Uncoded
oh i know i'm about to message him and ask who should do it,0,1,0.9133787304638105,0.9133787304638105,False,Negative,Positive,Uncoded
i cant get over it this weather is rediculous my mum said it was going to rain today i miss the rain so,1,0,0.003479062442824102,0.9965209375571759,False,Positive,Negative,Uncoded
good afternoon enjoy the sun here 's the rain have a beautiful day kiss marsiscoming 30secondstomars,0,1,0.986144873604226,0.986144873604226,False,Negative,Positive,Uncoded
oh shit im sorry ill be raining here this afternoon too where aare you located ill tell you mine if you tell me yours,1,0,0.09205390270932601,0.907946097290674,False,Positive,Negative,Uncoded
u know your part of why i checked my moms tonight u made me realize that i miss my moms soo i went to see her,1,0,0.05006389373732195,0.9499361062626781,False,Positive,Negative,Uncoded
i'm glad too and sorry for freaking out yesterday i'm so embarrassed s hangs head in shame,1,0,0.08150562054573487,0.9184943794542652,False,Positive,Negative,Uncoded
why is ben having to get x rays i hope everything is okay,1,0,0.028555025387397966,0.971444974612602,False,Positive,Negative,Uncoded
yeah what about remotes for your car i couldn't find mine and didn't know how i was gonna get in my car with your keys dumbass,1,0,0.06803242694121205,0.931967573058788,False,Positive,Negative,Uncoded
really don't feel like going to psych tomorrow kim is visiting tomorrow too and i haven't seen her in 5 years night,1,0,0.09320250263428614,0.9067974973657138,False,Positive,Negative,Uncoded
why are my tweets not showing up via lt lt i can see them,1,0,0.047857254418069574,0.9521427455819305,False,Positive,Negative,Uncoded
omg i forgot about the sale anyway i miss you,1,0,0.03908659496586635,0.9609134050341337,False,Positive,Negative,Uncoded
wow who are you and what have you done with staceface you must be an impostor oh i misser you too,0,1,0.9423125565052566,0.9423125565052566,False,Negative,Positive,Uncoded
sorry i signed off aim out of nowhere i hate pcs,1,0,0.013684663801958472,0.9863153361980416,False,Positive,Negative,Uncoded
o tru aight naa ima try it i hope it wrk cuz i dnt wanna be missin out on a lot of soda u feel me,1,0,0.07714950087131744,0.9228504991286826,False,Positive,Negative,Uncoded
would love to join you but i'm here in finland have great day love you kisses,0,1,0.9417408067082714,0.9417408067082714,False,Negative,Positive,Uncoded
i can't d,1,0,0.008360529930088163,0.9916394700699118,False,Positive,Negative,Uncoded
hope ur ok you can still have a good time on your own its so easy to meet ppl glasto x,0,1,0.9531379908445674,0.9531379908445674,False,Negative,Positive,Uncoded
never wants this to end,1,0,0.06321745253501256,0.9367825474649875,False,Positive,Negative,Uncoded
ok lol i wont miss the bus today l,1,0,0.03731886410183021,0.9626811358981698,False,Positive,Negative,Uncoded
missed myspace,1,0,0.018321664671285747,0.9816783353287143,False,Positive,Negative,Uncoded
nighty night long work day again can't wait for dinner w,0,1,0.9131038575945135,0.9131038575945135,False,Negative,Positive,Uncoded
i feel sick and sorry for myself there's only one solution brownies yay,1,0,0.09566901193023351,0.9043309880697665,False,Positive,Negative,Uncoded
whats wrong i can mentor,1,0,0.04656685770807047,0.9534331422919295,False,Positive,Negative,Uncoded
evening naps late nights good morning tweethearts a funderful week to you all,0,1,0.9461125488955109,0.9461125488955109,False,Negative,Positive,Uncoded
oh yeah that sucks on the bright side there's not as much to learn for history as for the other 1 amp nothing for drama,1,0,0.07707625553764015,0.9229237444623598,False,Positive,Negative,Uncoded
im gonna finish it tomorow goodnight haha im watching the spelling bee right now amp its so funny its interesting too haha,0,1,0.9672740917138715,0.9672740917138715,False,Negative,Positive,Uncoded
congrats,0,1,0.9965370119109653,0.9965370119109653,False,Negative,Positive,Uncoded
you dont believe me fine you still need to tell a story hehe,0,1,0.9064198058954629,0.9064198058954629,False,Negative,Positive,Uncoded
pretty soon you will miss father's nagging,1,0,0.09883961158365509,0.9011603884163449,False,Positive,Negative,Uncoded
i think fletcher cute is better than ara jo that is my last name,0,1,0.9721328894404057,0.9721328894404057,False,Negative,Positive,Uncoded
at a friend of mine don't wanna go to school tomorrow gt lt,1,0,0.04639079612989803,0.953609203870102,False,Positive,Negative,Uncoded
ummm i fell stupid right now for asking but what is a bg lmao sorry,1,0,0.09387048982344992,0.9061295101765501,False,Positive,Negative,Uncoded
had a bad haircut going to cch camp now revival night later is going to be awesome believes god shall move in a great mighty way quot,0,1,0.9096068755110922,0.9096068755110922,False,Negative,Positive,Uncoded
leaving home i still don't know if i feel like school might leave early or something adios sophomore year middle finger,1,0,0.07423517121375726,0.9257648287862428,False,Positive,Negative,Uncoded
i can't believe i'm missing it buuuut i'm recording it,1,0,0.03921078488634795,0.960789215113652,False,Positive,Negative,Uncoded
back to work 5 dias compriditos,1,0,0.08026759022052957,0.9197324097794705,False,Positive,Negative,Uncoded
will it still be any good i'd have to drink the whole thing alone i'll be off my tree hang on not such a bad thing,1,0,0.0928161417529456,0.9071838582470544,False,Positive,Negative,Uncoded
yea i wish that was my ass,1,0,0.05699587085923565,0.9430041291407644,False,Positive,Negative,Uncoded
hi everybody i'm back haven t been on due to connection problems again phone lines were loose connectors were turned sideways,1,0,0.09424930521329214,0.9057506947867079,False,Positive,Negative,Uncoded
good deal i'm not a big fan of their theme either,0,1,0.9074474024346871,0.9074474024346871,False,Negative,Positive,Uncoded
now i don't feel so alone my parents' fathers didn't stick around so i know next to nothing about them plus most of,1,0,0.02347451758623409,0.9765254824137659,False,Positive,Negative,Uncoded
hhhaaaa wooow interesting a beater cake a,0,1,0.92781760575118,0.92781760575118,False,Negative,Positive,Uncoded
yes,0,1,0.9402305369441872,0.9402305369441872,False,Negative,Positive,Uncoded
why can we not have this kind of a monday for the market every month,1,0,0.07153372459268675,0.9284662754073132,False,Positive,Negative,Uncoded
my last twitter tag for the day my fellow tweet tweeters time to do some maths homework yay dream come true ey,0,1,0.9073684028703755,0.9073684028703755,False,Negative,Positive,Uncoded
thanks i remember,0,1,0.9971504943012043,0.9971504943012043,False,Negative,Positive,Uncoded
poor chuck sad hungry and very very stinky,1,0,0.0006328913006890254,0.999367108699311,False,Positive,Negative,Uncoded
i love my screen saver,0,1,0.9101775486762314,0.9101775486762314,False,Negative,Positive,Uncoded
haha i miss the boy smells no matter got another month to get em back,1,0,0.07927639675015988,0.9207236032498402,False,Positive,Negative,Uncoded
bummer i can't go to fresno warped tour cause my sister is moving to college that day i'm gonna go to san francisco warped though,1,0,0.023265644480576712,0.9767343555194233,False,Positive,Negative,Uncoded
atleast u have a good excuse other than being tired have a safe trip,0,1,0.909657827124757,0.909657827124757,False,Negative,Positive,Uncoded
i happen to love school idk y everyones saying they hate it,1,0,0.07933667991336614,0.9206633200866339,False,Positive,Negative,Uncoded
roflmao i found it it's classic so true,0,1,0.9756303321463207,0.9756303321463207,False,Negative,Positive,Uncoded
i was wondering what happended its cool you guys have a great weekend,0,1,0.9805156623230153,0.9805156623230153,False,Negative,Positive,Uncoded
miss you dude,1,0,0.08544880885068248,0.9145511911493175,False,Positive,Negative,Uncoded
is going to work wishing it was still last night,1,0,0.04056217983920593,0.959437820160794,False,Positive,Negative,Uncoded
i wish i could really go back to bed but i can't so i'd better start getting ready to go shopping,1,0,0.03105063004734781,0.9689493699526522,False,Positive,Negative,Uncoded
going to work not so fun but it's moneyyyyy,1,0,0.05994586558694596,0.9400541344130541,False,Positive,Negative,Uncoded
i have tickets but alas i shall enter,1,0,0.05226851549470084,0.9477314845052992,False,Positive,Negative,Uncoded
just had an awesome dinner with a few good friends at el tap for the last time tonight is going to be awesome,0,1,0.9121003993146377,0.9121003993146377,False,Negative,Positive,Uncoded
why am i still twitting oh fuck yeah because i want to get to my 1800th tweet i'm pathetic,1,0,0.09219387881205182,0.9078061211879482,False,Positive,Negative,Uncoded
i still cant get over last night o,1,0,0.054024272183639255,0.9459757278163607,False,Positive,Negative,Uncoded
getting a bit safe on the last one not very far off the floor,1,0,0.07434286388259223,0.9256571361174077,False,Positive,Negative,Uncoded
hey socialmediatv i'm new here is this a recorded show viewable later too thanks social media tv live gt,0,1,0.9506700668909482,0.9506700668909482,False,Negative,Positive,Uncoded
same here but i'm already hungry again my favourite one is boston creme,1,0,0.08541426027960518,0.9145857397203948,False,Positive,Negative,Uncoded
damn thank god i no longer do 12 hour shifts anymore,1,0,0.07635544666889263,0.9236445533311074,False,Positive,Negative,Uncoded
gave up on work after two hours came home 'sick' going to gameworks and adventuredome with my cousin instead,1,0,0.05451630878763022,0.9454836912123697,False,Positive,Negative,Uncoded
a tear i want another road trip miss you and michelle branch and katie perry,1,0,0.061449811462565826,0.9385501885374342,False,Positive,Negative,Uncoded
don't mention that movie in your tweets or it'll keep trending star trek star trek,0,1,0.9308871719411357,0.9308871719411357,False,Negative,Positive,Uncoded
80 unique visitors on the best day with 300 page views not doing so good,0,1,0.9097614697952021,0.9097614697952021,False,Negative,Positive,Uncoded
yeah sadly boo looking for cartoons was frozen 4 a mo in disbelief at what a twat that guy is now heading for garden,1,0,0.0521439105862206,0.9478560894137794,False,Positive,Negative,Uncoded
yep i'm still awake sleeping in one minute intervals is hard i even tried vodka on this toothache i didn't swalllow though,1,0,0.04098264323913202,0.959017356760868,False,Positive,Negative,Uncoded
urgh i so hate school everyone is so boring lol except for that one special person rawr xoxo,1,0,0.08110653653466549,0.9188934634653345,False,Positive,Negative,Uncoded
sudden shift in the weather i have to forcefully put myself in a jail which apparently is my room and m watchin moviessssss poor me,1,0,0.02675876189166799,0.973241238108332,False,Positive,Negative,Uncoded
apparently its heading north though so hopefully missing us,1,0,0.04720396490694062,0.9527960350930593,False,Positive,Negative,Uncoded
definition of senioritis me about to go to chem ii and calculus not good classes to feel like slackin,1,0,0.0827122888608437,0.9172877111391563,False,Positive,Negative,Uncoded
eeeek i tried to read the book and couldn't get past the second chapter total waste of braincells,1,0,0.03175916181103442,0.9682408381889656,False,Positive,Negative,Uncoded
if only i was gisele,1,0,0.03577965172730724,0.9642203482726928,False,Positive,Negative,Uncoded
do you have a nice mall you're so lucky,0,1,0.9623876868833893,0.9623876868833893,False,Negative,Positive,Uncoded
still up waiting for him to call geez i miss him bad,1,0,0.007928970738668927,0.9920710292613311,False,Positive,Negative,Uncoded
leaves for san antonio today,1,0,0.08298116110755974,0.9170188388924403,False,Positive,Negative,Uncoded
paul's phone is on my head at the moment okay now its not wish i was at the guys choice awards maybe some other time,1,0,0.07959198453097209,0.920408015469028,False,Positive,Negative,Uncoded
one day i will be the most happy boy in the world when i talk with my miley haha nos vemos bego ego k,0,1,0.962803136202434,0.962803136202434,False,Negative,Positive,Uncoded
found out last night that an old friend had bike crash and has broken neck and internal bleeding giving nurses hell coz he wants a fag,1,0,0.030315863145400922,0.9696841368545991,False,Positive,Negative,Uncoded
everyone in school is stressed out studying for finals it might be time for a scaring floormates pt 3 to lighten the mood,1,0,0.09001328958724315,0.9099867104127568,False,Positive,Negative,Uncoded
for some reason it's 3 am and i still don't feel like going to bed maybe because today was my day off,1,0,0.07868388952730102,0.921316110472699,False,Positive,Negative,Uncoded
school soon have to take care of 5 dogs after school and i really hope none of them run away,1,0,0.0654985695248757,0.9345014304751242,False,Positive,Negative,Uncoded
srsly fucked up my legs crawling onto buses with help from strangers to a hospital,1,0,0.07831831286183322,0.9216816871381668,False,Positive,Negative,Uncoded
do you understand i'm worry,0,1,0.922737526252748,0.922737526252748,False,Negative,Positive,Uncoded
i hate physics,1,0,0.03839181768835511,0.9616081823116449,False,Positive,Negative,Uncoded
wish i could time travel that way i could smack the bjaybus out of henry the 8th pilick wouldn't change anything about mine though,1,0,0.08995063734797475,0.9100493626520253,False,Positive,Negative,Uncoded
aww that sucks im gonna make cookies,1,0,0.0796889365090709,0.9203110634909291,False,Positive,Negative,Uncoded
ahh its over lol jonas concert soo good by far the best i've ever been to jobros demi and mcfly amp big rob well done your amazing,0,1,0.9507060674065293,0.9507060674065293,False,Negative,Positive,Uncoded
haha pictures of prom arent that good have to see yours pictures of x factor are good have fun at boyzone x,0,1,0.9275658369136408,0.9275658369136408,False,Negative,Positive,Uncoded
just finished science studying now time to do math not that scared for exams i feel ready,1,0,0.03415324720962408,0.9658467527903759,False,Positive,Negative,Uncoded
bored homiee,1,0,0.010744890569068584,0.9892551094309314,False,Positive,Negative,Uncoded
where have u guys been i missed up,1,0,0.06493758915978322,0.9350624108402168,False,Positive,Negative,Uncoded
watching that's dancing duh needs here,0,1,0.9264085655786388,0.9264085655786388,False,Negative,Positive,Uncoded
sorry to hear that mine is dying slowly and it's having complications a new one would solve everything,1,0,0.025743023412763417,0.9742569765872365,False,Positive,Negative,Uncoded
i really really dont feel like working today i perfer swimming today instead,1,0,0.0658881109723968,0.9341118890276032,False,Positive,Negative,Uncoded
i have to find them i know one is in the us still in a big antique chest i didn't ship the rest are in boxes here,1,0,0.041758261908787904,0.958241738091212,False,Positive,Negative,Uncoded
what a day to be stuck indoors i thought that this is what wireless was invented for outdoor working,1,0,0.08050121163814693,0.9194987883618531,False,Positive,Negative,Uncoded
nope not missing anything at all,1,0,0.06255712172070486,0.9374428782792952,False,Positive,Negative,Uncoded
yeah i love them too my mum laughed at me for getting so excited i love peacocks pants too i'm addicted,0,1,0.900355019815614,0.900355019815614,False,Negative,Positive,Uncoded
feel like running away far away in a great place where no one can find me,1,0,0.09075314813981208,0.9092468518601879,False,Positive,Negative,Uncoded
at work when the weather is amazing bad times 3 30 finish i reckon x,1,0,0.09119531028648156,0.9088046897135185,False,Positive,Negative,Uncoded
tying up loose ends but why would i want my ends tied up,1,0,0.05599857871460133,0.9440014212853987,False,Positive,Negative,Uncoded
flat water is no good,1,0,0.02576834789711256,0.9742316521028874,False,Positive,Negative,Uncoded
please give a subscribe like a gift pleaseee,0,1,0.9292813173747829,0.9292813173747829,False,Negative,Positive,Uncoded
the problem is they force my brain to work in ways i haven't had to in years,1,0,0.04766428240113653,0.9523357175988635,False,Positive,Negative,Uncoded
o2 payg data it stated the data limit was 200mb but i'm at 320mb and not been charged anything extra,1,0,0.0586780034278455,0.9413219965721545,False,Positive,Negative,Uncoded
what i do now anyhoo thanks for the spank o x,0,1,0.934603480721339,0.934603480721339,False,Negative,Positive,Uncoded
hey xx i am well tierd can't wait to go to bed xx,0,1,0.9361285257305806,0.9361285257305806,False,Negative,Positive,Uncoded
definitely have those glasses nordstrom lol,0,1,0.9204172316502666,0.9204172316502666,False,Negative,Positive,Uncoded
it's a quote from seinfeld,0,1,0.9379422007671018,0.9379422007671018,False,Negative,Positive,Uncoded
a day without cooper basketball a sad day for sure but oh i will get so much done,1,0,0.0590569457223463,0.9409430542776537,False,Positive,Negative,Uncoded
ash you just hurted my feelings pete is pretty amazing and cool lol,0,1,0.9358730116246192,0.9358730116246192,False,Negative,Positive,Uncoded
i forgot about that i miss that man sometimes sometimes,1,0,0.04100226364457611,0.9589977363554238,False,Positive,Negative,Uncoded
me too if it hasn't by tmw i'll see maintanence the office was closed today sighs,1,0,0.03207553226264324,0.9679244677373567,False,Positive,Negative,Uncoded
hey awlll daddy bye baby muah mmmmm princesammie live gt,0,1,0.9134656667857033,0.9134656667857033,False,Negative,Positive,Uncoded
lol,0,1,0.9848921840750716,0.9848921840750716,False,Negative,Positive,Uncoded
stinkin work tomorrow why cant i win the lottery i'm not a greedy man just a couple of mil would suffice haha,1,0,0.09268612198860925,0.9073138780113907,False,Positive,Negative,Uncoded
i miss having time alone on my dayz off its getting very frustrating cleaning da house 4 my mommy,1,0,0.013613207320050974,0.986386792679949,False,Positive,Negative,Uncoded
i just saw your burger box twitter we should go tomorrow watch up then eat there,0,1,0.9084297207623532,0.9084297207623532,False,Negative,Positive,Uncoded
i'm sooooo frustrated and sick of my hair i want it a lot shorter can anyone suggest a hairstyle so i can go for a haircut next week,1,0,0.09386469617963693,0.9061353038203631,False,Positive,Negative,Uncoded
watching shutter absolutly shiting myself haha,0,1,0.9550138779292017,0.9550138779292017,False,Negative,Positive,Uncoded
just got home after a night at belo then los panchos and im sober i hate sleeping alone i wish he was here,1,0,0.02502862982310311,0.974971370176897,False,Positive,Negative,Uncoded
i'm trying but it's just not working sorry,1,0,0.003084324312064707,0.9969156756879353,False,Positive,Negative,Uncoded
i should know better than to tell panda quot when you wake up we're going to the park quot surefire way for it to be a very rainy morning,0,1,0.9070640430831132,0.9070640430831132,False,Negative,Positive,Uncoded
apparently i've been sucked into a vortex where i am unable to function normally help,1,0,0.02520235851454402,0.974797641485456,False,Positive,Negative,Uncoded
hopefully hanging with dave,0,1,0.9312169907996054,0.9312169907996054,False,Negative,Positive,Uncoded
hahahaha u crazy u cooking 2day ayo i'm starvinggggggg,0,1,0.900298301695759,0.900298301695759,False,Negative,Positive,Uncoded
hahaha stupid amanda doesn't know what to do,1,0,0.05654624696452769,0.9434537530354723,False,Positive,Negative,Uncoded
hey everyone i'm a loser,0,1,0.9001322268522441,0.9001322268522441,False,Negative,Positive,Uncoded
i simply cannot wait til march mam is waiting on a new credit too head out hopefully and get some new threads,0,1,0.9489034360374321,0.9489034360374321,False,Negative,Positive,Uncoded
i can't even go to twitter com except during my lunch time everything is pretty much blocked,1,0,0.08469078207495523,0.9153092179250448,False,Positive,Negative,Uncoded
on a cr8tiverec binge can't say i'm hating it tho who says i can only have sooo many colorful sneakers i need options damnit,1,0,0.02279805211686026,0.9772019478831397,False,Positive,Negative,Uncoded
i have the g1 wish i was still rockin a blackberry don't say i didn't warn you,1,0,0.08096726928425405,0.919032730715746,False,Positive,Negative,Uncoded
love it u rocked it last nite thank you for everything donnie i miss ya already much love always heather,0,1,0.945437937041844,0.945437937041844,False,Negative,Positive,Uncoded
you two are hilaaaaarious i love it vernae where have you been,0,1,0.9294245837194992,0.9294245837194992,False,Negative,Positive,Uncoded
i'm sorry i do not know what zanta is,1,0,0.03543945832919594,0.9645605416708041,False,Positive,Negative,Uncoded
lt 3 graduate 09 lt 3,0,1,0.9233550283121732,0.9233550283121732,False,Negative,Positive,Uncoded
hates frank,1,0,0.03353330048373222,0.9664666995162677,False,Positive,Negative,Uncoded
i'm far away from my copy of dead aid cn sum1 quickly remind me whether it discussed hiv cnt remember cnt discuss africa w out hiv,1,0,0.09049306861429925,0.9095069313857007,False,Positive,Negative,Uncoded
good morning twitter folk happy monday,0,1,0.9841652444193425,0.9841652444193425,False,Negative,Positive,Uncoded
wayy too much info xd why must i leave when everyone is spammy xd my back is okay still bruised but not as hurty how's you,1,0,0.021942515731713515,0.9780574842682865,False,Positive,Negative,Uncoded
doesnt have to travel for work today,1,0,0.01916509134443043,0.9808349086555695,False,Positive,Negative,Uncoded
yes you are back get to bed lol jk happy you are here,0,1,0.9823247964725134,0.9823247964725134,False,Negative,Positive,Uncoded
back to reality tomorrow thanks david cook and ryan star for the best weekend i've had in a while you guys are amazing,0,1,0.9148255715980526,0.9148255715980526,False,Negative,Positive,Uncoded
walking to school the polkice yesterday told us to go out of the bull ring without our car i was at school,1,0,0.08442211843651592,0.9155778815634841,False,Positive,Negative,Uncoded
just got off work and not a minute too soon medicines making him groggy wants a nap but is leaving for magoffin in less than an hour,1,0,0.04847061218853391,0.9515293878114661,False,Positive,Negative,Uncoded
twitter noob here what's a hash tag i'll follow your lead,0,1,0.9166887498544479,0.9166887498544479,False,Negative,Positive,Uncoded
god i miss coco lips sooo bad really wish i had the chance to bump into him,1,0,0.006472806113458451,0.9935271938865415,False,Positive,Negative,Uncoded
i wish i drank more,1,0,0.06547288145838621,0.9345271185416137,False,Positive,Negative,Uncoded
i wish the sun would come out,1,0,0.04580042013740679,0.9541995798625932,False,Positive,Negative,Uncoded
grease 2 sucks hardcore last day tomorrow bedddd,1,0,0.05192595312442936,0.9480740468755706,False,Positive,Negative,Uncoded
yes,0,1,0.9402305369441872,0.9402305369441872,False,Negative,Positive,Uncoded
hoee follllow me ive only got 2 folllowers and thats quit embarasssing,1,0,0.06975058936039165,0.9302494106396083,False,Positive,Negative,Uncoded
quot bugs do suck don't they yuck quot,1,0,0.046176910013422036,0.9538230899865779,False,Positive,Negative,Uncoded
you've done it again best not to mention the words,0,1,0.946751307765601,0.946751307765601,False,Negative,Positive,Uncoded
not feeling very well but i have to go to study for my final exams tomorrow can't wait for this week to end,1,0,0.008173294012740131,0.9918267059872599,False,Positive,Negative,Uncoded
it was great movie,0,1,0.9607571955223968,0.9607571955223968,False,Negative,Positive,Uncoded
it doesn't look like you're tired in the pic don't work too hard,1,0,0.09821350213760631,0.9017864978623937,False,Positive,Negative,Uncoded
but the a h1n1 virus still scares the living daylights out of me i went out with friends earlier btw,1,0,0.05202551335739407,0.947974486642606,False,Positive,Negative,Uncoded
hmm i usually cook healthy,0,1,0.9082840768852476,0.9082840768852476,False,Negative,Positive,Uncoded
crap day my new quot iphone quot is playing up already missed my train got stuck in the rain and now cracking open a bottle of wild turkey,1,0,0.08019429335187422,0.9198057066481258,False,Positive,Negative,Uncoded
i keep forgetting about text msgs good to talk to you chica happy saturday,0,1,0.962347247932521,0.962347247932521,False,Negative,Positive,Uncoded
make sure to tweet on how awesome it is havent seen it yet,0,1,0.9035385272088051,0.9035385272088051,False,Negative,Positive,Uncoded
you might not feel stupid but you'd still be stupid,1,0,0.0972024317961326,0.9027975682038674,False,Positive,Negative,Uncoded
i'm afraid i don't check your blog regularly enough but happy belated birthday i hope you had a great day,0,1,0.9653634453725444,0.9653634453725444,False,Negative,Positive,Uncoded
forget bird flu forget swine flu the worst flu to hit this season is man flu please support the cause,1,0,0.05965096981417835,0.9403490301858216,False,Positive,Negative,Uncoded
a sad tale of poor shorty who shouldn't have been so naughty trespassing in your tank he's got only himself to thank,1,0,0.022244632882443903,0.9777553671175561,False,Positive,Negative,Uncoded
way to fail at getting me in trouble cladia,1,0,0.08796050085808334,0.9120394991419166,False,Positive,Negative,Uncoded
you touch my earth you touch my soul,0,1,0.9022786431528497,0.9022786431528497,False,Negative,Positive,Uncoded
woke up to a txt from my boss saying were not working in the rain back to bed for me,1,0,0.06601005987948154,0.9339899401205185,False,Positive,Negative,Uncoded
just touched down in l a off to my photoshoot so much for beauty sleep but thank god for photoshop lol,0,1,0.9128946090778383,0.9128946090778383,False,Negative,Positive,Uncoded
exactly my grandchildren will be able to se my teddy they won't be allowed to play with him but they can look,1,0,0.06589493483923797,0.9341050651607621,False,Positive,Negative,Uncoded
i would have won if hadn't cheated,1,0,0.09771887763489297,0.902281122365107,False,Positive,Negative,Uncoded
shit these niggahs are ridiculous but yooooour not a lame amp i'm mad your dying at work what time you get off,1,0,0.03178674750670839,0.9682132524932916,False,Positive,Negative,Uncoded
time warner cable fast download 15 4mbps really slow upload 54kbps live support busted ms sql error '80040e14' very helpful,1,0,0.09159667040040678,0.9084033295995932,False,Positive,Negative,Uncoded
this party is not cool haha sorry dessy,1,0,0.04682891983727731,0.9531710801627227,False,Positive,Negative,Uncoded
exactly and it doesn't have cold winters it's like 45 degrees in january and is 65 70 in july,1,0,0.09339373129120705,0.9066062687087929,False,Positive,Negative,Uncoded
sorry i misspelled it,1,0,0.04061077348597058,0.9593892265140295,False,Positive,Negative,Uncoded
good stuff i have craft hmw,0,1,0.9230761696731298,0.9230761696731298,False,Negative,Positive,Uncoded
gonna catch some zzzz's good night twits tomorrow is a day for enjoying with the person who gave birth to you your mom amp ap studying,0,1,0.9397178266260953,0.9397178266260953,False,Negative,Positive,Uncoded
going to visit alaina because i reeeeeally don't wanna be here anymore plus i'm hungry,1,0,0.05809187848943405,0.9419081215105659,False,Positive,Negative,Uncoded
smh lmfaoo she all over my shoulder but shidd she greedier than me,1,0,0.013596506861255422,0.9864034931387445,False,Positive,Negative,Uncoded
dannnnnnnggggggggg i would've loved it haha,0,1,0.9012658565812492,0.9012658565812492,False,Negative,Positive,Uncoded
thanks denise not looking good though long range forcast rain all week sooo over it you have a good weekend though,1,0,0.0819908640609779,0.9180091359390221,False,Positive,Negative,Uncoded
i want shrimp,1,0,0.060656416757406115,0.9393435832425939,False,Positive,Negative,Uncoded
welcome to twitter you got it yet enjoy your bbq so so jealous,0,1,0.9425273971659978,0.9425273971659978,False,Negative,Positive,Uncoded
u racked em up first i get 0 u get 1 5 lmao,0,1,0.9028148447409048,0.9028148447409048,False,Negative,Positive,Uncoded
i can't beat great tiger,0,1,0.9138603906319508,0.9138603906319508,False,Negative,Positive,Uncoded
u know bird man dodgers suck bt i still love u,1,0,0.08384977754201824,0.9161502224579817,False,Positive,Negative,Uncoded
hmmm its just not the same as 3 shredded wheat tho,1,0,0.07477132218458418,0.9252286778154158,False,Positive,Negative,Uncoded
she's gonna be the death of me but she's sooo soo funny tennessee is rainy again today le sigh,1,0,0.06814866380729886,0.9318513361927011,False,Positive,Negative,Uncoded
good morning what lovely weather for a bank holiday,0,1,0.9122851840923307,0.9122851840923307,False,Negative,Positive,Uncoded
on the train homeeee p s i don't want to go to work,1,0,0.01783111482688115,0.9821688851731188,False,Positive,Negative,Uncoded
yes i know dear hmm maybe u can do activities u love,0,1,0.9108653754542159,0.9108653754542159,False,Negative,Positive,Uncoded
i didn't win but i didn't lose though drinking time,1,0,0.0072033702525632045,0.9927966297474368,False,Positive,Negative,Uncoded
fail,1,0,0.002722605875572439,0.9972773941244275,False,Positive,Negative,Uncoded
hi i was stuck on my laptop working saturday hopefully more time to myself today trying to get over a nasty cold,1,0,0.06959513057895887,0.9304048694210412,False,Positive,Negative,Uncoded
is that worth it haha,0,1,0.9836598871093193,0.9836598871093193,False,Negative,Positive,Uncoded
i wish we could have one beach day here damn uk weather we have to travel so far to get some sun,1,0,0.07734327699767835,0.9226567230023217,False,Positive,Negative,Uncoded
you're the best please gimme a lil hii just one lil hi,0,1,0.9855853739282123,0.9855853739282123,False,Negative,Positive,Uncoded
why so broke teach more tennis,1,0,0.0420132463838812,0.9579867536161188,False,Positive,Negative,Uncoded
not a big fan of kelly clarkson's song haunted as bella's theme song in nm,0,1,0.9184070907478356,0.9184070907478356,False,Negative,Positive,Uncoded
in the grand scheme of things i have been lucky house hasn't been broken into yet car hasn't been stolen,1,0,0.025259258464081048,0.9747407415359189,False,Positive,Negative,Uncoded
so you think you can dance marathon can't wait for the top 20 to be announced working later,0,1,0.9182971536122884,0.9182971536122884,False,Negative,Positive,Uncoded
buaaa im awake snuffles is fucked up my neck hurts,1,0,0.0062584835234474265,0.9937415164765526,False,Positive,Negative,Uncoded
sighs its hot and humid wish i had a pool to jump into and cool off,1,0,0.09614526926901866,0.9038547307309813,False,Positive,Negative,Uncoded
i wish more of my friends were online but they have real lives and don't have to be addicted to the internet,1,0,0.0488354294383376,0.9511645705616624,False,Positive,Negative,Uncoded
stupid host,1,0,0.06398656058468748,0.9360134394153126,False,Positive,Negative,Uncoded
downloading itunes for the 3rd time let's see if it works this time,0,1,0.9456491082828986,0.9456491082828986,False,Negative,Positive,Uncoded
a yeah i felt the same but somehow i did it i'm doing ok so far no pains or aches,1,0,0.06327304235299251,0.9367269576470075,False,Positive,Negative,Uncoded
ahh jeez i miss my friends,1,0,0.0025772192465123916,0.9974227807534876,False,Positive,Negative,Uncoded
smh,1,0,0.009132788461142285,0.9908672115388577,False,Positive,Negative,Uncoded
sid loves michelle you love michelle what about cassie,0,1,0.9198087036127672,0.9198087036127672,False,Negative,Positive,Uncoded
im like really bored staring at my arms the autographs are on my hands are kinda fading away but the arm parts r still der,1,0,0.04208485984671729,0.9579151401532827,False,Positive,Negative,Uncoded
i'm watching the nanny,0,1,0.9298834962984271,0.9298834962984271,False,Negative,Positive,Uncoded
my hair looks all crappy grrr gt lt bad hair day tomorrow fersure ugh well finally going to sleep tweetnight haha,1,0,0.06176024479510478,0.9382397552048952,False,Positive,Negative,Uncoded
i guess eventually i tried to learn french and it didnt work after 1 year i gave up lol,1,0,0.03211176774466011,0.9678882322553399,False,Positive,Negative,Uncoded
good luck for the future though,0,1,0.9264648263981756,0.9264648263981756,False,Negative,Positive,Uncoded
thanks for the followfriday love even if it's a little late for me to post back,0,1,0.9471031933265751,0.9471031933265751,False,Negative,Positive,Uncoded
is dun with revision honestly cant doo noo moree so i am going to watch the hills,1,0,0.09205347525418264,0.9079465247458174,False,Positive,Negative,Uncoded
easter sunday and updating other people's good times europavox amp,0,1,0.9406682553288424,0.9406682553288424,False,Negative,Positive,Uncoded
wow that sucks someone needs a hug,1,0,0.0166780910372543,0.9833219089627457,False,Positive,Negative,Uncoded
okay but do not be sad because today is day of the party,1,0,0.052990704613386966,0.947009295386613,False,Positive,Negative,Uncoded
i can't see your photo either leisha hope you had fun with the cute little farm animals cam x,0,1,0.9325306406884201,0.9325306406884201,False,Negative,Positive,Uncoded
never underestimate the pain of a broken toe it's been a week today and still hurts like hell target should make me feel better,1,0,0.02488296968570406,0.975117030314296,False,Positive,Negative,Uncoded
i want to work at intel,1,0,0.015819261570607302,0.9841807384293927,False,Positive,Negative,Uncoded
saw bolo in tao sop nway let me know when you can chat or if u r using yu,0,1,0.9327086402702026,0.9327086402702026,False,Negative,Positive,Uncoded
stop i'm dribbling i've just had my branflakes and i'm jealous damnit,1,0,0.06167636776272674,0.9383236322372732,False,Positive,Negative,Uncoded
totally hangover sun is shining otaliaholics have a nice day,0,1,0.9485910888258087,0.9485910888258087,False,Negative,Positive,Uncoded
you don't care a bit,0,1,0.920039426556517,0.920039426556517,False,Negative,Positive,Uncoded
energy amp peace amp love and btw i'd like some for me too,0,1,0.9414963318837486,0.9414963318837486,False,Negative,Positive,Uncoded
math exam have me a headache i'm ready for summer and so close,1,0,0.09876141093838145,0.9012385890616186,False,Positive,Negative,Uncoded
ahh drama always seems to follow me top is still lonely tho,1,0,0.052860936694066295,0.9471390633059337,False,Positive,Negative,Uncoded
yeah but if that's the only problem i can find so far meh its still batting way above 500 forddrive,1,0,0.05753992697293647,0.9424600730270636,False,Positive,Negative,Uncoded
i gotta do my homework but i don't wanna haha,1,0,0.029096256380250894,0.9709037436197491,False,Positive,Negative,Uncoded
please play gossip heavy cross immense tune from ash,0,1,0.9367656209364318,0.9367656209364318,False,Negative,Positive,Uncoded
good luck,0,1,0.9760866036518518,0.9760866036518518,False,Negative,Positive,Uncoded
ohhhh that's no good damn those oysters hope you feel better soon,1,0,0.04790333274381607,0.9520966672561839,False,Positive,Negative,Uncoded
back to work tom oh no i hate this time on a sun except this sun as im settlin down to watch the apprentice kate to win,1,0,0.025097262913152528,0.9749027370868475,False,Positive,Negative,Uncoded
sorry just saw you message from yesterday don't feel bad i thought it went really well,1,0,0.08795884967316951,0.9120411503268305,False,Positive,Negative,Uncoded
i am so bored right now and idk what to do,1,0,0.01797586985406662,0.9820241301459334,False,Positive,Negative,Uncoded
yeah no can do on cleats the problem is that i need these now no time to wait for shipping thanks for the help though,1,0,0.04050362874120833,0.9594963712587916,False,Positive,Negative,Uncoded
at work,1,0,0.05012979443807357,0.9498702055619265,False,Positive,Negative,Uncoded
soooo tired gunna head home soon,1,0,0.08234540570146541,0.9176545942985346,False,Positive,Negative,Uncoded
since instead those heffas wanted to give me a baby girl i named her aubria i wanted a boy got damnit,1,0,0.08166711195542606,0.9183328880445739,False,Positive,Negative,Uncoded
cool work is good busy,0,1,0.96204484081933,0.96204484081933,False,Negative,Positive,Uncoded
raining hard here cant go home,1,0,0.01556028530192396,0.984439714698076,False,Positive,Negative,Uncoded
so th country isnt so bad,1,0,0.06090120913284673,0.9390987908671533,False,Positive,Negative,Uncoded
yeah i know but money kinda broke so can't afford it haha,1,0,0.06741390697931268,0.9325860930206873,False,Positive,Negative,Uncoded
kaninang morning,0,1,0.9737525647250769,0.9737525647250769,False,Negative,Positive,Uncoded
no amp amp i'm missing my hat so i look normail,1,0,0.04697327195620031,0.9530267280437997,False,Positive,Negative,Uncoded
at minibar listening to politics maybe some tech starups soon,0,1,0.9436658381953581,0.9436658381953581,False,Negative,Positive,Uncoded
drinking marco negri tonight reminds me of that wonderful dinner at chris mcd's,0,1,0.9156562050758896,0.9156562050758896,False,Negative,Positive,Uncoded
aww well get some rest ok i hope you feel better ok good night and sweet dreams,0,1,0.9485396979701225,0.9485396979701225,False,Negative,Positive,Uncoded
morning why did you mention work booooo theres still half the weekend left lol that said im doing a bit of work now,1,0,0.09469135794880529,0.9053086420511947,False,Positive,Negative,Uncoded
lol like that one cheers 4 dm just seein if it worked battery now flat,0,1,0.9396349367652437,0.9396349367652437,False,Negative,Positive,Uncoded
i feel you on sucky apts but i'm trying to leave home this one month has been enough,1,0,0.05657219815910651,0.9434278018408935,False,Positive,Negative,Uncoded
i love you too,0,1,0.9548570386996079,0.9548570386996079,False,Negative,Positive,Uncoded
i freakin miss you guys i want to go to every concert and i cant fresno luvs you,1,0,0.03735707837006308,0.9626429216299369,False,Positive,Negative,Uncoded
thank you staysay,0,1,0.9990399619866072,0.9990399619866072,False,Negative,Positive,Uncoded
it's shit and rainy and cold sucks hard,1,0,0.010531617144177661,0.9894683828558224,False,Positive,Negative,Uncoded
guess wht i've never done put music on phone i don't even know where 2 start amp guess what else i lost my ipod no lol no,1,0,0.07806404871851859,0.9219359512814814,False,Positive,Negative,Uncoded
i cant waittttttt,1,0,0.0002465605596334992,0.9997534394403665,False,Positive,Negative,Uncoded
just woke up kinda looked like a zombie accidentally left my eye makeup on so i had black smudged around my eyes,1,0,0.08247785526294714,0.9175221447370528,False,Positive,Negative,Uncoded
the thing is i'm not panicking about it,1,0,0.07291746528629277,0.9270825347137073,False,Positive,Negative,Uncoded
but doing the squarespace idea is truly brilliant that's why i keep doing it it's a great marketing strategy that i won't actually win,0,1,0.9661018374117031,0.9661018374117031,False,Negative,Positive,Uncoded
thanks there things are monsters that nom nom on me in the night,0,1,0.9373632878299647,0.9373632878299647,False,Negative,Positive,Uncoded
aubries a whore i hate her,1,0,0.09814681289108991,0.90185318710891,False,Positive,Negative,Uncoded
somehow i went to bed at two and woke up without my alarm at 6 45 oh and i'm really not that tired but my legs hurt like hell,1,0,0.039103825620972116,0.9608961743790279,False,Positive,Negative,Uncoded
sry i have neglected twitter i feel bad works been crazy but im on now,1,0,0.03918706041873503,0.960812939581265,False,Positive,Negative,Uncoded
went to a fort got shouted at for going there attempting to revise politics sadly failing,1,0,0.010333230486189133,0.9896667695138108,False,Positive,Negative,Uncoded
have nothing to do but i don't want to chat,1,0,0.014329358063124551,0.9856706419368755,False,Positive,Negative,Uncoded
say quot i love you goodnight quot please,0,1,0.9436675651195742,0.9436675651195742,False,Negative,Positive,Uncoded
i tried to text u last night i mean i did but i realized i sent it to ur mom's cell which used to be urs,1,0,0.08097420903389499,0.919025790966105,False,Positive,Negative,Uncoded
sweett jessusssss its cold in the house,1,0,0.0859197938135998,0.9140802061864002,False,Positive,Negative,Uncoded
finisheed work,1,0,0.00802145212752869,0.9919785478724713,False,Positive,Negative,Uncoded
yeah that's what i love guys like sergio romo and andres torres they really appreciate the fans it's great,0,1,0.9697669544782904,0.9697669544782904,False,Negative,Positive,Uncoded
its work time dam friends and their jamie t buzz grrr,1,0,0.09520754332243939,0.9047924566775606,False,Positive,Negative,Uncoded
only 2hrs left of work amp back to fallout 3 dlc broken steel,1,0,0.06082231534803082,0.9391776846519692,False,Positive,Negative,Uncoded
why,1,0,0.007010777479846043,0.992989222520154,False,Positive,Negative,Uncoded
went to sch only to find out that lower pri teachers don't have to be in sch today no one told us so we're having mac breakfast now,1,0,0.040224825025189724,0.9597751749748102,False,Positive,Negative,Uncoded
i hate turbulance yikes hold on tight,1,0,0.08174204551783501,0.918257954482165,False,Positive,Negative,Uncoded
that url inside the image isn't working pretty one though,1,0,0.04118974339548156,0.9588102566045185,False,Positive,Negative,Uncoded
omg d tomorrow it's my last day at school,1,0,0.07762384978288002,0.9223761502171199,False,Positive,Negative,Uncoded
it's a damn shame how the starbucks guy knows me cause were there so much and i almost ran over haylee in the mcdonalds parking lot,1,0,0.06889785077608365,0.9311021492239163,False,Positive,Negative,Uncoded
stop teasing i want 2 hear u sing miss niki please,1,0,0.025052994165467617,0.9749470058345324,False,Positive,Negative,Uncoded
i haven't trouble to fall asleep my trouble is what happen then lol my brain seems to like torturing my sleep,1,0,0.08569967501881204,0.914300324981188,False,Positive,Negative,Uncoded
chilling allllllways drama jesus i love when people actually make,0,1,0.9613858560493359,0.9613858560493359,False,Negative,Positive,Uncoded
leave today to go home cobleskill it's been fun but now i need to go to oneonta,1,0,0.020865438598244374,0.9791345614017556,False,Positive,Negative,Uncoded
too tired to think never end coachella,1,0,0.043671666179482475,0.9563283338205175,False,Positive,Negative,Uncoded
pondering the best way of implementing a classic asp multi language website model,0,1,0.9774589394625597,0.9774589394625597,False,Negative,Positive,Uncoded
yes you should oh well,0,1,0.9029845292109562,0.9029845292109562,False,Negative,Positive,Uncoded
essendon lost i miss home had nasi lemak rendang melbourne is freakin call and now viewing irene's new apartment,1,0,0.07106001100351622,0.9289399889964838,False,Positive,Negative,Uncoded
joni hit your head haha,0,1,0.9128416414091982,0.9128416414091982,False,Negative,Positive,Uncoded
omg the bus is leaking only on the principal im dying,1,0,0.051522839095682914,0.9484771609043171,False,Positive,Negative,Uncoded
my daughter found out bf is 18 was pissed and breaking up w him today she didn't like that he lied so early that's my girl,1,0,0.042021657839803245,0.9579783421601967,False,Positive,Negative,Uncoded
you win,0,1,0.95015088876812,0.95015088876812,False,Negative,Positive,Uncoded
injury list damaged left heel left shoulder in pain left knee shunted my first hat trick as a pro wrestler,1,0,0.031623562158473346,0.9683764378415266,False,Positive,Negative,Uncoded
i actually feel bad for making fun of sorry becky you fully should submit that story to fmylife though,1,0,0.035212877707644336,0.9647871222923556,False,Positive,Negative,Uncoded
in school haha p technology will twitter later people xx,0,1,0.9021288381470145,0.9021288381470145,False,Negative,Positive,Uncoded
likes sugar,0,1,0.9356226520747143,0.9356226520747143,False,Negative,Positive,Uncoded
we didn't find a thresher shark we lost an anchor,1,0,0.01233178828517703,0.987668211714823,False,Positive,Negative,Uncoded
still working gotta a poop wanna go see someone tonight hopefully not too late,1,0,0.047288429620242496,0.9527115703797575,False,Positive,Negative,Uncoded
i'm just starting it brinn guess what i get my laptop back but i can't use the messenger hate it,1,0,0.035893710378077724,0.9641062896219222,False,Positive,Negative,Uncoded
worst day yellow me,1,0,0.05437207033266635,0.9456279296673337,False,Positive,Negative,Uncoded
is that the cute jonas hmm,0,1,0.9341530026819413,0.9341530026819413,False,Negative,Positive,Uncoded
ha ha glad i'm an a cup yeah right,0,1,0.9885973420706303,0.9885973420706303,False,Negative,Positive,Uncoded
going out no went out no plans no sex i wish chilling out yes how about you if i were in nyc i'd never stay home,1,0,0.09829189357085297,0.901708106429147,False,Positive,Negative,Uncoded
just had arby's 4 lunch glad it was free,0,1,0.9372962382490376,0.9372962382490376,False,Negative,Positive,Uncoded
sow kynd uv ya 2 follow former radio jock,0,1,0.9202272695244147,0.9202272695244147,False,Negative,Positive,Uncoded
and the four right chords can make me cry when i'm w you i feel like i could die amp that would be all right,1,0,0.08163701239493895,0.9183629876050611,False,Positive,Negative,Uncoded
its a b e a tiful night to be a ny'er sorry if you're not here but its quot verrrrrrry niiiiiiiiiice i liiiiiiike,1,0,0.09500368190324905,0.904996318096751,False,Positive,Negative,Uncoded
thank you,0,1,0.9990399619866072,0.9990399619866072,False,Negative,Positive,Uncoded
same here i'd miss you,1,0,0.03186944381544973,0.9681305561845502,False,Positive,Negative,Uncoded
lol yeah i'm sucking it up and getting ready as i'm writting i'm all smiles now lol,0,1,0.9521989098824666,0.9521989098824666,False,Negative,Positive,Uncoded
i feel rather cheery despite being stuck indoors all day revising,1,0,0.04355160219551561,0.9564483978044844,False,Positive,Negative,Uncoded
awww too bad i cant help with that,1,0,0.03650730997575465,0.9634926900242453,False,Positive,Negative,Uncoded
happy midsummers eve or whatever you all say i want some ben amp jerry's,0,1,0.93255594074245,0.93255594074245,False,Negative,Positive,Uncoded
missing my wife and working on my dang summer school syllabus why am i teaching alg 1 again,1,0,0.004285846397930714,0.9957141536020693,False,Positive,Negative,Uncoded
bout to go to work i didn't get to play the belvedere game last nite but i have a car full of bubble gum,1,0,0.034667166212109635,0.9653328337878904,False,Positive,Negative,Uncoded
i wish i could go to j sweens tonight but my mom wants me to rest leaving to my show,1,0,0.008333254853647684,0.9916667451463523,False,Positive,Negative,Uncoded
i feel like being pampered so i'm about to take a nice bath and relax so i can be wined amp dined goodnight twittville be safe muah,0,1,0.9731975373931732,0.9731975373931732,False,Negative,Positive,Uncoded
my eye lids are getting so heavyy i can barely hold up my phone bed time,1,0,0.033266629742616884,0.9667333702573832,False,Positive,Negative,Uncoded
visiting a cousins farm but i can go home,1,0,0.046074034005764805,0.9539259659942352,False,Positive,Negative,Uncoded
just realized i have no hw due tomorrow sweet,1,0,0.0950744377321395,0.9049255622678605,False,Positive,Negative,Uncoded
thanks for speaking to me with such kindness and respect little boy i wondered if you were joking was just making sure,0,1,0.971071414942888,0.971071414942888,False,Negative,Positive,Uncoded
stfu haha,0,1,0.9720264715542676,0.9720264715542676,False,Negative,Positive,Uncoded
thanks,0,1,0.9996426389244277,0.9996426389244277,False,Negative,Positive,Uncoded
sorry your having a sad day friend,1,0,0.0040004763696937125,0.9959995236303063,False,Positive,Negative,Uncoded
i hate it too i have to late so much time and i get nerves now i hope everything will be ok,1,0,0.029390340041919323,0.9706096599580807,False,Positive,Negative,Uncoded
just had a bath though now my arm is starting to hurt too nowhere near as bad as the hip leg though,1,0,0.044683122771287574,0.9553168772287124,False,Positive,Negative,Uncoded
is it bad to be such a hopeless romantic i can't helpl it,1,0,0.07871787128816432,0.9212821287118357,False,Positive,Negative,Uncoded
attempting to clean my house but i can't guarentee anything,1,0,0.030589008381935685,0.9694109916180643,False,Positive,Negative,Uncoded
there r so many posers i hate that,1,0,0.030160736518959518,0.9698392634810404,False,Positive,Negative,Uncoded
is starting to have this pre summer sore throat have to go an get some pastilles kugh kugh but the sun is shining so my mood is set,1,0,0.07327034734318032,0.9267296526568197,False,Positive,Negative,Uncoded
i usually drink a fasting tea when i feel sick,1,0,0.09078668186659107,0.9092133181334089,False,Positive,Negative,Uncoded
my hair is longer again but now i want it short what should i do,1,0,0.05726319232437569,0.9427368076756243,False,Positive,Negative,Uncoded
about to get fucked up last day of high school miss berrys residence,1,0,0.04437879318168029,0.9556212068183197,False,Positive,Negative,Uncoded
bzbzbz wont be on9 much,1,0,0.050726990690316,0.949273009309684,False,Positive,Negative,Uncoded
shame on me i've been cleaning my desk off for like 3 hours now doing paperwork too but mostly slacking,1,0,0.027727200068102958,0.9722727999318971,False,Positive,Negative,Uncoded
listening to some morningwood quot sugarbaby quot musicmonday than off to run errands all day,0,1,0.9645235978088106,0.9645235978088106,False,Negative,Positive,Uncoded
going window treatment or d cor shopping whatever u call it can't wait,0,1,0.9526167847340856,0.9526167847340856,False,Negative,Positive,Uncoded
goood morning it's going to be hot today yay,0,1,0.9557966360598644,0.9557966360598644,False,Negative,Positive,Uncoded
yeah made me real happy before that allmy fantasy drivers were running 20 or better,0,1,0.9253287625802006,0.9253287625802006,False,Negative,Positive,Uncoded
it's my wicket e wack a i miss my pistol puppy,1,0,0.011554888898891408,0.9884451111011086,False,Positive,Negative,Uncoded
i wouldn't eat those member i love duckies but i remember the margaritas yes indeed,0,1,0.9410736007161615,0.9410736007161615,False,Negative,Positive,Uncoded
guess u made it to sleep well sleep well b and rise rested may u have dreams full of new music w a new sound all ur own,0,1,0.9140679401411612,0.9140679401411612,False,Negative,Positive,Uncoded
well i was going to mention the excellent yorks v derbys result but don't want to upset any more so i won't,1,0,0.0692956839160342,0.9307043160839658,False,Positive,Negative,Uncoded
good morning lovelies its 7 am and i am up my only day i have to work is a tuesday until i find another job,1,0,0.09454027391740855,0.9054597260825914,False,Positive,Negative,Uncoded
still got alot of work to do but too tired and last ever prison break to watch,1,0,0.04837204219057585,0.9516279578094241,False,Positive,Negative,Uncoded
nope them didn't catch him i wish i had cloak could have backstabbed him,1,0,0.016058930301892115,0.9839410696981079,False,Positive,Negative,Uncoded
omg its raining i should just go sit outside and get soaking wet on second thought thats a bad idea gt lt,1,0,0.07746311193375963,0.9225368880662403,False,Positive,Negative,Uncoded
actually the collection of coelho is mine too bad veronika isn't with me anymore an aussie friend took it back home,1,0,0.05215838216243438,0.9478416178375656,False,Positive,Negative,Uncoded
hey john well you know how it goes those cubbies of mine,0,1,0.9259345299829176,0.9259345299829176,False,Negative,Positive,Uncoded
had a good time the boat house english bay now do some stuff for sec,0,1,0.9557271043104597,0.9557271043104597,False,Negative,Positive,Uncoded
i told you mate america loves susan boyle we love singers but i can't name one dance troupe that gets national attention here,0,1,0.9339942088323866,0.9339942088323866,False,Negative,Positive,Uncoded
wtf i used the bathroom once and now i cant go back to sleep oh great maybe i will watch cartoons,1,0,0.08088882772156347,0.9191111722784365,False,Positive,Negative,Uncoded
poor david canadians fans they haven't had him since last dec i have a feeling a month or 2 after the tour he'll be there,1,0,0.03614070481770555,0.9638592951822944,False,Positive,Negative,Uncoded
yes,0,1,0.9402305369441872,0.9402305369441872,False,Negative,Positive,Uncoded
currently drinking tea listening to some records chatting with friends then i close the store tonight,0,1,0.9430406684559614,0.9430406684559614,False,Negative,Positive,Uncoded
although she didn't win i think she won already,1,0,0.04040030899140407,0.9595996910085959,False,Positive,Negative,Uncoded
i meant drunk,0,1,0.9014777441892663,0.9014777441892663,False,Negative,Positive,Uncoded
something we all need sometime,0,1,0.9033607011107712,0.9033607011107712,False,Negative,Positive,Uncoded
you poor girl i do feel for you,1,0,0.048393687572049704,0.9516063124279504,False,Positive,Negative,Uncoded
yer same i wish i knew paula 4for i did but 1 year 3 months,1,0,0.07257745440593447,0.9274225455940656,False,Positive,Negative,Uncoded
glad yall had an awesome hike even if it was bitter sweet,0,1,0.9644154093384977,0.9644154093384977,False,Negative,Positive,Uncoded
is almost at church 80s music is playing but at least it's cyndi lauper haha so girl just wanna have fun,0,1,0.9351454220312696,0.9351454220312696,False,Negative,Positive,Uncoded
lol 15 a day,0,1,0.9292867844753797,0.9292867844753797,False,Negative,Positive,Uncoded
ah dam i am so sad mike drank too much and fell asleep already i was hoping for some hot sex maybe in the am now i guess,1,0,0.003995384008352489,0.9960046159916475,False,Positive,Negative,Uncoded
i'm sorry to say it aired already it was live now why aren't you watching the 10 o'clock news,1,0,0.09471680322592003,0.90528319677408,False,Positive,Negative,Uncoded
i wish nah he draws that line unfortunately kinda makes me love him more,1,0,0.08308162223139781,0.9169183777686022,False,Positive,Negative,Uncoded
did you see the 15 sec clip of the new moon trailer its up on etonline com check it out its a big tease though,0,1,0.9079794487794505,0.9079794487794505,False,Negative,Positive,Uncoded
i know u all did a good job i can't wait to see the video behave urselves tonite u 2 loosey gooseys lol,0,1,0.9601370228945558,0.9601370228945558,False,Negative,Positive,Uncoded
i fucking love fairss ahh soo much fun energized for a party,0,1,0.9743003224504477,0.9743003224504477,False,Negative,Positive,Uncoded
so haunting in conneticut wasnt bad scared the piss outta me so got my moneys worth mmmhmmm,1,0,0.08578391202949504,0.914216087970505,False,Positive,Negative,Uncoded
i've never flown how sad is that many missed opportunities i'm strong in so many ways but not 4 flying 1 day w meds,1,0,0.01159777819853328,0.9884022218014668,False,Positive,Negative,Uncoded
nice i'm glad that at least worked i can't see half the images on etsy,0,1,0.9057976570916411,0.9057976570916411,False,Negative,Positive,Uncoded
no i did not dear,1,0,0.0158049500187517,0.9841950499812483,False,Positive,Negative,Uncoded
is that why is not,1,0,0.05969091006844436,0.9403090899315556,False,Positive,Negative,Uncoded
we're trying to help you smile you know,0,1,0.9845482069524987,0.9845482069524987,False,Negative,Positive,Uncoded
thanks still not showing up on mine tho s guess twitter still hates me lol,1,0,0.026521888493391415,0.9734781115066086,False,Positive,Negative,Uncoded
good morning to you too it is indeed a glorious day i will admire through office window,0,1,0.9870052047284512,0.9870052047284512,False,Negative,Positive,Uncoded
oops you also,0,1,0.9172904249975055,0.9172904249975055,False,Negative,Positive,Uncoded
still no carl zeiss but at least e72 has 5mp i wasn't aware of it before it is announced today,1,0,0.07961106734166512,0.9203889326583349,False,Positive,Negative,Uncoded
wow phuck i don't have school tomorrow,1,0,0.026992027799105915,0.9730079722008941,False,Positive,Negative,Uncoded
my little man just lost a tooth guess the tooth fairy will visit tonight,1,0,0.08252557959374976,0.9174744204062503,False,Positive,Negative,Uncoded
thanks a bit better now but still,0,1,0.9585162108832093,0.9585162108832093,False,Negative,Positive,Uncoded
yes,0,1,0.9402305369441872,0.9402305369441872,False,Negative,Positive,Uncoded
one 4 men over heard quot its not fair why isn't there a more mag for men quot not that he needs 1 jus reads mine lol,1,0,0.08241204339113992,0.9175879566088601,False,Positive,Negative,Uncoded
i kno so sad for my sexxxxyyy ass dwight i miss u les lets hang out sooon,1,0,0.010166312139628986,0.9898336878603711,False,Positive,Negative,Uncoded
this vid id great i second that,0,1,0.9470138981783602,0.9470138981783602,False,Negative,Positive,Uncoded
woke up wasted,1,0,0.06079379698385044,0.9392062030161495,False,Positive,Negative,Uncoded
goin 2 bed ew i can c my vains poppi n out of my hand wow dat was random,1,0,0.09489870967980454,0.9051012903201955,False,Positive,Negative,Uncoded
quality time with my princess some noqqin and amp ' toyzs dhen eatinqg dinner dhat my babi3e cooked for me lt 3 dhen back home,0,1,0.9249395375629147,0.9249395375629147,False,Negative,Positive,Uncoded
sounds funn,0,1,0.9788200387079241,0.9788200387079241,False,Negative,Positive,Uncoded
coffee good donut order regular donut balls chocolate,0,1,0.9100953889573103,0.9100953889573103,False,Negative,Positive,Uncoded
do you feel lonely i am so lonely i got nobody to annoy i had that in my name when u weren't online,1,0,0.005264410716662771,0.9947355892833373,False,Positive,Negative,Uncoded
sugar is my weakness the cleanse sounds very interesting can u share a site we might join you,0,1,0.9145819233761765,0.9145819233761765,False,Negative,Positive,Uncoded
has the flu d damn i shouldnt have ran around the mall alot yesterday but it sure was a hell of a good time,1,0,0.08107712352696639,0.9189228764730336,False,Positive,Negative,Uncoded
why is it stupid,1,0,0.0045140733692238455,0.9954859266307762,False,Positive,Negative,Uncoded
this is why we can't have nice things,0,1,0.9403438663871908,0.9403438663871908,False,Negative,Positive,Uncoded
miss me some sweet moments,0,1,0.9244526981579512,0.9244526981579512,False,Negative,Positive,Uncoded
good tip though i was too stupid to think to turn the damn trackpad off,1,0,0.09884272823270654,0.9011572717672934,False,Positive,Negative,Uncoded
hi hi you're really great as lucas scott can't imagine oth without you anyway i hope you'll have more opportunities,0,1,0.9189109150580954,0.9189109150580954,False,Negative,Positive,Uncoded
im glad everybody liked the new video lols and i totally just woke up a,0,1,0.9585230975656549,0.9585230975656549,False,Negative,Positive,Uncoded
lol my dad just told the guys it was getting late and they had to leave they looked scared shitless and i thought it was a little funny,1,0,0.050703218515548175,0.9492967814844518,False,Positive,Negative,Uncoded
my phone is too far to reach so i hope he gets this through text can i some of your popmie,1,0,0.09081781419809307,0.9091821858019069,False,Positive,Negative,Uncoded
don't go too far away,1,0,0.014178418170673793,0.9858215818293262,False,Positive,Negative,Uncoded
well goodnight everyone please so me some love on my new video if you would thanks,0,1,0.9842761923682882,0.9842761923682882,False,Negative,Positive,Uncoded
wish to be with her right now,1,0,0.07598441810698367,0.9240155818930164,False,Positive,Negative,Uncoded
hahaha that'd be great except then hbo could sue you and make you stop using it and that would suck ass,0,1,0.9263540840818895,0.9263540840818895,False,Negative,Positive,Uncoded
i'd heard it was lost too and i've yet to find it,1,0,0.049917978863456475,0.9500820211365435,False,Positive,Negative,Uncoded
yes,0,1,0.9402305369441872,0.9402305369441872,False,Negative,Positive,Uncoded
ah girlll i just saw your tweet thank you so much the show went so well ill send you the video,0,1,0.9141945039059106,0.9141945039059106,False,Negative,Positive,Uncoded
i looove that song,0,1,0.9442197371319093,0.9442197371319093,False,Negative,Positive,Uncoded
sorry just had to do that,1,0,0.07098305345530591,0.9290169465446941,False,Positive,Negative,Uncoded
a sleep well,0,1,0.9081051007301048,0.9081051007301048,False,Negative,Positive,Uncoded
i loved mine but then it broke i hate how everyone is getting bb's now though because they've saw them on tv lol,1,0,0.014140742683384232,0.9858592573166157,False,Positive,Negative,Uncoded
i really need 2 start revising s think ill go in2 town instead,1,0,0.08217095788940294,0.917829042110597,False,Positive,Negative,Uncoded
wow you are twittering lol only for a hour i'm sure,0,1,0.9575165073835645,0.9575165073835645,False,Negative,Positive,Uncoded
ah failed maths exam bugger once again now sat on garden stealing other peoples wifi tan please,1,0,0.08520367273492055,0.9147963272650794,False,Positive,Negative,Uncoded
it didn't rain eventually but it was dark for a moment just nw it's not hot now though,1,0,0.07731326109179734,0.9226867389082026,False,Positive,Negative,Uncoded
a should've had 2 pk referee had bad night b any mex loos c celebrate me,1,0,0.08085455202801677,0.9191454479719833,False,Positive,Negative,Uncoded
i should have ruined the awards ceromony at school,1,0,0.025416913208721408,0.9745830867912786,False,Positive,Negative,Uncoded
quot c net developer with directshow experience quot,0,1,0.9246272833796239,0.9246272833796239,False,Negative,Positive,Uncoded
thanks am reading ini njan padikatee,0,1,0.9244015720372605,0.9244015720372605,False,Negative,Positive,Uncoded
i wish someone would feel sorry for my filthy car and spray it down with a hose,1,0,0.020500669268080092,0.9794993307319199,False,Positive,Negative,Uncoded
re yamato i agree but the animation itself wasn't so bad it was the overly cheesy music that left a bad taste in my mouth,1,0,0.09936943029983854,0.9006305697001614,False,Positive,Negative,Uncoded
can't sleep happy mothers day i love my mom,0,1,0.9027726641982401,0.9027726641982401,False,Negative,Positive,Uncoded
awww someone wanted to feed themselves,1,0,0.06702064610621158,0.9329793538937884,False,Positive,Negative,Uncoded
not when i can kill fish instead,1,0,0.0873518907625923,0.9126481092374077,False,Positive,Negative,Uncoded
no new south wales doesn't have a 'h' in it whales nz office fail,1,0,0.009892512135553212,0.9901074878644468,False,Positive,Negative,Uncoded
that sucks severely the tan ones are sick fab rocked yesterday,1,0,0.049866101876943625,0.9501338981230564,False,Positive,Negative,Uncoded
i'll make a vid with all my work tomorrow so much argh we should have a burn fest everyones work being burnt together,1,0,0.039542624568837066,0.9604573754311629,False,Positive,Negative,Uncoded
i feel great that my eyes are not feeling heavy anymore but still i have to go on a check up tomorrow just to make sure,1,0,0.061224944428353065,0.938775055571647,False,Positive,Negative,Uncoded
tag fever ant,1,0,0.07781791509148808,0.922182084908512,False,Positive,Negative,Uncoded
my phone is being an ass along with my computer my phone keeps saying check sim or has worse than normal reception,1,0,0.0772104164607071,0.9227895835392929,False,Positive,Negative,Uncoded
yes cuz rite now i gots no one to talk eragon to so i can't make any refferances,1,0,0.07700838694526468,0.9229916130547353,False,Positive,Negative,Uncoded
strewth mate i'm sorry if you need a lift somewhere pdq just call we'll do our best to help,0,1,0.9477719344150597,0.9477719344150597,False,Negative,Positive,Uncoded
good night travis,0,1,0.9747878129210699,0.9747878129210699,False,Negative,Positive,Uncoded
celebrating 26th star birthday today getting older,0,1,0.9146536361937585,0.9146536361937585,False,Negative,Positive,Uncoded
me on the other hand still nursing this darn hand injury occasionally putted to a foot,1,0,0.058852723291182574,0.9411472767088174,False,Positive,Negative,Uncoded
is layin in bed wide awake why can't i sleep i really need to hope i don't oversleep tomorrow,1,0,0.011439064395602588,0.9885609356043974,False,Positive,Negative,Uncoded
i'll take a nap after i watch nana,0,1,0.9060369905667047,0.9060369905667047,False,Negative,Positive,Uncoded
i have to be at work in six hours and somehow i have to incorporate sleep within that timeframe still in harlem showing my support,1,0,0.09339825787052648,0.9066017421294735,False,Positive,Negative,Uncoded
im not putting no weave inmy head though gonna have to deal w my short cut,1,0,0.043421324912771994,0.956578675087228,False,Positive,Negative,Uncoded
well at least you're not in swine flu central,1,0,0.09806973502204937,0.9019302649779506,False,Positive,Negative,Uncoded
when the 400km train get's introduced in skorea the 100km one will be cancelled too bad i used to get a lot of work done in that train,1,0,0.09708619832069229,0.9029138016793077,False,Positive,Negative,Uncoded
we can't always agree with each other,0,1,0.9288553379369316,0.9288553379369316,False,Negative,Positive,Uncoded
goodnight,0,1,0.9824142543666886,0.9824142543666886,False,Negative,Positive,Uncoded
indeed i've had such a long break from revision now it'll be missing me,1,0,0.09862686408327466,0.9013731359167253,False,Positive,Negative,Uncoded
i don't even iron my work shirts couldn't imagine ironing all my stuff,1,0,0.04708444094383525,0.9529155590561648,False,Positive,Negative,Uncoded
its been an unbelieveably crap day but i have my internet back wooohoooooo,1,0,0.05102540388774468,0.9489745961122553,False,Positive,Negative,Uncoded
i'm cryin' right outside but i'm happy because you answered me thanks,0,1,0.947455981055081,0.947455981055081,False,Negative,Positive,Uncoded
going to workout then begin reading apush book,0,1,0.9215133007405548,0.9215133007405548,False,Negative,Positive,Uncoded
i tried to resist but i'm just another conformist oh well sunday afternoon of homework sigh,1,0,0.06268230486142033,0.9373176951385797,False,Positive,Negative,Uncoded
you never invite me to shit buddy sigh,1,0,0.01635122248717784,0.9836487775128222,False,Positive,Negative,Uncoded
that doesn't freak me out at all i don't live in houston however my drop is out of houston,1,0,0.043415078414751,0.956584921585249,False,Positive,Negative,Uncoded
i love duckies dude i have to sit in this damn doctors lobby for three hours all a lone im so bored already,1,0,0.024692423073872975,0.975307576926127,False,Positive,Negative,Uncoded
oh i won't get them at all i just want them,1,0,0.08904798535381549,0.9109520146461845,False,Positive,Negative,Uncoded
wow i wish my flukes looked like that,1,0,0.06233469672494628,0.9376653032750537,False,Positive,Negative,Uncoded
eating dinner and chillin out,0,1,0.9242057121465497,0.9242057121465497,False,Negative,Positive,Uncoded
hate to be dense but what is scob,1,0,0.04912707039287163,0.9508729296071283,False,Positive,Negative,Uncoded
sorry you got spammed by us aussie's but we luv u and so want our facetime,1,0,0.09353624795732624,0.9064637520426737,False,Positive,Negative,Uncoded
had a date that wasn't a nightmare,1,0,0.08579174066758533,0.9142082593324147,False,Positive,Negative,Uncoded
happy mothers day my mom's in greece,0,1,0.9149036558751081,0.9149036558751081,False,Negative,Positive,Uncoded
good i get a twist ending but i always shut it off five mins early i hate sad endings,1,0,0.0482665031019166,0.9517334968980834,False,Positive,Negative,Uncoded
that doesn't sound good don't scare me incident reports just say no,1,0,0.052346704543842194,0.9476532954561578,False,Positive,Negative,Uncoded
omg shut up sorry still venting at that person who's annoying me it's none of you i swear,1,0,0.05265606393806725,0.9473439360619328,False,Positive,Negative,Uncoded
yep women have it much easier then men,0,1,0.9425062649299913,0.9425062649299913,False,Negative,Positive,Uncoded
awww well thank you for your support,0,1,0.9302126513653761,0.9302126513653761,False,Negative,Positive,Uncoded
well my dh did not get home last night until 10 30 pm right when i was going to bed so no mommy daddy time either,1,0,0.057608009967339044,0.9423919900326609,False,Positive,Negative,Uncoded
just heard on the weather that our april severe storm season is over the shift in the jet stream seems to be responsible for this,1,0,0.0500608205620395,0.9499391794379605,False,Positive,Negative,Uncoded
stop feeling so sorry for yourself apri there are people who got a worse side of this,1,0,0.028148424767911018,0.971851575232089,False,Positive,Negative,Uncoded
i love you,0,1,0.9370865056751565,0.9370865056751565,False,Negative,Positive,Uncoded
good morning twizzlers time for class,0,1,0.9036608818403457,0.9036608818403457,False,Negative,Positive,Uncoded
hey na pity no show no more lol great while it lasted though aye robluketic live gt,1,0,0.06387780131834933,0.9361221986816507,False,Positive,Negative,Uncoded
thought i lost my skateboard forever turns out brian had it thanks,1,0,0.08079021192251225,0.9192097880774878,False,Positive,Negative,Uncoded
good luck,0,1,0.9760866036518518,0.9760866036518518,False,Negative,Positive,Uncoded
they had goats in bible park a couple weeks ago chomping around the perimeter very cool am listening to 2 mowers now,0,1,0.913581166035484,0.913581166035484,False,Negative,Positive,Uncoded
work isnt so boring when you have music on we are so slow innerpartysystem is keeping me company,1,0,0.0479635325392568,0.9520364674607432,False,Positive,Negative,Uncoded
writing motivations on why my written stories matter and why my sources are good this sucks doing too much work,1,0,0.05166443134530936,0.9483355686546906,False,Positive,Negative,Uncoded
how many you had girl wish i was with ya joel is gone all weekend have a feeling i will need some before he returns,1,0,0.05087740386812819,0.9491225961318718,False,Positive,Negative,Uncoded
if only touring is sadly not part of the agenda yet although i hope it will be reasonably soon,1,0,0.027765304802017148,0.9722346951979829,False,Positive,Negative,Uncoded
ouch the cuts don't get much deeper,1,0,0.0640035812949972,0.9359964187050028,False,Positive,Negative,Uncoded
you've never had coffee you poor deprived child,1,0,0.08507872157949453,0.9149212784205054,False,Positive,Negative,Uncoded
i still dunno tbh praps im so fat the scale doesnt reach it,1,0,0.07137722490725505,0.9286227750927449,False,Positive,Negative,Uncoded
i love you,0,1,0.9370865056751565,0.9370865056751565,False,Negative,Positive,Uncoded
i dont wanna be a millionaire i wanna be a liznaire lol,1,0,0.08644796798184824,0.9135520320181517,False,Positive,Negative,Uncoded
y is it when i luv someone i fear them i just wish someone can exsplain it 2 me,1,0,0.02510842531156236,0.9748915746884377,False,Positive,Negative,Uncoded
wow what a big day hahah why 12 followers hehehe yesterday its 13 hmm,0,1,0.9484343523954488,0.9484343523954488,False,Negative,Positive,Uncoded
an hour to the throgs neck bridge not too bad only 39 driving hours to go,1,0,0.07804187791777975,0.9219581220822203,False,Positive,Negative,Uncoded
of course i didn't expect much from david so it wasn't as disappointing sheff just stole 2nd and took 3rd on bad throw,1,0,0.06836247406182484,0.9316375259381752,False,Positive,Negative,Uncoded
thanks pal,0,1,0.9431215935772214,0.9431215935772214,False,Negative,Positive,Uncoded
ano hahaha awk if it means hel reply i dont care l lol,0,1,0.9380401419290546,0.9380401419290546,False,Negative,Positive,Uncoded
hey there not have a productive morning,0,1,0.9164659190138746,0.9164659190138746,False,Negative,Positive,Uncoded
text me to let me know ur ok sweetheart then i'll sleep fine xxxxx,0,1,0.9615379678186609,0.9615379678186609,False,Negative,Positive,Uncoded
im boored so so boored miss u guyz,1,0,0.061618300797202694,0.9383816992027973,False,Positive,Negative,Uncoded
i want some,1,0,0.09472070951291398,0.905279290487086,False,Positive,Negative,Uncoded
i miss you too,1,0,0.055801980567065236,0.9441980194329348,False,Positive,Negative,Uncoded
the library should have a no last calls policy,1,0,0.0239268212298394,0.9760731787701606,False,Positive,Negative,Uncoded
yes,0,1,0.9402305369441872,0.9402305369441872,False,Negative,Positive,Uncoded
bgt i love 2 grand i think they are really sweet but then holly is such an amazing singer for a 10 year old and i really love julian,0,1,0.9158244521625531,0.9158244521625531,False,Negative,Positive,Uncoded
wat up homie yea we gotta do that asap this rain is making me so tired you should have came to atl wit me,1,0,0.09841854935274896,0.901581450647251,False,Positive,Negative,Uncoded
i haven't but i need to look into it problem is we don't have much left that we'd want to swap gave most extras away,1,0,0.055787862827048805,0.9442121371729512,False,Positive,Negative,Uncoded
way too early to be up on a saturday but i couldn't go back to sleep,1,0,0.008491301222686074,0.991508698777314,False,Positive,Negative,Uncoded
i miss u hope i get to see u tommorow,1,0,0.08959279843842871,0.9104072015615713,False,Positive,Negative,Uncoded
yeah i went because i hate everybody and everything ever not because i couldn't do the work sheesh im not an idiot,1,0,0.05843376732519632,0.9415662326748037,False,Positive,Negative,Uncoded
no more chemistry every again,1,0,0.051637767673190296,0.9483622323268097,False,Positive,Negative,Uncoded
he claims not,1,0,0.09959441364101632,0.9004055863589837,False,Positive,Negative,Uncoded
spent the day installing drivers playing with legos and eating vietnamese food today's to do list about 15 done,0,1,0.9357265888850351,0.9357265888850351,False,Negative,Positive,Uncoded
morning tweeties happy monday having a nice quiet day before work,0,1,0.9504094362147827,0.9504094362147827,False,Negative,Positive,Uncoded
stephieeee thanks for invitinq me lol,0,1,0.9809099862655953,0.9809099862655953,False,Negative,Positive,Uncoded
lol omg so you're featured ad the first shaken tweeter que susto,0,1,0.9001171182412898,0.9001171182412898,False,Negative,Positive,Uncoded
weirdly it's easier to be quot upbeat quot when you're in the midst of a crisis it's the aftermath that gets ya,0,1,0.9048473351532804,0.9048473351532804,False,Negative,Positive,Uncoded
thunder all gone,1,0,0.01574179437967005,0.98425820562033,False,Positive,Negative,Uncoded
it wont be miserable for at least 2 weeks tho,1,0,0.029927219107553648,0.9700727808924463,False,Positive,Negative,Uncoded
you like trueblood we're getting ready to finish up the first season,0,1,0.9297974858094861,0.9297974858094861,False,Negative,Positive,Uncoded
says i ate already,1,0,0.07257306781506166,0.9274269321849383,False,Positive,Negative,Uncoded
finally homeee,0,1,0.9422194467737695,0.9422194467737695,False,Negative,Positive,Uncoded
quot gosh hunny you've put on weight quot quot errrr thank you quot,0,1,0.963299261438066,0.963299261438066,False,Negative,Positive,Uncoded
rlly i'm so happy for you there is your home i'm so proud of you gurl i wish to travel with you,0,1,0.9639011329019865,0.9639011329019865,False,Negative,Positive,Uncoded
this heat is making me feel so ill this is scotland it isnt suppose to be this hott but i lovee itt xx,1,0,0.05968165720130728,0.9403183427986928,False,Positive,Negative,Uncoded
i'm afraid i missed your surgery because i was out of it with my own although i think liver trumps wisdom teeth,1,0,0.011720754598004526,0.9882792454019955,False,Positive,Negative,Uncoded
indeedy weather crappy then god now pity its dark o hopefully it stays dry,1,0,0.07199090983503523,0.9280090901649648,False,Positive,Negative,Uncoded
but i love your package,0,1,0.9346728039264114,0.9346728039264114,False,Negative,Positive,Uncoded
there's 3 or 4 around my house alway's making that baby crying sound been trying to catch one but they wont let me,1,0,0.022609937458069752,0.9773900625419303,False,Positive,Negative,Uncoded
that's right rick haha their just making noise playing the wii did u get ur margirita,0,1,0.9406372234983037,0.9406372234983037,False,Negative,Positive,Uncoded
wht r u watching,0,1,0.9164570061487144,0.9164570061487144,False,Negative,Positive,Uncoded
sadly i don't think even the true supermodel diet cocaine and vomiting is going to work in time but thx for the thought,1,0,0.04565557566715499,0.954344424332845,False,Positive,Negative,Uncoded
i totally feel you sis boo hoo bye bye,1,0,0.03825783701045114,0.9617421629895488,False,Positive,Negative,Uncoded
reaaally tired but had fun hanging out with haley today lt 3,0,1,0.9714706985310715,0.9714706985310715,False,Negative,Positive,Uncoded
you're supposed to clean them i was hoping all the grass in mine would start to regrow so i could have a turfed boot,1,0,0.06461051909815556,0.9353894809018445,False,Positive,Negative,Uncoded
i love yooooou and i am excited to work out i think hahahaha,0,1,0.9786260582079105,0.9786260582079105,False,Negative,Positive,Uncoded
i love you jeremy follow meee i have a band and we play songs from paramore we cover,0,1,0.9543924696929237,0.9543924696929237,False,Negative,Positive,Uncoded
fun times be careful baby,0,1,0.901220395477894,0.901220395477894,False,Negative,Positive,Uncoded
still haven't bought sims 3 am i missing out gonna buy it today in westfield,1,0,0.07979727620731006,0.92020272379269,False,Positive,Negative,Uncoded
cant sleep again miss my bf and continue to hate house sitting atleast the cavs won,1,0,0.009084872336136142,0.9909151276638638,False,Positive,Negative,Uncoded
the coaching gig this week was awesome reminds me how much quot perfect world quot advice is out there and how little practical advice,0,1,0.9351185896723626,0.9351185896723626,False,Negative,Positive,Uncoded
movie was ok i guess wish they hadn't left out the airplane that takes robert from boston to switzerland in one and a half hour,1,0,0.09825524980876477,0.9017447501912352,False,Positive,Negative,Uncoded
u left me for miami and when i call u u don't answer lol but u can come,1,0,0.07152746535401759,0.9284725346459825,False,Positive,Negative,Uncoded
no yur not,1,0,0.023868106020454038,0.9761318939795459,False,Positive,Negative,Uncoded
its raining lt 3,1,0,0.07137696323933804,0.9286230367606619,False,Positive,Negative,Uncoded
sorry kid no lady killing today your sweet talking won't work this time,1,0,0.0963646354851773,0.9036353645148227,False,Positive,Negative,Uncoded
acute tonsilopharyngitis don't worry i'm much better now,0,1,0.9906093794156552,0.9906093794156552,False,Negative,Positive,Uncoded
tgif bihtwt butihavetoworktomorrow,0,1,0.9617343732402033,0.9617343732402033,False,Negative,Positive,Uncoded
back from shopping not the worst stopped raining when i came out xd weather likes me xd,1,0,0.06955674938077872,0.9304432506192213,False,Positive,Negative,Uncoded
the doc used hospital disinfectant my aunt used bleach am keeping mine,1,0,0.08997872700696931,0.9100212729930307,False,Positive,Negative,Uncoded
last time i tried to plug in a radeon hd 4870x2 to lab's rig 500w the fuse was blown i have to make sure it won't happen again,1,0,0.05992442650434089,0.9400755734956591,False,Positive,Negative,Uncoded
i like ur bg i salute ur swedish pride ha now im off for a swedish run oh and get ready for x country training joy,0,1,0.972708040234133,0.972708040234133,False,Negative,Positive,Uncoded
aweh who did you get your hearbroken by ill never break you heart because il always love you as a fan xo your the best,0,1,0.9217019971763756,0.9217019971763756,False,Negative,Positive,Uncoded
go back to my house please pray for my cousin fathhan he's sick get well soon mas fathhan,1,0,0.04489244324713239,0.9551075567528676,False,Positive,Negative,Uncoded
yeh if only i had a base rig with me,1,0,0.0823462928015996,0.9176537071984004,False,Positive,Negative,Uncoded
i want to go to fraaaance no fair i still refuse to go to spain oooh 18th nicenice,1,0,0.05469952335497698,0.945300476645023,False,Positive,Negative,Uncoded
i am not updating to itunes 8 2 until i can download iphone os 3 0 and jailbreak the phone,1,0,0.04788020674703044,0.9521197932529696,False,Positive,Negative,Uncoded
send a kiss to she loves you please mileeeey,0,1,0.9395103775062472,0.9395103775062472,False,Negative,Positive,Uncoded
ugh i still have so much to do yet i wasted 2 5 hours talking to him on the phone dadgum it asa why do i have to love you so much,1,0,0.018859315831456457,0.9811406841685435,False,Positive,Negative,Uncoded
closed my phone on my finger and it hurt like a bitch lol going to bed now i guess goodnight,1,0,0.0740091503394296,0.9259908496605704,False,Positive,Negative,Uncoded
i'm at work again,1,0,0.054937289791222046,0.945062710208778,False,Positive,Negative,Uncoded
don't worry i took care of the regular one and it won't be sad anymore,1,0,0.04009231011359145,0.9599076898864085,False,Positive,Negative,Uncoded
i remember saying good morning to u,0,1,0.9527626017016699,0.9527626017016699,False,Negative,Positive,Uncoded
hurt my thumb at take that last nite don't know how i wil cope on counter tomorrow,1,0,0.02515421005064348,0.9748457899493566,False,Positive,Negative,Uncoded
god bless us everyone,0,1,0.9172367483152344,0.9172367483152344,False,Negative,Positive,Uncoded
sad but i think we can fix it,1,0,0.03114980169660596,0.968850198303394,False,Positive,Negative,Uncoded
haha god knows lol but i got proper hyped up bout maybe talking with your husband last uk gig tonight xxx,0,1,0.9087740017256314,0.9087740017256314,False,Negative,Positive,Uncoded
i don't know seriously perhaps it is not in having the question but how it is asked still thinking,1,0,0.09295864724812779,0.9070413527518723,False,Positive,Negative,Uncoded
good night world maybe 2morrow when i wake life will make a little more sense jus maybe,0,1,0.9282112914671883,0.9282112914671883,False,Negative,Positive,Uncoded
whyy nottt i can't sleep i'm too excitedd,1,0,0.05399408430516078,0.9460059156948393,False,Positive,Negative,Uncoded
hope you have plenty of aloe handy,0,1,0.9597102371887993,0.9597102371887993,False,Negative,Positive,Uncoded
lmfao bb it's because you are an apple fan,0,1,0.9108865579699966,0.9108865579699966,False,Negative,Positive,Uncoded
hey you said that was a special birthday gift you saved for special people,0,1,0.9344518881467841,0.9344518881467841,False,Negative,Positive,Uncoded
just drove past taipei 101 hehe kinda hard to miss,1,0,0.06431242985989087,0.9356875701401092,False,Positive,Negative,Uncoded
brazil missing you xx,1,0,0.04024396936075962,0.9597560306392404,False,Positive,Negative,Uncoded
thanks for the eyeliner quot rocker quot heads up where do u get that tho,0,1,0.9245667844446498,0.9245667844446498,False,Negative,Positive,Uncoded
its a shame i couldnt drink but i got a muffin,1,0,0.012787082273623403,0.9872129177263766,False,Positive,Negative,Uncoded
i would but i'd have to kill ya n the country needs teachers he he just didn't like that b is all i'm a fickle fecker,1,0,0.09278679736110276,0.9072132026388973,False,Positive,Negative,Uncoded
my life is the star of the next installment of quot making the band quot yay me,0,1,0.9318421273494927,0.9318421273494927,False,Negative,Positive,Uncoded
not easily broken,1,0,0.03816856939902574,0.9618314306009743,False,Positive,Negative,Uncoded
so hungry and came so close to my bank not letting me withdraw since i left my wallet at home all is well though waiting for my pizza,1,0,0.020807668429564566,0.9791923315704354,False,Positive,Negative,Uncoded
2 l's i'm jealous,1,0,0.02753532586616534,0.9724646741338346,False,Positive,Negative,Uncoded
im getting hungry agen feed me tomoz is like the school work has to be done day arghhh monday is so gonna be gay,1,0,0.054800122746777924,0.9451998772532221,False,Positive,Negative,Uncoded
ugh just got home wheres the bed where the asprin lol no more drinkin and drivin buddy,1,0,0.09775258773086039,0.9022474122691396,False,Positive,Negative,Uncoded
oo thanks for that anyway,0,1,0.9781844811806149,0.9781844811806149,False,Negative,Positive,Uncoded
i have everything i need but im missing something that i really want,1,0,0.011181154649160757,0.9888188453508392,False,Positive,Negative,Uncoded
i haven't either but tickets are sold out until september 2009 let's be strombo groupies then,1,0,0.07180730846093643,0.9281926915390636,False,Positive,Negative,Uncoded
poor poor jugete although he looks comfortable in your bed,1,0,0.05704187444312185,0.9429581255568782,False,Positive,Negative,Uncoded
headache hungry thirsty,1,0,0.0016456700884616641,0.9983543299115384,False,Positive,Negative,Uncoded
ooh you've seen mary poppins yday,0,1,0.9039230209178578,0.9039230209178578,False,Negative,Positive,Uncoded
last day of studying this college year,1,0,0.0785491652849096,0.9214508347150904,False,Positive,Negative,Uncoded
i haven't missed hawaii since we moved back but events took me to this video i recorded in 2006 makes me miss hawaii one small kine,1,0,0.049125055041020785,0.9508749449589792,False,Positive,Negative,Uncoded
whew my computer recovered from a very serious error thank god it's still alive i cannot afford to lose my partner in crime,1,0,0.09212210432546135,0.9078778956745387,False,Positive,Negative,Uncoded
i am veryy bored,1,0,0.09782457262541669,0.9021754273745833,False,Positive,Negative,Uncoded
i can believe it just graduated its unreal but im sad its all over,1,0,0.01821878004797551,0.9817812199520245,False,Positive,Negative,Uncoded
call 911 someone stole my heart,1,0,0.05321018511693167,0.9467898148830683,False,Positive,Negative,Uncoded
thank you though i really appreciate the support lt 3,0,1,0.9675346920795198,0.9675346920795198,False,Negative,Positive,Uncoded
mine when i had a bad hair day,1,0,0.05223224822455742,0.9477677517754426,False,Positive,Negative,Uncoded
and another ruff morning he just keeps waking me up although i don't wanna,1,0,0.08296620116022765,0.9170337988397723,False,Positive,Negative,Uncoded
got to leave work early cause we were slow,1,0,0.08220713041246754,0.9177928695875325,False,Positive,Negative,Uncoded
leaves for ny on wednesday i need to find time between work sleep and feeling sick to start packing i can't wait to see my family,1,0,0.0553554611783074,0.9446445388216926,False,Positive,Negative,Uncoded
yes that's what i meant,0,1,0.9310205701097465,0.9310205701097465,False,Negative,Positive,Uncoded
more bbqs might buy some disposable ones some time,0,1,0.9248040381319962,0.9248040381319962,False,Negative,Positive,Uncoded
don't leave us haha i'm part of your fan family okay good look at the hm premiere in germany god bless you luv ya guurl,0,1,0.9530819957343665,0.9530819957343665,False,Negative,Positive,Uncoded
rootbeer sucks i'm too hardcore for it blah,1,0,0.09222373117656481,0.9077762688234352,False,Positive,Negative,Uncoded
hmmm supposed to be cleaning but im not,1,0,0.05129839843435484,0.9487016015656452,False,Positive,Negative,Uncoded
had to wi early today and lost another 2 2 pounds,1,0,0.08885323040196146,0.9111467695980385,False,Positive,Negative,Uncoded
yep have you heard of the twitter cullens i am following them they're funny,0,1,0.9674905128691916,0.9674905128691916,False,Negative,Positive,Uncoded
i'm jealous,1,0,0.02753532586616534,0.9724646741338346,False,Positive,Negative,Uncoded
howdy rainy gloomy and feeling fat,1,0,0.0843549761177144,0.9156450238822856,False,Positive,Negative,Uncoded
great song great video also forgotten song forgotten video,0,1,0.9471215587557926,0.9471215587557926,False,Negative,Positive,Uncoded
you'll be there one day,0,1,0.9201360247285999,0.9201360247285999,False,Negative,Positive,Uncoded
me no wanna go to school man spring break was the most fun i could think of me wanna go ice skating again,1,0,0.04945954786883869,0.9505404521311613,False,Positive,Negative,Uncoded
the tissot worldtime also nice but sadly i've got no watch funds to send yr way so count 1 of those watchers out,1,0,0.05882115984952337,0.9411788401504766,False,Positive,Negative,Uncoded
i'm sowwy u have to work w an idiot i will call u if u want just to break up ur day,1,0,0.08533717231168983,0.9146628276883102,False,Positive,Negative,Uncoded
waa it's raining ahaha so cold in here,1,0,0.09091475795803282,0.9090852420419672,False,Positive,Negative,Uncoded
unfortunately theres no subtitles but it's fun to watch anyways,1,0,0.08690244615354448,0.9130975538464555,False,Positive,Negative,Uncoded
noo you don't i was gonna make you something though but then i never came back into the ninja thread and forgot oops,1,0,0.08719936681349341,0.9128006331865066,False,Positive,Negative,Uncoded
i'm just jealous i won't be there,1,0,0.06170607619114158,0.9382939238088585,False,Positive,Negative,Uncoded
work is so slow cos you dont gets meegan visits anymore,1,0,0.02027372921579811,0.9797262707842019,False,Positive,Negative,Uncoded
but no one on here is getting het up about it,1,0,0.07742107149634665,0.9225789285036533,False,Positive,Negative,Uncoded
i solved my exercise table problem i am still annoyed that no one responded to my damn ad tho,1,0,0.028567182054475615,0.9714328179455244,False,Positive,Negative,Uncoded
tgif but i have to work all weekend so not really,1,0,0.030510660635765557,0.9694893393642344,False,Positive,Negative,Uncoded
going to school in just awhile bff and m plz say have fun enjoy yourself haha,0,1,0.9355771416221754,0.9355771416221754,False,Negative,Positive,Uncoded
ugh tired gt people don't know when to stop texting just like tila doesn't know when to shut up,1,0,0.07560303987739352,0.9243969601226065,False,Positive,Negative,Uncoded
i'm really pissed im missing the laker game for work dvr it for me someone please,1,0,0.005984976351613206,0.9940150236483868,False,Positive,Negative,Uncoded
watch that owowowow the painnnnnnnnnnnnnn the paiiiiiiiiiiiiiin lmao,0,1,0.941778102204492,0.941778102204492,False,Negative,Positive,Uncoded
lots of bites but no fish had fish amp chips to try amp make up for it though almost sleep time work tommorrow public holiday amp all,1,0,0.07877833534353608,0.9212216646564639,False,Positive,Negative,Uncoded
zipcarring in traffic,1,0,0.06720740067349873,0.9327925993265013,False,Positive,Negative,Uncoded
such a nice day today i also smell amazing apart from the hairspray,0,1,0.9000733355478288,0.9000733355478288,False,Negative,Positive,Uncoded
so that's why you won't join the nashville blogger group on brazen that's awesome assuming the move's 4 a good reason,0,1,0.9759306577026401,0.9759306577026401,False,Negative,Positive,Uncoded
aah i want hulu to be available in belgium too,1,0,0.0684838420764895,0.9315161579235105,False,Positive,Negative,Uncoded
it's too fast,1,0,0.053816911191709484,0.9461830888082905,False,Positive,Negative,Uncoded
wish i could twitter what i was really thinking unfortunately i think it's tmi aahh friday,1,0,0.02193578283212953,0.9780642171678705,False,Positive,Negative,Uncoded
playing scrabble via facebook w kresta this bitch is good,0,1,0.907604858433368,0.907604858433368,False,Negative,Positive,Uncoded
a its such a beautiful song the jo bro's sang a cover version of thinking of u katy perry xd,0,1,0.9309950644553417,0.9309950644553417,False,Negative,Positive,Uncoded
not longer hungry,1,0,0.03264161171860398,0.967358388281396,False,Positive,Negative,Uncoded
oh kel i'm so sorry bout ur friend so sad i wanted 2 say something but thought the laughter amp banter was more helpful,1,0,0.024835264742906607,0.9751647352570934,False,Positive,Negative,Uncoded
flew up to seattle to drive down a car bummer about your car any damage,1,0,0.020119259960172747,0.9798807400398273,False,Positive,Negative,Uncoded
where's my inspiration miss a,1,0,0.014137525797493524,0.9858624742025065,False,Positive,Negative,Uncoded
i'm almost 23 and i'm just now getting to know myself learning so much about me that i've never acknowledged b4 kinda sad but aye,1,0,0.06652988960054582,0.9334701103994542,False,Positive,Negative,Uncoded
hmmm not sure i haven't used lavalu yet ftp's are rough though,1,0,0.04795198408718587,0.9520480159128142,False,Positive,Negative,Uncoded
i know but i love my hair,0,1,0.9223144299597955,0.9223144299597955,False,Negative,Positive,Uncoded
oh yeah that's right,0,1,0.9050592998068352,0.9050592998068352,False,Negative,Positive,Uncoded
stupid college no internet connection in the room helloooo this 2009 anyhow home i miss you twitter buddies and also,1,0,0.09452025249117554,0.9054797475088244,False,Positive,Negative,Uncoded
twitter would not be the same without and,1,0,0.0759279284759343,0.9240720715240657,False,Positive,Negative,Uncoded
damn this spelling crap i't i'm,1,0,0.03981919170430308,0.960180808295697,False,Positive,Negative,Uncoded
sandwichesss then work,1,0,0.050414644541152784,0.9495853554588473,False,Positive,Negative,Uncoded
what a surprise he already came back yesterday but my leg is still numb i think i have to go to the doctor,1,0,0.016775229714862117,0.9832247702851379,False,Positive,Negative,Uncoded
sounds familiar,0,1,0.9048790596128002,0.9048790596128002,False,Negative,Positive,Uncoded
this is bad i wanna cause trouble help meee,1,0,0.051255212792296244,0.9487447872077037,False,Positive,Negative,Uncoded
standing in a parking lot at night but no police score 1 for me,1,0,0.06156051475073038,0.9384394852492697,False,Positive,Negative,Uncoded
might get a taylor tee in the next fews weeks if m popstar and bop don't come in bummer shipping though want my magazines,1,0,0.04129454901552633,0.9587054509844737,False,Positive,Negative,Uncoded
that dress is absolutely gorgeous love the print i'm hunting for a silk long wrap 4a wedding then shoes hat,0,1,0.9437900862412583,0.9437900862412583,False,Negative,Positive,Uncoded
no i though you wanted kings of leon but anyway i can only offer burnt cds or mp3s and it's not the same as a lp is it,1,0,0.04308087203242431,0.9569191279675757,False,Positive,Negative,Uncoded
lol yea i know dear but i didnt feel so sleepy i cant closed my eyes p haha,1,0,0.01801281391682994,0.98198718608317,False,Positive,Negative,Uncoded
ugh why was i so lazy today i have so much stuff to do tomorrow,1,0,0.019780130528765816,0.9802198694712342,False,Positive,Negative,Uncoded
i wish too,1,0,0.03461630511043772,0.9653836948895623,False,Positive,Negative,Uncoded
despise double study are you insane i love my triple study every second friday i need to study for exams badly re down,1,0,0.06033122176403873,0.9396687782359613,False,Positive,Negative,Uncoded
i won't be able to take care of the shop due to travels and camp so help me clear it out,1,0,0.09157545849641771,0.9084245415035823,False,Positive,Negative,Uncoded
my grandpa used to tell me that too sadly their tap root amp leaf system chokes out grass amp is crappy for erosion prevention,1,0,0.03029331879045216,0.9697066812095478,False,Positive,Negative,Uncoded
i hate poh,1,0,0.008965074846121274,0.9910349251538787,False,Positive,Negative,Uncoded
ahhhhh back to work brebre net,1,0,0.044734620404454535,0.9552653795955455,False,Positive,Negative,Uncoded
my roast dinner for one is in the oven 560 words to go on this assignment but i am not feeling too bad about it in for tues,1,0,0.025322892252382018,0.974677107747618,False,Positive,Negative,Uncoded
need to cut my hair need to shower need to wash dishes need to pee damn,1,0,0.054561597836549444,0.9454384021634505,False,Positive,Negative,Uncoded
we miss you lots,1,0,0.0777452888905629,0.9222547111094371,False,Positive,Negative,Uncoded
grrrr work is already getting on my left nerve this morning not sure which one the left one is but it's seeing red,1,0,0.07330943878663412,0.9266905612133659,False,Positive,Negative,Uncoded
cry baby janes joplin what is this munsay music but i dont know wich shit day i am today,1,0,0.03634076539176255,0.9636592346082374,False,Positive,Negative,Uncoded
singing along unfortunately i couldn't find the song itself,1,0,0.03791319764699376,0.9620868023530063,False,Positive,Negative,Uncoded
time to noopy dream then girl i know u're eyes is read now hehe hwa i'm confused many hottie pics to follow haha,0,1,0.9332638691006393,0.9332638691006393,False,Negative,Positive,Uncoded
they lost 7 1 and it was around 2am when i gave up,1,0,0.06555766212010053,0.9344423378798995,False,Positive,Negative,Uncoded
video katty perry thinking of you hah sedihnyaaaaaaaa,0,1,0.9339866314952872,0.9339866314952872,False,Negative,Positive,Uncoded
lol,0,1,0.9848921840750716,0.9848921840750716,False,Negative,Positive,Uncoded
cannot fall asleep an wishing i had tickets for mayhem concert,1,0,0.016066015919568098,0.9839339840804319,False,Positive,Negative,Uncoded
pssh u wish u could im so gonna win but we have to stop when im gone cause thats like a total cheat for u,1,0,0.05399322290242049,0.9460067770975795,False,Positive,Negative,Uncoded
back to work,1,0,0.014130019991834358,0.9858699800081656,False,Positive,Negative,Uncoded
why can't chinese people have white babies cause two wongs don't make a white i'm sleepy,1,0,0.04977452072820764,0.9502254792717924,False,Positive,Negative,Uncoded
heyy all i'll off bye see ya next time,0,1,0.9349614659614248,0.9349614659614248,False,Negative,Positive,Uncoded
isn't tired,1,0,0.0005290527973098105,0.9994709472026901,False,Positive,Negative,Uncoded
hey bro i see u were up all night good thing u took a nap b4 the movies,0,1,0.910324079798339,0.910324079798339,False,Negative,Positive,Uncoded
i love fresh garden veggies especially tomatoes we are in a tiny apartment with a non sunny patio,0,1,0.9254248914426089,0.9254248914426089,False,Negative,Positive,Uncoded
yeah i'm kinda sad about not moving out there but at the same time no lol have fun at school,1,0,0.05203705860675981,0.9479629413932402,False,Positive,Negative,Uncoded
headed to yonkers be back later tonight,0,1,0.9343131663165934,0.9343131663165934,False,Negative,Positive,Uncoded
haha no i'm a junior still unfortunately,1,0,0.019286842304033183,0.9807131576959668,False,Positive,Negative,Uncoded
i'm gonna miss times like these,1,0,0.009398797403373285,0.9906012025966268,False,Positive,Negative,Uncoded
have fun i miss the dia,1,0,0.07993201644370337,0.9200679835562966,False,Positive,Negative,Uncoded
exactly lmfao,0,1,0.9076973355732539,0.9076973355732539,False,Negative,Positive,Uncoded
has booked her train ticket back home for summer shame its not for a month yet,1,0,0.04629316871666611,0.9537068312833339,False,Positive,Negative,Uncoded
haha bro that was fun unfortunatelly i couldnt write those live videos are so cool what time is it in cali much love,0,1,0.9461833450149465,0.9461833450149465,False,Negative,Positive,Uncoded
i hada nice bath now in bed with rusty dvd and choc mmmm aww chlo just hava relaxin evening and early night x,0,1,0.923887098865827,0.923887098865827,False,Negative,Positive,Uncoded
had fun gina's and nice to meet you wxc finally got attitude still thinking of getting instinct too the biggest constraint is al,0,1,0.9496240974820672,0.9496240974820672,False,Negative,Positive,Uncoded
im up yeah i know jj is sick since yesterday and i want jubam for breakfast too hahahaha,1,0,0.0806366306536341,0.9193633693463659,False,Positive,Negative,Uncoded
a ur joking a b and write blink 182,0,1,0.9252678929294451,0.9252678929294451,False,Negative,Positive,Uncoded
another day another page watching local news is a downer i don't know why people are hooked on bad news,1,0,0.05781768237088005,0.94218231762912,False,Positive,Negative,Uncoded
deviantart my day was not too bad though i had work and uni work to do but oh well yours,1,0,0.06669740423077611,0.9333025957692239,False,Positive,Negative,Uncoded
so we got the images back for the magazine spread woop woop would love to share details but we can't until the editorial comes out,0,1,0.904570332866345,0.904570332866345,False,Negative,Positive,Uncoded
mi descarga m xima es 25 kbps but hey its free,0,1,0.9340155078623908,0.9340155078623908,False,Negative,Positive,Uncoded
hey there i'm off to bed doggies will have us up around 7 00 but good to see your green face on twitter,0,1,0.9687223043696589,0.9687223043696589,False,Negative,Positive,Uncoded
i actually don't feel right without my 'butt brick' so give up the holy war already,1,0,0.07419561119549203,0.925804388804508,False,Positive,Negative,Uncoded
eating stuff i shouldnt be eating like the best honey dijon chips ever invented so yummy,0,1,0.9110252639098031,0.9110252639098031,False,Negative,Positive,Uncoded
fallen leaves fallen leaves on the ground,1,0,0.037111574375563686,0.9628884256244363,False,Positive,Negative,Uncoded
lol okayyy ugh my allergies are baddd lol and i need to sneeze,1,0,0.02547820029107723,0.9745217997089227,False,Positive,Negative,Uncoded
oooh from hiking,0,1,0.9373517967049991,0.9373517967049991,False,Negative,Positive,Uncoded
my iphone's being rediculous i hate this thing kidding i love you iphone please work for me i really don't hate you just don't break,1,0,0.07186006311589155,0.9281399368841085,False,Positive,Negative,Uncoded
i'm watching gotti's way and michael irvings new show back still hurts shoulda hit the hot tub but too late i'm in bed now,1,0,0.07079041942288611,0.9292095805771139,False,Positive,Negative,Uncoded
don't worry there one be a next time,0,1,0.914955242879067,0.914955242879067,False,Negative,Positive,Uncoded
that is not far sometimes i wish i was 2 hours away,1,0,0.022327251891786682,0.9776727481082134,False,Positive,Negative,Uncoded
i hope scary mother does not twitter,1,0,0.06319734566349802,0.936802654336502,False,Positive,Negative,Uncoded
did you mind i just want to say 'done' in case you ask again twitter always going like a blast,0,1,0.9671691045852381,0.9671691045852381,False,Negative,Positive,Uncoded
mishh you alreadyyyyyyyyyyy,0,1,0.9968691219023424,0.9968691219023424,False,Negative,Positive,Uncoded
ok so i over react when i havent revised english exam meh maybe a b and geography wow i have never finished an exam so fast,1,0,0.09141656985776744,0.9085834301422325,False,Positive,Negative,Uncoded
no i have not i'll get there though i'm not ugly but i hate cameras my dad's fault i'll make an effort this week,1,0,0.024856075904669716,0.9751439240953302,False,Positive,Negative,Uncoded
noo i don't wanna say goodbye to u can i say hi instead,1,0,0.01917531344227013,0.9808246865577299,False,Positive,Negative,Uncoded
it did not work,1,0,0.02439523969133033,0.9756047603086697,False,Positive,Negative,Uncoded
the doctors and masters are screwed then,1,0,0.0524810298042528,0.9475189701957472,False,Positive,Negative,Uncoded
thank you,0,1,0.9990399619866072,0.9990399619866072,False,Negative,Positive,Uncoded
cheka follow me miss you,1,0,0.07175639053918735,0.9282436094608126,False,Positive,Negative,Uncoded
corban did great without a paci last night however cate was up a ton last night and corban woke up at 6a m i am sooooo tired,1,0,0.08098193371273381,0.9190180662872662,False,Positive,Negative,Uncoded
works 8 5 hours today then going to the ex to see marianas trench so happy woot see you there,0,1,0.9808997205784273,0.9808997205784273,False,Negative,Positive,Uncoded
check this video out eskimo joe london bombs music video,0,1,0.9098923770914291,0.9098923770914291,False,Negative,Positive,Uncoded
so effing tired of my throat hurting ooooohh i just got a crazy craving for a pina colada banana slushie,1,0,0.026530770195577768,0.9734692298044222,False,Positive,Negative,Uncoded
my tummy hurts,1,0,0.001843910451120804,0.9981560895488792,False,Positive,Negative,Uncoded
lol i know i have finals all week next week too i'm studying alllllllll weekend no fun laura,1,0,0.04221097365928532,0.9577890263407147,False,Positive,Negative,Uncoded
good morning guys this morning will be so funny i'm so excited later i'll post the photos from school it's not so cold today see ya,0,1,0.9336143809154649,0.9336143809154649,False,Negative,Positive,Uncoded
i'm not really depressed i just like depressing music,1,0,0.0037695885044668137,0.9962304114955332,False,Positive,Negative,Uncoded
whatever next time im your boy sam woo if you want to talk to somebody,0,1,0.9214026632951852,0.9214026632951852,False,Negative,Positive,Uncoded
feeling so sleepy time to go home,1,0,0.07111864470029992,0.9288813552997001,False,Positive,Negative,Uncoded
ahhhh so this thunderstorm is why i had a really bad headache before hahha,1,0,0.04868886422234056,0.9513111357776595,False,Positive,Negative,Uncoded
and a couple of lousy tweets isn't going to make it any worse than it already is,1,0,0.04825513801728303,0.951744861982717,False,Positive,Negative,Uncoded
for once in your life just say i'm worth it,0,1,0.9820995131383835,0.9820995131383835,False,Negative,Positive,Uncoded
i like it quite a bit the wife and i can discuss bills and i can see my 13 week old to cheer me on a bad day,1,0,0.09681084511995072,0.9031891548800492,False,Positive,Negative,Uncoded
i think laughing is the better option when possible,0,1,0.929666558360366,0.929666558360366,False,Negative,Positive,Uncoded
i'd be watching right now if it wasn't for post game coverage on nbc mtv movie awards soon i can't wait,0,1,0.9086480865152513,0.9086480865152513,False,Negative,Positive,Uncoded
burbanks great,0,1,0.998140823940737,0.998140823940737,False,Negative,Positive,Uncoded
it's raining,1,0,0.05374989438622861,0.9462501056137714,False,Positive,Negative,Uncoded
dear friends sorry i've been mia today work my head hurts i want to shower i love you,1,0,0.04532589249896313,0.9546741075010369,False,Positive,Negative,Uncoded
listening to will smith,0,1,0.9136596281551836,0.9136596281551836,False,Negative,Positive,Uncoded
huka makes even the worst days seem ok,1,0,0.09638963514409012,0.9036103648559098,False,Positive,Negative,Uncoded
michael why don't you ever tell me how amazing i am let's face it i am pretty amazing,0,1,0.9082610062357777,0.9082610062357777,False,Negative,Positive,Uncoded
dooooooooonieeeeeeeeeeeee i want my face time u have to come to germany noooooooooooooooooow my city called herford,1,0,0.06056343751495545,0.9394365624850446,False,Positive,Negative,Uncoded
feelin so right i don't want it to end relay for life rip bobby,1,0,0.028720078550027905,0.9712799214499721,False,Positive,Negative,Uncoded
i vuish i could vouish choo a happy birthday tomorrow,0,1,0.947633144232514,0.947633144232514,False,Negative,Positive,Uncoded
chove no rio rain down on me,1,0,0.03187092264849745,0.9681290773515026,False,Positive,Negative,Uncoded
quot he says he's so in love he's finally got it right i wonder if he knows he's all i think about at night quot oh yes,0,1,0.9714072460698583,0.9714072460698583,False,Negative,Positive,Uncoded
yay english assignment heaps of fun,0,1,0.9742213650987267,0.9742213650987267,False,Negative,Positive,Uncoded
i don't work in sony i got no special connections i work very very hard amp i got lucky but its really more hard work than luck,1,0,0.09990360242248957,0.9000963975775105,False,Positive,Negative,Uncoded
aww thats not nice,1,0,0.022336852732346528,0.9776631472676535,False,Positive,Negative,Uncoded
i wish either i was there or you were here i miss you hop the jet and come see me,1,0,0.09914958067352952,0.9008504193264705,False,Positive,Negative,Uncoded
mad rush to the airport top speed rental car screeching ran thru the terminal would have missed the flight but it was delayed 10min,1,0,0.022985488555981676,0.9770145114440183,False,Positive,Negative,Uncoded
yo babe i'm up to nothing i just wish internship is not so soon what about you i know you missed your dog,1,0,0.03422495443391051,0.9657750455660895,False,Positive,Negative,Uncoded
lets talk about it somewhere else lt 33,0,1,0.9177849831934253,0.9177849831934253,False,Negative,Positive,Uncoded
sorry i havent been on in sooo long i love you and i'm sorry hope you forgive me,1,0,0.036311270445208085,0.9636887295547919,False,Positive,Negative,Uncoded
muhaha martha lt 33 have fun see uu next mnth,0,1,0.9220990417879594,0.9220990417879594,False,Negative,Positive,Uncoded
going into town today bored and broke jhsdlnfkhfksnfksnfknsdkfndl,1,0,0.08217955378232414,0.9178204462176759,False,Positive,Negative,Uncoded
have you ever been like ooberly tired and weren't able to fall asleep it sucks majorly so since im wide awake talk to me tweeps,1,0,0.037087772109910475,0.9629122278900896,False,Positive,Negative,Uncoded
aw x,1,0,0.032083376303361485,0.9679166236966386,False,Positive,Negative,Uncoded
starting today i'm working everyday for the next 31 days and i'll only have saturdays off sux sux sux,1,0,0.04283964375175934,0.9571603562482407,False,Positive,Negative,Uncoded
missing him good luck love your gonna do great heading out to jeremeys in a few p s congrats jason and steph,0,1,0.9671628512840467,0.9671628512840467,False,Negative,Positive,Uncoded
doesn't have to work today the pool isn't open broken filter,1,0,0.0019377040146093699,0.9980622959853906,False,Positive,Negative,Uncoded
my neck is still tender,1,0,0.08726932335932903,0.912730676640671,False,Positive,Negative,Uncoded
oh no has sting got his s ddin' lute out again give me a break,1,0,0.04953305659342523,0.9504669434065748,False,Positive,Negative,Uncoded
just starting to work office puh so tired,1,0,0.03240363062175159,0.9675963693782484,False,Positive,Negative,Uncoded
ochem sucks so incredibly baddddd does the world really need another surgeon i need distractions pleaseeeee,1,0,0.06730191707223068,0.9326980829277693,False,Positive,Negative,Uncoded
is feeling sick and nervous yet bloody excited coyb,1,0,0.040864853616902994,0.959135146383097,False,Positive,Negative,Uncoded
whats the bad news,1,0,0.013545118734150536,0.9864548812658495,False,Positive,Negative,Uncoded
what happened did the indians miss an extra point against yankees,1,0,0.031417914114521994,0.968582085885478,False,Positive,Negative,Uncoded
n this y i'm proud of the othr 2 lol,0,1,0.9871611278738364,0.9871611278738364,False,Negative,Positive,Uncoded
sorry mary,1,0,0.05057365599197816,0.9494263440080218,False,Positive,Negative,Uncoded
peace out girl scouts,0,1,0.9097708287341784,0.9097708287341784,False,Negative,Positive,Uncoded
why is there nothing good on tv britains got talent tonight,1,0,0.09039649652719496,0.909603503472805,False,Positive,Negative,Uncoded
sunny day to shop i meant to work but sonera ruined all,1,0,0.06127112017948588,0.9387288798205141,False,Positive,Negative,Uncoded
ahh kkkkz neeee bother love x on a hype for sum reeson reet shower and shave and sunday nite time brb x,0,1,0.9337281495511304,0.9337281495511304,False,Negative,Positive,Uncoded
yea why im leavin soon,1,0,0.0773710633751223,0.9226289366248777,False,Positive,Negative,Uncoded
my demolished waffle from the waffle house and michael's sad sad half eaten one they were chocolate chip pic,1,0,0.031815282883944654,0.9681847171160554,False,Positive,Negative,Uncoded
faith no more at leeds i feel less depressed about not going to download now,1,0,0.02547619416288318,0.9745238058371168,False,Positive,Negative,Uncoded
is wondering where sally have been at wirtschaftrecht bad bad girl,1,0,0.04324761285392749,0.9567523871460725,False,Positive,Negative,Uncoded
at applebees im kinda aticked because no one can go to the beach maybe katie can go though,1,0,0.09079559558570105,0.909204404414299,False,Positive,Negative,Uncoded
rockin on rockband some more crazy party weekend and i kinda regret it you can tell its def showing haha,0,1,0.9021809165797811,0.9021809165797811,False,Negative,Positive,Uncoded
haha i can't wear pants in this heat but i can wear a long dress and yes i'm on vacation here it's just annoying 'cause i got burnt,1,0,0.07462335743959768,0.9253766425604023,False,Positive,Negative,Uncoded
let's have fun when i give ya what i give ya,0,1,0.9153628224529442,0.9153628224529442,False,Negative,Positive,Uncoded
i know it took for ever to get them out of my hair i had to sit down because i started getting tired,1,0,0.07387539947009754,0.9261246005299024,False,Positive,Negative,Uncoded
hey ethan enjoy your day in germany is it 21 30pm time to sleep,0,1,0.9254509964876902,0.9254509964876902,False,Negative,Positive,Uncoded
truuu thnks luv people gonna b coming out the woodworks hehe then the reppin stops after sunday should rep 24 7 365,0,1,0.9212359130509247,0.9212359130509247,False,Negative,Positive,Uncoded
you are lucky mate,0,1,0.9038789886263932,0.9038789886263932,False,Negative,Positive,Uncoded
cool cool uk been doin great apart from the swine flu but good,0,1,0.9427067912360375,0.9427067912360375,False,Negative,Positive,Uncoded
woohoo finally i forgot my twitter password and it's been sad without it oh but now im back,1,0,0.05191813139210877,0.9480818686078912,False,Positive,Negative,Uncoded
i miss my mom but its ok she'll back tonight,1,0,0.045151353720486134,0.9548486462795138,False,Positive,Negative,Uncoded
is at work and ready to take on tuesday sad loss for us michiganders last night but not gonna ruin my day lol,1,0,0.005671613321142922,0.994328386678857,False,Positive,Negative,Uncoded
good start to the day almond croissants for two gotta nice smile amp long chat with fellow schl run mum then card declined,0,1,0.9685576677876722,0.9685576677876722,False,Negative,Positive,Uncoded
yay happy bday twin sorry for the late response yay bday time,0,1,0.9657433550249814,0.9657433550249814,False,Negative,Positive,Uncoded
aha yes a tenuous peg indeed but it kind of works unless the producers take it out prepared to argue for it though,0,1,0.9185401995124606,0.9185401995124606,False,Negative,Positive,Uncoded
you should follow me please im not a crazy fangirl d,0,1,0.9173161380990882,0.9173161380990882,False,Negative,Positive,Uncoded
my charlieeee boyyyyy,1,0,0.03900164806798269,0.9609983519320173,False,Positive,Negative,Uncoded
awhh poor you mine are all in the afternoon massive early mark fo me d,1,0,0.08126342995124222,0.9187365700487578,False,Positive,Negative,Uncoded
rip tupac happy b day at work missing my papi but having a sprintastic day,1,0,0.00517506703462081,0.9948249329653792,False,Positive,Negative,Uncoded
morning i'm shattered couldn't sleep last night got to sleep about 5am then had to be up at 7am doh,1,0,0.009519900036392918,0.9904800999636071,False,Positive,Negative,Uncoded
mari great that you are home hope this won't effect you love you carina xoxo,0,1,0.9236281217647843,0.9236281217647843,False,Negative,Positive,Uncoded
to be able to sleep well knowing that this wine did not go to waste is going to cost me 2 3 more glasses crap oh well it must be done,1,0,0.0566263605901674,0.9433736394098327,False,Positive,Negative,Uncoded
naw i threw it to the floor cuse lefty told me to close the freakin door behind me,1,0,0.08014737384235399,0.9198526261576461,False,Positive,Negative,Uncoded
and my eyes are blurry from too much reading same problem diff causes,1,0,0.06659936586069858,0.9334006341393014,False,Positive,Negative,Uncoded
hi,0,1,0.9949595783477687,0.9949595783477687,False,Negative,Positive,Uncoded
dude os 1 x was legendary in it's poor battery performance os 2 is loads better and 3 better still,1,0,0.08077558337056784,0.9192244166294321,False,Positive,Negative,Uncoded
i love that song,0,1,0.9904985501351176,0.9904985501351176,False,Negative,Positive,Uncoded
happy graduation thanks for he invite,0,1,0.9883348690971048,0.9883348690971048,False,Negative,Positive,Uncoded
chico is extra hot amp working 8 hours a day blows i miss bobby amp home a week and a half until dublin for a few days,1,0,0.060501397064003634,0.9394986029359964,False,Positive,Negative,Uncoded
i have finally seen clerks from beginning to end and no tv swear word editing poor jay xd i feel somehow fulfilled,1,0,0.09660900786308577,0.9033909921369142,False,Positive,Negative,Uncoded
love you,0,1,0.9370865056751565,0.9370865056751565,False,Negative,Positive,Uncoded
no im not mad at you hun i hate being mad,1,0,0.03668280540128326,0.9633171945987168,False,Positive,Negative,Uncoded
good morning not very nervous about my maths exam that's probably a bad thing good luck to anyone with exams today x,1,0,0.07165942053094396,0.928340579469056,False,Positive,Negative,Uncoded
ow am nw busy studing 4 my midyear exam am left with only 3 subjects,1,0,0.02859802566416461,0.9714019743358354,False,Positive,Negative,Uncoded
stomach hurts too many animal crackers,1,0,0.009462734948679968,0.99053726505132,False,Positive,Negative,Uncoded
yep nope that does not work either,1,0,0.05466635511154557,0.9453336448884544,False,Positive,Negative,Uncoded
owchh good luck with it,0,1,0.949941255427541,0.949941255427541,False,Negative,Positive,Uncoded
it's been storming all night here and is supposed to rain for the next couple days how's the holiday going,1,0,0.08667191409418276,0.9133280859058173,False,Positive,Negative,Uncoded
sick isn't it i was working until 4 30 am because my twicrack addiction gets me behind at work need an intervention,1,0,0.024475268726748593,0.9755247312732515,False,Positive,Negative,Uncoded
kane is lame why the fuck did i signup for this shit,1,0,0.04904336770933869,0.9509566322906613,False,Positive,Negative,Uncoded
da just told katie that he wished he would have asked me out when he was in college not knowing i was here awe,1,0,0.04984836837861161,0.9501516316213884,False,Positive,Negative,Uncoded
heroes was pretty good last night curious to see what happens with hiro yatta,0,1,0.9646038175376936,0.9646038175376936,False,Negative,Positive,Uncoded
me too wish i was asleep think my venice trip has now changed to amalfi,1,0,0.024671362178104214,0.9753286378218958,False,Positive,Negative,Uncoded
haven't' even been up for 5 hours yet what a waste of a day stupid alarm the blonde girl on hsm3 is yum,1,0,0.0856447832836747,0.9143552167163254,False,Positive,Negative,Uncoded
goodnight,0,1,0.9824142543666886,0.9824142543666886,False,Negative,Positive,Uncoded
photo unjazmynlike i want to go oh my god julieee yay very excited,0,1,0.9053103158779539,0.9053103158779539,False,Negative,Positive,Uncoded
ashlee called bubbles a retarded child lol i love bjb 2 28 09,0,1,0.9126473616504445,0.9126473616504445,False,Negative,Positive,Uncoded
wish i could be there,1,0,0.010415944333222928,0.9895840556667771,False,Positive,Negative,Uncoded
blah soo bored wishing i was in boston with this one chick lt 3,1,0,0.038857926335593596,0.9611420736644064,False,Positive,Negative,Uncoded
lolz,0,1,0.9475007172352681,0.9475007172352681,False,Negative,Positive,Uncoded
i miss you so much,1,0,0.01898695002624958,0.9810130499737504,False,Positive,Negative,Uncoded
that quote is amazing i almost have up on love thank you,0,1,0.9942114293309496,0.9942114293309496,False,Negative,Positive,Uncoded
i haven't told you why i've been so pushed lately my health condition it's now in remission so have to take advantage,1,0,0.08825840278430233,0.9117415972156977,False,Positive,Negative,Uncoded
i'd stop being a lush but i'm no quitter,1,0,0.07704769767828147,0.9229523023217185,False,Positive,Negative,Uncoded
thanks to lionhead studios we are one step closer to having hall 9000 computers,0,1,0.9384281699283171,0.9384281699283171,False,Negative,Positive,Uncoded
why did he have to kiss her and i wish if he did have to kiss her it was me,1,0,0.05385128755102429,0.9461487124489757,False,Positive,Negative,Uncoded
is paying the price for staying up way too late so he could play softball last night so tired ugh weatherwise the heat is on,1,0,0.0652928926125664,0.9347071073874336,False,Positive,Negative,Uncoded
crocheting again wanna get them done fb is still not working gggrrrr,1,0,0.03444969500873422,0.9655503049912658,False,Positive,Negative,Uncoded
if the celtics lose tomorrow i will have to end my life which is sad root for them or break bulls bones,1,0,0.02923654320965397,0.970763456790346,False,Positive,Negative,Uncoded
nevermind boo its workin now,1,0,0.08858747451430209,0.911412525485698,False,Positive,Negative,Uncoded
wishing that all these spammers on twitter could just fuck off i'm getting v bored blocking them go back to myspace pls,1,0,0.05095471024883991,0.9490452897511601,False,Positive,Negative,Uncoded
i'm meant to be revising for my maths gcse tomorrow but i cannot be arsed,1,0,0.03073689384465489,0.9692631061553452,False,Positive,Negative,Uncoded
oh no sorry to hear about your dad i have a plan for getting you and back together muahhahahaha,1,0,0.04160246547820937,0.9583975345217907,False,Positive,Negative,Uncoded
has the bad feeling gone now ben,1,0,0.011491133143188089,0.9885088668568119,False,Positive,Negative,Uncoded
thats good mama im glad you had fun things are just not goin well my way,0,1,0.9650138281816449,0.9650138281816449,False,Negative,Positive,Uncoded
ooo i wanna go but i cant but its all good,1,0,0.04466389759289782,0.9553361024071022,False,Positive,Negative,Uncoded
almost got sharpied in the face while falling asleep being sick sucks,1,0,0.0054667163751629345,0.9945332836248371,False,Positive,Negative,Uncoded
2 years later hahah yes i love hro i found out about it from yer tweet i never saw you,0,1,0.9258264127989453,0.9258264127989453,False,Negative,Positive,Uncoded
only 5 songs i am so excited to see you perform only 20 days,0,1,0.9196178345970102,0.9196178345970102,False,Negative,Positive,Uncoded
yeah i love that boy p s i like his glasses more humph,0,1,0.9063284155619131,0.9063284155619131,False,Negative,Positive,Uncoded
that should be fun i want a sleepover with my friends tonight 2,0,1,0.9435650580643419,0.9435650580643419,False,Negative,Positive,Uncoded
i got woken up by i have an exam tomorrow and i haven't revised yet pancakes for breakfast,1,0,0.09193896765448854,0.9080610323455115,False,Positive,Negative,Uncoded
gratuation was cute lots of kids funny dresses nice smiles went fast they all seem so grown up rushed but made it to work on time,0,1,0.9110626990576405,0.9110626990576405,False,Negative,Positive,Uncoded
another glorious day can't believe this run of weather sadly stuck inside working but i do have the window open fb,1,0,0.008432945705061782,0.9915670542949382,False,Positive,Negative,Uncoded
miley i tried to vote you but i couldn't i think that the votes are closed s i wish you the best argentina loves you,1,0,0.08267391427287782,0.9173260857271222,False,Positive,Negative,Uncoded
has shiny healthy teeth i love dentist appointments even though i have to get my wisdom teeth out yikes,1,0,0.032063954689919405,0.9679360453100806,False,Positive,Negative,Uncoded
please tell me your joking let's go babe haha i have a blue eyed adorable brunette waiting,0,1,0.9437517665985462,0.9437517665985462,False,Negative,Positive,Uncoded
you too,0,1,0.9740735764568875,0.9740735764568875,False,Negative,Positive,Uncoded
back to work i'm not sad,1,0,0.0036120314930070487,0.996387968506993,False,Positive,Negative,Uncoded
dont feel bad i'm working also hopefully it wont take all day crossing fingers,1,0,0.013371909455569675,0.9866280905444303,False,Positive,Negative,Uncoded
hugged stupid today it was not a very good hug because his backpack was on but it was a hug nonetheless,1,0,0.07373257084163862,0.9262674291583614,False,Positive,Negative,Uncoded
oh how i love tea,0,1,0.926030464787274,0.926030464787274,False,Negative,Positive,Uncoded
i stand corrected,0,1,0.9014055025183059,0.9014055025183059,False,Negative,Positive,Uncoded
aw that sucks what happened to it mine looks all pretty and new,1,0,0.03421124677605153,0.9657887532239484,False,Positive,Negative,Uncoded
rosenborg was a huge disappointment kind of embarrassing but manure lost to everton though,1,0,0.01627234486067498,0.983727655139325,False,Positive,Negative,Uncoded
wow im so bored i dont even know what to do with myself,1,0,0.05726887467852517,0.9427311253214748,False,Positive,Negative,Uncoded
you can't see me what are you up to today sunshine,0,1,0.9337559653257085,0.9337559653257085,False,Negative,Positive,Uncoded
didn't sleep every well last night but i have to get ready for work,1,0,0.0067119491558904785,0.9932880508441095,False,Positive,Negative,Uncoded
yeah it is but i still have a lot of makeup work from being sick d ah well school is almost over,1,0,0.07765180686414247,0.9223481931358575,False,Positive,Negative,Uncoded
oh sweetie happy birthday text me if you need to talk vent okay love u lt 3,0,1,0.9677794632324608,0.9677794632324608,False,Negative,Positive,Uncoded
no actually they havent ruined my day thats what they wanted to do im gonna forget about that idiot and enjoy myself,1,0,0.06996646834722645,0.9300335316527736,False,Positive,Negative,Uncoded
i miss youuuu,1,0,0.03608754378862143,0.9639124562113786,False,Positive,Negative,Uncoded
didn't make to my cousin's yacht convention hope he doesn't get upset and hope he won,1,0,0.016339490645153835,0.9836605093548462,False,Positive,Negative,Uncoded
you'd think so lol,0,1,0.9518071232247914,0.9518071232247914,False,Negative,Positive,Uncoded
she had a mamary tumour but they removed it today,1,0,0.030438319665348594,0.9695616803346514,False,Positive,Negative,Uncoded
sitting at work wishing i was at home,1,0,0.007847398386612092,0.9921526016133879,False,Positive,Negative,Uncoded
to bad yo dint cast to late times like 4am,1,0,0.053283342325341876,0.9467166576746582,False,Positive,Negative,Uncoded
i agree with you,0,1,0.9179284803064703,0.9179284803064703,False,Negative,Positive,Uncoded
i just had the weirdest dream ever and can't see because owi credo is too brighi but i hate guys,1,0,0.04691907977926635,0.9530809202207337,False,Positive,Negative,Uncoded
just saw your tweet let us know if you need any help,0,1,0.9352205488232691,0.9352205488232691,False,Negative,Positive,Uncoded
is that near the locks man i'm kinda missing seattle then i see the sunshine outside my window and i miss it a little less,1,0,0.060757014741430394,0.9392429852585696,False,Positive,Negative,Uncoded
oh lord why does't thy hate us,1,0,0.010244242086094405,0.9897557579139056,False,Positive,Negative,Uncoded
hi unusualrainbow por acaa habloo en inglees xd,0,1,0.9728033396666893,0.9728033396666893,False,Negative,Positive,Uncoded
i have sore throat it hurts so bad but i bought new volume of the clique so i'm kind of happy,1,0,0.09782241047835868,0.9021775895216413,False,Positive,Negative,Uncoded
i could really eat a cheeseburger right now my tummy is calling for it,1,0,0.09996712287400703,0.900032877125993,False,Positive,Negative,Uncoded
failing takes skill and no one appreciates it,1,0,0.06582852724529983,0.9341714727547001,False,Positive,Negative,Uncoded
matthew s lt 3,0,1,0.9006996212260908,0.9006996212260908,False,Negative,Positive,Uncoded
goodnight,0,1,0.9824142543666886,0.9824142543666886,False,Negative,Positive,Uncoded
the one movie i can see over and over and not get bored is not in english,1,0,0.07185376188773537,0.9281462381122646,False,Positive,Negative,Uncoded
my problem is that i cant find guys as attractive as i am,1,0,0.03980517910124321,0.9601948208987567,False,Positive,Negative,Uncoded
mmmmm just,0,1,0.9773815787876009,0.9773815787876009,False,Negative,Positive,Uncoded
watching mtv award see u guys tomorrow,0,1,0.9129336781226295,0.9129336781226295,False,Negative,Positive,Uncoded
i'm sure he's proud of you,0,1,0.9952748938054956,0.9952748938054956,False,Negative,Positive,Uncoded
london home goodbye to 3 gcses,1,0,0.06208457519317956,0.9379154248068204,False,Positive,Negative,Uncoded
tech tech tech tech anyone know why julia died d,1,0,0.09456085396448138,0.9054391460355187,False,Positive,Negative,Uncoded
i didn't,1,0,0.0019915599127611925,0.9980084400872388,False,Positive,Negative,Uncoded
wants to go top shopping but instead is mock driving test and finishing assignment sad times there's always tomorrow though,1,0,0.024713796479683726,0.9752862035203163,False,Positive,Negative,Uncoded
im not with stupid,1,0,0.045472249821603375,0.9545277501783966,False,Positive,Negative,Uncoded
that's no fun,1,0,0.00976564989753607,0.990234350102464,False,Positive,Negative,Uncoded
i you twilight boy im sad xxxxx,1,0,0.048065009409918966,0.951934990590081,False,Positive,Negative,Uncoded
got mcflurries with sarah and yvette broke the speakers in my car have no motivation to get back to school work,1,0,0.040104528851156444,0.9598954711488435,False,Positive,Negative,Uncoded
i hate mathe but in 2 days the exam is over and i can spent my time in the sun,1,0,0.04135546002829229,0.9586445399717077,False,Positive,Negative,Uncoded
hi please unsuspend my company account request 370371 we weren't spamming or anything it's thanks,0,1,0.9102729252330694,0.9102729252330694,False,Negative,Positive,Uncoded
another rainy day but i still work work and work i even haven't got my break,1,0,0.03085323914167241,0.9691467608583276,False,Positive,Negative,Uncoded
i love my puppy,0,1,0.9415766297425977,0.9415766297425977,False,Negative,Positive,Uncoded
awww i did miss it sowwy it's basically gone now nothing a lil advil and a lot of water couldn't fix,1,0,0.020741224320442567,0.9792587756795574,False,Positive,Negative,Uncoded
is thinking it's a lovely day is feeling pretty much better and is ready for summer just one week of fashion show in the way,0,1,0.9163609740907749,0.9163609740907749,False,Negative,Positive,Uncoded
aww i miss her and you guys,1,0,0.01503115995856144,0.9849688400414386,False,Positive,Negative,Uncoded
good thanks funy video bring it on something to brighten the morning when working on a public holiday,0,1,0.9495016959028056,0.9495016959028056,False,Negative,Positive,Uncoded
twitter why u so contageaous ever since upload breaks every single chance of me hav an actual having real friends,1,0,0.061193670744998006,0.938806329255002,False,Positive,Negative,Uncoded
ew baiden has herpes,1,0,0.05114353159694476,0.9488564684030553,False,Positive,Negative,Uncoded
kinda depressed ehhh but w e im not gonna let it ruin my day,1,0,0.01732894971166816,0.9826710502883318,False,Positive,Negative,Uncoded
neither can i,1,0,0.09945906788435552,0.9005409321156445,False,Positive,Negative,Uncoded
i feel acomplished,1,0,0.019052793771156828,0.9809472062288431,False,Positive,Negative,Uncoded
sounds fun,0,1,0.9515337728555817,0.9515337728555817,False,Negative,Positive,Uncoded
im but i don't have to like it,1,0,0.048043843003062206,0.9519561569969378,False,Positive,Negative,Uncoded
i got bring hehe keys too i'm so slpy,0,1,0.9356263399829589,0.9356263399829589,False,Negative,Positive,Uncoded
typical i can never get up early when i'm supposed to and now day off and i'm super awake meh,1,0,0.042627462008934434,0.9573725379910656,False,Positive,Negative,Uncoded
in the libary just managed to con them into letting me print past papers im so sad realy,1,0,0.028266337979610673,0.9717336620203894,False,Positive,Negative,Uncoded
i stopped reporting when i had to stay home sick and away from net access,1,0,0.011426183778311514,0.9885738162216885,False,Positive,Negative,Uncoded
finals then off to turkeyyy i love youuuu lt 3,0,1,0.9444836443373077,0.9444836443373077,False,Negative,Positive,Uncoded
i'm going to bed with a heavy heart good night world i pray tomorrow will be a much better day,0,1,0.9398825704557877,0.9398825704557877,False,Negative,Positive,Uncoded
hmmm nice hat,0,1,0.9271678861793091,0.9271678861793091,False,Negative,Positive,Uncoded
no we're not he's dead,1,0,0.08944237090300108,0.9105576290969989,False,Positive,Negative,Uncoded
just downloaded a hq wallpaper pack and found 2 chops in there roobi's pink purple gold and nomis's rad beetle,0,1,0.9446557773002844,0.9446557773002844,False,Negative,Positive,Uncoded
it's time to catch up on thank you notes,0,1,0.9299333720867986,0.9299333720867986,False,Negative,Positive,Uncoded
still no unfortunately i'll be another week or so before i can finally head home i take it the trip was good,1,0,0.03720785280147979,0.9627921471985202,False,Positive,Negative,Uncoded
fightin a headache a bit more painful than the norm had me crinching on the floor cuz of discomfort 4 like 15 mins but the pill kicked in,1,0,0.0432721209295356,0.9567278790704644,False,Positive,Negative,Uncoded
i get to see miss boothang tonight,1,0,0.04298913297014799,0.957010867029852,False,Positive,Negative,Uncoded
i wish i was the owner of facebook not 'cause its cool i want to sell it or maybe quit,1,0,0.08635247161859333,0.9136475283814067,False,Positive,Negative,Uncoded
yeah that's a bitch sorry couldn't reist,1,0,0.017680052773836993,0.982319947226163,False,Positive,Negative,Uncoded
i'm not paired what about me,1,0,0.030392187439398134,0.9696078125606019,False,Positive,Negative,Uncoded
oh yea i watched it online i was out last night so missed it but it gets online really quick,1,0,0.07439890081909205,0.9256010991809079,False,Positive,Negative,Uncoded
i put a flouncy self important art tutor in his place last night i was very much pleased good night overall with drink,0,1,0.9789006425295679,0.9789006425295679,False,Negative,Positive,Uncoded
my kitty i miss her,1,0,0.0016369674875169236,0.998363032512483,False,Positive,Negative,Uncoded
sorry i hope you can find it in your heart to forgive me,1,0,0.04483570342797308,0.955164296572027,False,Positive,Negative,Uncoded
gotta work today,1,0,0.03117490080493247,0.9688250991950675,False,Positive,Negative,Uncoded
im up and im fully awake and it's 1 40pm jeez i'm actually really lazy not my fault tho didnt get in til 5,1,0,0.05013232144875797,0.949867678551242,False,Positive,Negative,Uncoded
4 16 need sleep i have been wake for 19 hours n nt tired,1,0,0.08669072820419492,0.9133092717958051,False,Positive,Negative,Uncoded
my only complaint is that i don't like sidebars,1,0,0.028308897908555536,0.9716911020914445,False,Positive,Negative,Uncoded
lol,0,1,0.9848921840750716,0.9848921840750716,False,Negative,Positive,Uncoded
that would make me the worst thank god i know i'm superior to you all name it and i'll tell you how i'm better,0,1,0.9063394782912187,0.9063394782912187,False,Negative,Positive,Uncoded
i'm yaoo not sonnnny,1,0,0.0011381503087000467,0.9988618496913,False,Positive,Negative,Uncoded
awww pls don't worry baby you're perfect,0,1,0.9042740653690823,0.9042740653690823,False,Negative,Positive,Uncoded
i about fell out of my chair when i read that yea irish fesitval boo grad classes hw call you after class tonight,1,0,0.08273024780115416,0.9172697521988459,False,Positive,Negative,Uncoded
same here went out last night came back at 4 30am and kept on going til like 8am woke up again at 11 still at it now,1,0,0.0625729119717911,0.937427088028209,False,Positive,Negative,Uncoded
after a nice long morning walk coffee with the neighbours and a great big brunch it's time to clean,0,1,0.9525938545252656,0.9525938545252656,False,Negative,Positive,Uncoded
somepeople have to go for work on time,1,0,0.06584113616257774,0.9341588638374223,False,Positive,Negative,Uncoded
best place to be much better than a silly office although it is sunny out so a beer garden would be great right about now,0,1,0.9054452334578331,0.9054452334578331,False,Negative,Positive,Uncoded
haha bet that was fun we needs to cam,0,1,0.9338850665611418,0.9338850665611418,False,Negative,Positive,Uncoded
oh no 2nd saturdays on 2nd saturday,1,0,0.08861007065797735,0.9113899293420227,False,Positive,Negative,Uncoded
alex why didnt you come sad masaya outing haha walang tulugan and videoke galore not much alcoholic drinks though,1,0,0.03215758331832384,0.9678424166816761,False,Positive,Negative,Uncoded
less good,0,1,0.954539122213769,0.954539122213769,False,Negative,Positive,Uncoded
r i p cousin i love you,0,1,0.9182948886290271,0.9182948886290271,False,Negative,Positive,Uncoded
the logo doesn't look too far from,1,0,0.07129912561056467,0.9287008743894354,False,Positive,Negative,Uncoded
yay today i get 2 spend the day with the athletic director,0,1,0.9504563918524316,0.9504563918524316,False,Negative,Positive,Uncoded
dont give me that sad face d lmao noo iluu,1,0,0.013303376385544222,0.9866966236144558,False,Positive,Negative,Uncoded
i think i can find some other gross stuff for his glasses,1,0,0.07842657701318242,0.9215734229868175,False,Positive,Negative,Uncoded
ofcourse u do but work comes 1st and u gon miss the big announcement,1,0,0.062071383774406574,0.9379286162255934,False,Positive,Negative,Uncoded
not only has it broken but it's monday does this mean monday can be fix'd,1,0,0.018195968307253136,0.9818040316927469,False,Positive,Negative,Uncoded
heigh ho heigh ho it's off to housework i go i can't believe my life became this mundane aaagh if only i could afford a maid,1,0,0.06546885081486976,0.9345311491851302,False,Positive,Negative,Uncoded
burnt my tongue on soup but it tastes good,1,0,0.05427453212800043,0.9457254678719995,False,Positive,Negative,Uncoded
happy belated b day,0,1,0.9426998131040948,0.9426998131040948,False,Negative,Positive,Uncoded
not until august but she's planned it so i'm driving before i start school again in sept,1,0,0.08426392121274302,0.9157360787872569,False,Positive,Negative,Uncoded
no porbs,1,0,0.0008430049894551118,0.9991569950105449,False,Positive,Negative,Uncoded
that really hit me i was feeling so depressed and i came to my twitter friends to cheer me up i feel so much better,1,0,0.05227646201889341,0.9477235379811066,False,Positive,Negative,Uncoded
psychology here i come,0,1,0.9333144076445068,0.9333144076445068,False,Negative,Positive,Uncoded
like 3 years ago and aw thanks love here's the converse that i bought,0,1,0.9719743534008127,0.9719743534008127,False,Negative,Positive,Uncoded
is home just cleaned upstairs and put a bandaid on because my finger nail split a bit to low and i dont want to rip it off,1,0,0.023215220047205908,0.9767847799527941,False,Positive,Negative,Uncoded
why do you want the wings to lose so bad,1,0,0.06042611928025234,0.9395738807197477,False,Positive,Negative,Uncoded
i'm bored right now and i need someone to talk to,1,0,0.037350925679344824,0.9626490743206552,False,Positive,Negative,Uncoded
is down to the wire graduation is just a mere six days away i can't believe it i think i might just cry i might i'll miss you all,1,0,0.0318837969353695,0.9681162030646305,False,Positive,Negative,Uncoded
your welcome but you have to get dressed or your out of the running ask the boss,0,1,0.9295448952054362,0.9295448952054362,False,Negative,Positive,Uncoded
some ppl wanna be pampered some ppl wanna do the pampering nothing wrong with that and i like my ego its fun sometimes,0,1,0.9075318618975015,0.9075318618975015,False,Negative,Positive,Uncoded
is time to put on that nerd glasses and dusty books back btw happy mother's day,0,1,0.9737023460355821,0.9737023460355821,False,Negative,Positive,Uncoded
wet cause of the rain,1,0,0.08618391573802561,0.9138160842619744,False,Positive,Negative,Uncoded
a bank doesn't get hungry i don't think it eats all our money,1,0,0.0635871524532485,0.9364128475467515,False,Positive,Negative,Uncoded
well i haven't got long left untill summer hols now the weathers been way too nice this week i want to stay at home haha,1,0,0.09994686953110613,0.9000531304688939,False,Positive,Negative,Uncoded
still broken down or get it fixed,1,0,0.0640996492396,0.9359003507604,False,Positive,Negative,Uncoded
have succesfully locked two children out of the house snigger,1,0,0.08563260356044058,0.9143673964395594,False,Positive,Negative,Uncoded
no i wasnt i was reading the paper online so boo sucks,1,0,0.013677696648449086,0.9863223033515509,False,Positive,Negative,Uncoded
spoke to jenny still feel kimda shitty but she cheered me up,1,0,0.04115572159362278,0.9588442784063772,False,Positive,Negative,Uncoded
you sputtered,0,1,0.9968691219023424,0.9968691219023424,False,Negative,Positive,Uncoded
yesterday exploded my mains adapter of my pc and the fuse burn out holy shit i was scared to death,1,0,0.031027137178028408,0.9689728628219716,False,Positive,Negative,Uncoded
am i your girl,0,1,0.902012107007059,0.902012107007059,False,Negative,Positive,Uncoded
really doesn't want to go to school hmm just a week left,1,0,0.025048145808912053,0.974951854191088,False,Positive,Negative,Uncoded
ssyndrome wishing i was in la,1,0,0.013345729488422206,0.9866542705115778,False,Positive,Negative,Uncoded
crazy day but when you have kids what day isnt crazy just wishing i didnt get laid off lst wk amp we never lost our house last year,1,0,0.015406614709002165,0.9845933852909978,False,Positive,Negative,Uncoded
and yes i have seen your comment and yes i did have the right answer i'll get over it,0,1,0.9569720181101957,0.9569720181101957,False,Negative,Positive,Uncoded
i was thinking last night that i might have to go alone i'm a strong independent woman i can go to a movie alone,1,0,0.07619576131909955,0.9238042386809004,False,Positive,Negative,Uncoded
wants a new fone especialli the blackberry curve had a viewty for a month and broke it so probz need to b xtra nice if i have any chance,1,0,0.07344260517122089,0.9265573948287791,False,Positive,Negative,Uncoded
i hope i can watch fighting spiders tonight because papa wants to take me to dine out,1,0,0.06599741593046726,0.9340025840695327,False,Positive,Negative,Uncoded
damn misses her hero darliansyah happy father's day pak darli you're my superstar as always mwahhh lt 3,1,0,0.07194075475366614,0.9280592452463339,False,Positive,Negative,Uncoded
more clues hahaha the suspense is killerrr,0,1,0.9084977099930537,0.9084977099930537,False,Negative,Positive,Uncoded
it rained here too,1,0,0.07502323926644672,0.9249767607335533,False,Positive,Negative,Uncoded
yesterday all my troubles seemed so far away now it looks as they're not here to stay gotta love vacation,1,0,0.07860918781017803,0.921390812189822,False,Positive,Negative,Uncoded
i sooo hate myself for not watching on tv ugh hope its on youtube,1,0,0.09401976561846924,0.9059802343815307,False,Positive,Negative,Uncoded
can't waaiiit,1,0,0.008360529930088163,0.9916394700699118,False,Positive,Negative,Uncoded
get days like that myself no worries twitter is strangely a firm part of my life ambivelent x,0,1,0.9111716658590246,0.9111716658590246,False,Negative,Positive,Uncoded
really how cool emma amp olivia i love it i asked if i cld name my daughter spencer said no b c of the origin,0,1,0.9006342212259438,0.9006342212259438,False,Negative,Positive,Uncoded
oh i hate when dat happens or if u get drunk wake up late and da plans u had for da day u dnt wanna do shit lol awww thnks,1,0,0.05509284081000414,0.9449071591899959,False,Positive,Negative,Uncoded
is in bed staring at the clock i need the sleep why can't i fall asleep it's frustrating goodnight everyone,1,0,0.0259368039804806,0.9740631960195194,False,Positive,Negative,Uncoded
p trick i meeesh you don't let panera get to you you're better than that,0,1,0.9403490287024022,0.9403490287024022,False,Negative,Positive,Uncoded
wants to partehh,1,0,0.06435287632611045,0.9356471236738896,False,Positive,Negative,Uncoded
quot aw i wish he was my friend quot poynterrrr,1,0,0.09539843284406523,0.9046015671559348,False,Positive,Negative,Uncoded
heading back to dallas i need to pee,1,0,0.0691442820498139,0.9308557179501861,False,Positive,Negative,Uncoded
bah humbugs,1,0,0.07387605042257879,0.9261239495774212,False,Positive,Negative,Uncoded
im still sick but much better thanks well im soo bored amp twiiter doesnt work very well,1,0,0.09912208186694507,0.900877918133055,False,Positive,Negative,Uncoded
yay back only but for a limited time still poor girl is all going well and i'm going on hols to dubai soon miss twitter,1,0,0.09332906983446035,0.9066709301655397,False,Positive,Negative,Uncoded
thx me too,0,1,0.928338750238996,0.928338750238996,False,Negative,Positive,Uncoded
mmmkay raining hard again i guess i should just go out tomorrow sorry,1,0,0.09435078820855566,0.9056492117914443,False,Positive,Negative,Uncoded
i want the hot weather back,1,0,0.08112430236696354,0.9188756976330364,False,Positive,Negative,Uncoded
it's really nice but i can't seem to get used to touchscreens lol i need or want the new iphone,1,0,0.040002709900681145,0.9599972900993189,False,Positive,Negative,Uncoded
im not feeling to well this morning i have a migraine hows you,1,0,0.013102489032039722,0.9868975109679603,False,Positive,Negative,Uncoded
how are you,0,1,0.9641425916143825,0.9641425916143825,False,Negative,Positive,Uncoded
post crying next day puffy eyes almost hurt it feels like they won't open oh well today will be better walked amp fed dog he was most,1,0,0.019803114052342773,0.9801968859476572,False,Positive,Negative,Uncoded
me too i missed it and am sad that there are only 3 left but maybe lee can join the heroes cast,1,0,0.0057986010020590105,0.994201398997941,False,Positive,Negative,Uncoded
cleaning and relaxing today yay graduation tomorrow,0,1,0.9250662538477084,0.9250662538477084,False,Negative,Positive,Uncoded
yay,0,1,0.9991580527729049,0.9991580527729049,False,Negative,Positive,Uncoded
and whisper it's cheap once you get there free breakfast great food in town private beach one day it'll all be over,0,1,0.9392814518535628,0.9392814518535628,False,Negative,Positive,Uncoded
packing to leave tomorrow and a little bummed because she'll deeply miss all her friends over the summer and was glad to reconnect,1,0,0.06012487570431653,0.9398751242956834,False,Positive,Negative,Uncoded
yeah it did and that's the best part of their weekend,0,1,0.911938144972293,0.911938144972293,False,Negative,Positive,Uncoded
soo tired work the whole day by myself coz my manager was 'sick' gonna get mean commission hopefully smashed my target,1,0,0.018104196076034022,0.981895803923966,False,Positive,Negative,Uncoded
you've lost me there sorry even googling didn't help,1,0,0.03353596314973016,0.9664640368502698,False,Positive,Negative,Uncoded
usual morning grumble feck its cold why did i have to get up now you know the usual,1,0,0.07037924653476427,0.9296207534652358,False,Positive,Negative,Uncoded
taking it slow today still suffering from a lack of sleep but as there's just a bit of patching today snore,1,0,0.08462948517828899,0.9153705148217111,False,Positive,Negative,Uncoded
ok day was great love u soo much lt 3 cu 2morrow,0,1,0.9186204336731836,0.9186204336731836,False,Negative,Positive,Uncoded
that's rough i'm having a lot of headaches lately but i'm pretty sure i know what is causing them,1,0,0.08498319308868721,0.9150168069113128,False,Positive,Negative,Uncoded
pretty good coaching with exceptional talent trounces exceptional coaching and pretty good talent msu,0,1,0.9794722625434116,0.9794722625434116,False,Negative,Positive,Uncoded
just finished studying but i have a headache,1,0,0.02637822068306824,0.9736217793169317,False,Positive,Negative,Uncoded
yes you're definitely a lucky girl thats what i think brazil suxs hahaha,0,1,0.9542786107032788,0.9542786107032788,False,Negative,Positive,Uncoded
29 pictures to edit thats a lot haha,0,1,0.9128423794323005,0.9128423794323005,False,Negative,Positive,Uncoded
have done amillion timess and still not working lol,1,0,0.04776217323026557,0.9522378267697345,False,Positive,Negative,Uncoded
its my birthday tomorrow you whores,0,1,0.9491131303703566,0.9491131303703566,False,Negative,Positive,Uncoded
jesus gt challenges are what makes life interesting overcoming them is what makes life meaningful,0,1,0.9041554413631537,0.9041554413631537,False,Negative,Positive,Uncoded
arrrrrrgh i need someone to come online,1,0,0.08767608158377951,0.9123239184162205,False,Positive,Negative,Uncoded
my quot unlimited quot data contract is 500mb a month 5 from orange i don't think that's too bad,1,0,0.08329309335077002,0.9167069066492299,False,Positive,Negative,Uncoded
same reason adults do as well nobody wants to get up when they have to do something they don't want to do,1,0,0.034602799371998824,0.9653972006280012,False,Positive,Negative,Uncoded
need to be on a diet,1,0,0.0924847535299472,0.9075152464700528,False,Positive,Negative,Uncoded
just got done with silverwood so much fun coming home,0,1,0.9051271430811682,0.9051271430811682,False,Negative,Positive,Uncoded
i recognized the pic funny i'll see you tomorrow nitey nite i am working earrrrrrrly,0,1,0.9270492648413005,0.9270492648413005,False,Negative,Positive,Uncoded
ahhhh so sad i missed it i need advance notice for the next one love u,1,0,0.009567963770616946,0.990432036229383,False,Positive,Negative,Uncoded
anything for you always xoxoxo so still no word from chicken i wonder if she had a trip planned,1,0,0.05929922749217718,0.9407007725078228,False,Positive,Negative,Uncoded
1000th woooooow p i just got the 500th lol,0,1,0.904440365091338,0.904440365091338,False,Negative,Positive,Uncoded
lol no interesting courses like that at antrim tech hehe,0,1,0.9824167469832947,0.9824167469832947,False,Negative,Positive,Uncoded
omgijustsaw2daysbeforeyouin front of me i cried i couldn't breathe i couldn't go backstage but u were amazing i love you demi,1,0,0.09027793531579824,0.9097220646842018,False,Positive,Negative,Uncoded
i know it's not fun awww i missed everyone but it's glad to be back hiiiii,1,0,0.09812144764997452,0.9018785523500255,False,Positive,Negative,Uncoded
sometimes the topping on a cheesecake makes great foreplay,0,1,0.935628530792424,0.935628530792424,False,Negative,Positive,Uncoded
i won igrenade,1,0,0.06983258188249866,0.9301674181175014,False,Positive,Negative,Uncoded
i deed hon yes i am credited i am very excited and i meese you,0,1,0.9722364666942491,0.9722364666942491,False,Negative,Positive,Uncoded
i want to see it sooo bad,1,0,0.036483173700522675,0.9635168262994773,False,Positive,Negative,Uncoded
cloudy in taipei 24c supposed to rain soon,1,0,0.03475551852817865,0.9652444814718213,False,Positive,Negative,Uncoded
gonna go out i dont no where but there ar people down stairs that can drive and im bored,1,0,0.03975797455476017,0.9602420254452398,False,Positive,Negative,Uncoded
wish i could take a pic of this lightening its unbelievable,1,0,0.08921115303591062,0.9107888469640893,False,Positive,Negative,Uncoded
wah u is mad lmao,1,0,0.08882239255271454,0.9111776074472855,False,Positive,Negative,Uncoded
aw i will don't worry thanku night night lt 3 xxxx,0,1,0.9123181854612155,0.9123181854612155,False,Negative,Positive,Uncoded
kel i cant hang out with you anymore im really sad ur my bffl im sorry burgen,1,0,0.005943176026756486,0.9940568239732435,False,Positive,Negative,Uncoded
getting ready for work picked up an extra shift today at the hospital praying it will be a not so busy night,1,0,0.04950005953604671,0.9504999404639533,False,Positive,Negative,Uncoded
failure hates persistence,1,0,0.017859613612008666,0.9821403863879913,False,Positive,Negative,Uncoded
yes we are,0,1,0.9434369522931249,0.9434369522931249,False,Negative,Positive,Uncoded
i am smirking an irony always arrive on the eve of a celebration an anniversary for example,0,1,0.9147495059554656,0.9147495059554656,False,Negative,Positive,Uncoded
i have a maths exam later not looking forward to it chilin with ethan my dude atm,1,0,0.09229716903908676,0.9077028309609132,False,Positive,Negative,Uncoded
lol thank u moms called talkin bout do i want five guys i passed,0,1,0.9387479983354698,0.9387479983354698,False,Negative,Positive,Uncoded
wow sounds awesome,0,1,0.970779273882967,0.970779273882967,False,Negative,Positive,Uncoded
oh man my sincerest condolences i honestly feel for you a canon wouldn't have fell of a tripod though,1,0,0.012440099013632543,0.9875599009863675,False,Positive,Negative,Uncoded
its a little gloomy in nj but not too bad,1,0,0.05396613427543965,0.9460338657245604,False,Positive,Negative,Uncoded
yeah it sucks maybe my afternoon nap didnt really help thoughh,1,0,0.058496433492942854,0.9415035665070571,False,Positive,Negative,Uncoded
passes all my exams and i don't have to redo an exam jeej,1,0,0.019504135656613786,0.9804958643433862,False,Positive,Negative,Uncoded
happy birthday moon,0,1,0.99506072043273,0.99506072043273,False,Negative,Positive,Uncoded
trying to be on time but its just not working,1,0,0.005424335271499886,0.9945756647285001,False,Positive,Negative,Uncoded
this doesn't look like you,1,0,0.08740539992006076,0.9125946000799392,False,Positive,Negative,Uncoded
i know 2010 is too far away o always seems to be a 3 year gap between halo games xd,1,0,0.06645061502655432,0.9335493849734456,False,Positive,Negative,Uncoded
why not i mean this is a great opportunity for you jamaica right,0,1,0.9238092568790348,0.9238092568790348,False,Negative,Positive,Uncoded
my stepmother,1,0,0.03900164806798269,0.9609983519320173,False,Positive,Negative,Uncoded
oh man the bent spoon's ice cream is muy delicioso unfortunately the only store is located in princeton nooo s but amazing saturday,1,0,0.05788527400747869,0.9421147259925213,False,Positive,Negative,Uncoded
body seems to be awake but my eyes are fighting to close again lol atl here we come so kristin knows not thinks she can dance,1,0,0.04703251424163192,0.9529674857583681,False,Positive,Negative,Uncoded
daughter now on unlimited text tariff can't afford to be payg and reply to all her texts cheaper to buy new iphone 3gs,1,0,0.0778147643253349,0.9221852356746651,False,Positive,Negative,Uncoded
you know it's going to be subo dammmnnn stavros flatley should win,0,1,0.9136627510273853,0.9136627510273853,False,Negative,Positive,Uncoded
going to the toilet cause i have to take a leak for over an hour now,1,0,0.06204785409290213,0.9379521459070979,False,Positive,Negative,Uncoded
i think he has had it with the thunder poor buddy,1,0,0.03729269243880247,0.9627073075611975,False,Positive,Negative,Uncoded
count of 8 fullout miss u sis,1,0,0.08346128505755697,0.916538714942443,False,Positive,Negative,Uncoded
watching this fatty girl video and i'm like i'm very disturbed watching ll cool j with that lolli pop,0,1,0.9787023591408707,0.9787023591408707,False,Negative,Positive,Uncoded
mornin' my head is not good today but it's not my fault wasn't my idea to start on the shots,1,0,0.011469234517099356,0.9885307654829006,False,Positive,Negative,Uncoded
hey guys i tried uploading my picture but i cant it's taking forever sry will try again soon k,1,0,0.02789286773849845,0.9721071322615016,False,Positive,Negative,Uncoded
it's not 1999 anymore,1,0,0.06350257534338323,0.9364974246566168,False,Positive,Negative,Uncoded
pretty please follow me lt 3,0,1,0.9273387971533017,0.9273387971533017,False,Negative,Positive,Uncoded
my bad sorry,1,0,0.031879169950965874,0.9681208300490342,False,Positive,Negative,Uncoded
i hate u im sorry but i always wanted to say that to you hope u see this mwa mwa hated truely,1,0,0.050345380186866774,0.9496546198131333,False,Positive,Negative,Uncoded
a i didnt get 2 go next time,1,0,0.06224009137316635,0.9377599086268337,False,Positive,Negative,Uncoded
looks like you're the only other one tweeting right now not being able to sleep sucks i hate cramps,1,0,0.009647850789444613,0.9903521492105554,False,Positive,Negative,Uncoded
anything you want done baby i do it naturally,0,1,0.9574892403918538,0.9574892403918538,False,Negative,Positive,Uncoded
what's so funny,0,1,0.9609160151300884,0.9609160151300884,False,Negative,Positive,Uncoded
had an okay day 16th birthday in 5 days and hangin with friends text or message me,0,1,0.9479393511332583,0.9479393511332583,False,Negative,Positive,Uncoded
oooh i miss that guy,1,0,0.06275466323107012,0.9372453367689298,False,Positive,Negative,Uncoded
its been a coule of weeks since i have twittered due to health issues which also cost me my job but i will get back in the game,1,0,0.07149879522164966,0.9285012047783503,False,Positive,Negative,Uncoded
i came back home i miss you home,1,0,0.08212594389616075,0.9178740561038392,False,Positive,Negative,Uncoded
yes,0,1,0.9402305369441872,0.9402305369441872,False,Negative,Positive,Uncoded
yes the one tonite is good,0,1,0.975619378240465,0.975619378240465,False,Negative,Positive,Uncoded
theres all summer songs on the radio makes me wanna partay but i has to sutdy what a bummer lame l just might be paranoid l,1,0,0.03329499277757897,0.966705007222421,False,Positive,Negative,Uncoded
i'm only going to be in lexington today and tomorrow but all my high school friends have plans called prom boo i'll miss you guys,1,0,0.01893229253059241,0.9810677074694076,False,Positive,Negative,Uncoded
which i put my hands up but didn't help with no spec,1,0,0.044474686979873355,0.9555253130201267,False,Positive,Negative,Uncoded
idk if i have homework but if i have i wont dooo it,1,0,0.07459569378324392,0.9254043062167561,False,Positive,Negative,Uncoded
aw mygod childhood memories how i miss him,1,0,0.009500103881652861,0.9904998961183471,False,Positive,Negative,Uncoded
aww im so sorry that suks did u want to go i hope she feels better,1,0,0.00509647450716743,0.9949035254928326,False,Positive,Negative,Uncoded
aww lol x i miss you,1,0,0.04726429500528246,0.9527357049947175,False,Positive,Negative,Uncoded
back to work on xtube,1,0,0.06406346323325572,0.9359365367667443,False,Positive,Negative,Uncoded
just take me wiff you,0,1,0.911533518896929,0.911533518896929,False,Negative,Positive,Uncoded
can't believe it's a week since seeing qi being taped wish i could have gone every night and sampled the other guests so to speak,1,0,0.05884307562675276,0.9411569243732473,False,Positive,Negative,Uncoded
my dads house uh its sooooo boring here nothing to do except tweet,1,0,0.08493930654969592,0.915060693450304,False,Positive,Negative,Uncoded
liarrr you where fake crying,1,0,0.07767381341025796,0.9223261865897421,False,Positive,Negative,Uncoded
going home today i miss everyone,1,0,0.022492002332465497,0.9775079976675345,False,Positive,Negative,Uncoded
no no no no no no no no no why why why why why why why you you you you you you you you ow ow ow ow ow ow ow ow ow hannah motnana,1,0,0.07891462942935618,0.9210853705706439,False,Positive,Negative,Uncoded
doubt it how can you hate jb o,1,0,0.07371982583784455,0.9262801741621555,False,Positive,Negative,Uncoded
done with country stars,0,1,0.9163583889754625,0.9163583889754625,False,Negative,Positive,Uncoded
awww,1,0,0.06122060482603198,0.938779395173968,False,Positive,Negative,Uncoded
i feel like crap no really crap if i were i would've had 50 tweets about it by now,1,0,0.02429202445477733,0.9757079755452227,False,Positive,Negative,Uncoded
passed my flute exam yippeeeee got theory this afternoon sad face brother dislocated his knee so luckiin after him,1,0,0.03931029805642221,0.9606897019435778,False,Positive,Negative,Uncoded
oh i have a terrible sore throat i think it's an alergy but don't worry we won't stop recording,1,0,0.06619058426715203,0.9338094157328479,False,Positive,Negative,Uncoded
i'm so curious about your new songs,0,1,0.9251413832578873,0.9251413832578873,False,Negative,Positive,Uncoded
only awake b c i have to be,1,0,0.0698469807794466,0.9301530192205534,False,Positive,Negative,Uncoded
reply to the wrong person sorry,1,0,0.02673979909015346,0.9732602009098466,False,Positive,Negative,Uncoded
yeah im glad conan is back i missed him,0,1,0.9104516299094272,0.9104516299094272,False,Negative,Positive,Uncoded
no we have um quot mag quot magazine hahaha xd placebo's on our,0,1,0.9368644523097907,0.9368644523097907,False,Negative,Positive,Uncoded
wish that was my world except insomnia,1,0,0.007050787537831202,0.9929492124621688,False,Positive,Negative,Uncoded
yawn fucking time zones shit i'm really sick of all this pressure right now rock am ring next week though,1,0,0.047445391657541004,0.952554608342459,False,Positive,Negative,Uncoded
tired want to go to the beach but want to go back to bed more what to do,1,0,0.02189485774088709,0.9781051422591129,False,Positive,Negative,Uncoded
aww im ok why do you feel weird,1,0,0.05029664630157018,0.9497033536984298,False,Positive,Negative,Uncoded
has poisoned herself not feeling good,1,0,0.04458038888240871,0.9554196111175913,False,Positive,Negative,Uncoded
been there not the writhing on the floor and squealing though,1,0,0.07425598484375169,0.9257440151562483,False,Positive,Negative,Uncoded
were gonna whoop my ass i'm not violent but i gotta lil bit of thug in me,1,0,0.09161841274583414,0.9083815872541658,False,Positive,Negative,Uncoded
i can't wait arn't you on skype,0,1,0.9321121097719585,0.9321121097719585,False,Negative,Positive,Uncoded
don't have to go to work today going to clear out my wardrobe i have literally run out of space i've got so many clothes it's ridic,1,0,0.059224763243399384,0.9407752367566006,False,Positive,Negative,Uncoded
haha that was so funny i'm bored,0,1,0.9314581979996935,0.9314581979996935,False,Negative,Positive,Uncoded
save meee some or make some more of your speciality millionaire shortbread,0,1,0.9122437605486106,0.9122437605486106,False,Negative,Positive,Uncoded
i thought it was a great idea,0,1,0.9122360938018664,0.9122360938018664,False,Negative,Positive,Uncoded
wow thanks for responding back everyone,0,1,0.9335610625408186,0.9335610625408186,False,Negative,Positive,Uncoded
cause it's not on tv sorry to get your hopes up dvd marathon my friend,1,0,0.07404940256822848,0.9259505974317715,False,Positive,Negative,Uncoded
4 20 lol i just got to class and i already want to leave man i hate college but i love asher roth,1,0,0.06062476136716125,0.9393752386328388,False,Positive,Negative,Uncoded
goodnight finally french scripts arent fun to translate at midnight,0,1,0.916146642182634,0.916146642182634,False,Negative,Positive,Uncoded
haha jen jb fan too and a take care alright we'll miss you so much did you like the drawing hahaha,0,1,0.9147208771407511,0.9147208771407511,False,Negative,Positive,Uncoded
see now i don't feel alone,1,0,0.033868680179503965,0.966131319820496,False,Positive,Negative,Uncoded
i'm a wild and crazy guy,0,1,0.9090322092064882,0.9090322092064882,False,Negative,Positive,Uncoded
trying to give up greek yogurt but i did have half a container left in the fridge,1,0,0.07955913772308829,0.9204408622769117,False,Positive,Negative,Uncoded
sorry to confuse yeah they worship the devil filthy lucre,1,0,0.08856901466336488,0.9114309853366351,False,Positive,Negative,Uncoded
i know it has been awhile i am doing really good just been suffering from a horrible migraine for the last week but good,1,0,0.08962004036089981,0.9103799596391002,False,Positive,Negative,Uncoded
you there bbz lt 3,0,1,0.935924077428336,0.935924077428336,False,Negative,Positive,Uncoded
good advice he's hot,0,1,0.9651279611963381,0.9651279611963381,False,Negative,Positive,Uncoded
not that's id ever complain they're the ones thgat don't make me sad,1,0,0.02591010706956548,0.9740898929304345,False,Positive,Negative,Uncoded
my thumb is bleeding from giving people light shows,1,0,0.0831196108603613,0.9168803891396387,False,Positive,Negative,Uncoded
home last n then work 2marow,1,0,0.07934858879767945,0.9206514112023205,False,Positive,Negative,Uncoded
obama is super proud of swatting that fly with good reason i always just hit myself,0,1,0.9482952774850816,0.9482952774850816,False,Negative,Positive,Uncoded
really don't feel like working too tired drinking concert and coney makes me a tired girl,1,0,0.022341295169889384,0.9776587048301106,False,Positive,Negative,Uncoded
i'll notice,0,1,0.9031081674756904,0.9031081674756904,False,Negative,Positive,Uncoded
my eyes want to close and my feet are freezing but thats okay,1,0,0.07033942804329038,0.9296605719567096,False,Positive,Negative,Uncoded
true i'm not going to give up i'm no quitter,1,0,0.049081786656354306,0.9509182133436457,False,Positive,Negative,Uncoded
so jealous i want pizza but no money till tomorrow my last ripped up 5 is buying us some chippies at the beach xx,1,0,0.01087895881485022,0.9891210411851498,False,Positive,Negative,Uncoded
good morning time to do jasmines nappy head what fun,0,1,0.9246059624164061,0.9246059624164061,False,Negative,Positive,Uncoded
getting the kiddies ready for bed good night,0,1,0.9623751156826316,0.9623751156826316,False,Negative,Positive,Uncoded
i used to twitter tweet so often now i only check tumblr i'll tweet more i promise,0,1,0.9345741241038595,0.9345741241038595,False,Negative,Positive,Uncoded
i stop studying bcus i thought i was tired enough to sleep but i realized i've been awake for only 11 hrs estoy leyendo twilight,1,0,0.04439020935619478,0.9556097906438052,False,Positive,Negative,Uncoded
oops make that quot to see it quot,0,1,0.9168545471623638,0.9168545471623638,False,Negative,Positive,Uncoded
heeey,0,1,0.9260636322450179,0.9260636322450179,False,Negative,Positive,Uncoded
to mean thx for the support could always count on u yay family lol hehe blessed herbs colon cleanse,0,1,0.9929380055877228,0.9929380055877228,False,Negative,Positive,Uncoded
no i love you,1,0,0.0492758762984576,0.9507241237015424,False,Positive,Negative,Uncoded
exam leave eventuallllly,1,0,0.042448515874938766,0.9575514841250612,False,Positive,Negative,Uncoded
still isn't down with opp,1,0,0.03854509199227725,0.9614549080077227,False,Positive,Negative,Uncoded
whooooo hooooo new moon loooks fantastic and good job crazy obsessed fans mtv movie awards rocked sorry emenim that totally sucked,0,1,0.9209350427008088,0.9209350427008088,False,Negative,Positive,Uncoded
what a rainy day so freezy and cold i need someone to hug me,1,0,0.023441811308389775,0.9765581886916103,False,Positive,Negative,Uncoded
your new pic is cute u look like a puppy haha lt 3,0,1,0.9673875683170012,0.9673875683170012,False,Negative,Positive,Uncoded
no you dont have to be one or the other cant you be something else,1,0,0.091376906921477,0.908623093078523,False,Positive,Negative,Uncoded
haha i wiish they should be real,0,1,0.9150525598386364,0.9150525598386364,False,Negative,Positive,Uncoded
accc is investigating that one as we speak so hopefully soon all that stuff will be finished with,0,1,0.91780086498852,0.91780086498852,False,Negative,Positive,Uncoded
good morning everyone just had a coffee and made my 'to do' list better get on and 'do' it now it's very long,0,1,0.9508720020148843,0.9508720020148843,False,Negative,Positive,Uncoded
milk goes with cookies and thats a cute picture in your backgroud look at you all grown up,0,1,0.9429649090845981,0.9429649090845981,False,Negative,Positive,Uncoded
just cut my old skinny jeans into shorts boo for the summer got tanner already yeah for having mucho melanin,1,0,0.07143081141337473,0.9285691885866253,False,Positive,Negative,Uncoded
could b worst u could b having mcdonalds,1,0,0.04002257278403841,0.9599774272159616,False,Positive,Negative,Uncoded
morning twitters happy sat at work today but you enjoy your day,0,1,0.9079947720866425,0.9079947720866425,False,Negative,Positive,Uncoded
oh i will alright lovely i can't have a shower lol love you xx,0,1,0.9283595335686139,0.9283595335686139,False,Negative,Positive,Uncoded
happy birthday love hope it's a good one what are the birthday plans then sweetcheeks it's chucking it down x,0,1,0.9593197682528937,0.9593197682528937,False,Negative,Positive,Uncoded
take care,0,1,0.9274733553866457,0.9274733553866457,False,Negative,Positive,Uncoded
skits sounds good a slogan for that could be skitz drive your mouth crazy sure i had a better 1 i forget when i sleep lol,0,1,0.9389899589599351,0.9389899589599351,False,Negative,Positive,Uncoded
not on the iphone it isn't,1,0,0.023001117735536602,0.9769988822644634,False,Positive,Negative,Uncoded
welcome to my life,0,1,0.9589482951942104,0.9589482951942104,False,Negative,Positive,Uncoded
bed sounds nice,0,1,0.9417829413802117,0.9417829413802117,False,Negative,Positive,Uncoded
i wasn't tryin to call you out i just remember my dad always had my ass late he never got in trouble i did,1,0,0.027027628921104885,0.9729723710788951,False,Positive,Negative,Uncoded
aww i just recently discovered you through some friends and i think you are amazing lt 3,0,1,0.9151436558572499,0.9151436558572499,False,Negative,Positive,Uncoded
goodnight,0,1,0.9824142543666886,0.9824142543666886,False,Negative,Positive,Uncoded
hope lungs all better now,0,1,0.9262063136471994,0.9262063136471994,False,Negative,Positive,Uncoded
chance why aren't u answern our questions we can do shit 4 u,1,0,0.06136071737677704,0.9386392826232229,False,Positive,Negative,Uncoded
ughh my eyes are hurting like hell right now gotta shut it for a while,1,0,0.014797072651230172,0.9852029273487698,False,Positive,Negative,Uncoded
you wanted aaallll but you cant have it,1,0,0.082394823652054,0.917605176347946,False,Positive,Negative,Uncoded
i hope the prgnosis is good,0,1,0.9822162660899234,0.9822162660899234,False,Negative,Positive,Uncoded
hahaha it's okay i totally love you i just doooooon't love twilight at all,0,1,0.9581511630157736,0.9581511630157736,False,Negative,Positive,Uncoded
you mistweeted here's the link again if you need it,0,1,0.9348793328196073,0.9348793328196073,False,Negative,Positive,Uncoded
not so good workout 2nite a healthy dinner for the most part but whipped cream accidentally spilled all over the strawberries bummer,1,0,0.06888726471456161,0.9311127352854384,False,Positive,Negative,Uncoded
i agree i'm sick of hackers everywhere,1,0,0.08135577046382443,0.9186442295361755,False,Positive,Negative,Uncoded
hahha your dad sounds awesome mines bald,0,1,0.9047460319098567,0.9047460319098567,False,Negative,Positive,Uncoded
so bored at the shop not much else,1,0,0.07256110501737442,0.9274388949826256,False,Positive,Negative,Uncoded
no problem those pics are amazing i can't imagine what it must be like for those people over there,0,1,0.9255526427321644,0.9255526427321644,False,Negative,Positive,Uncoded
hey now you hatin' on lolita,0,1,0.9036024606922798,0.9036024606922798,False,Negative,Positive,Uncoded
just phoned paston ridings for some work experience but the headteacher isn't even in but they're gonna ring me back tomorrow,1,0,0.09581333086352481,0.9041866691364752,False,Positive,Negative,Uncoded
the it capital of india of course this is what you get when you have religious fanatics and dinosaurs running the place,0,1,0.9243708139856125,0.9243708139856125,False,Negative,Positive,Uncoded
its 1 am and i am still up grr why can i not be normal and go to bed at a normal time dammit,1,0,0.01353489991724445,0.9864651000827556,False,Positive,Negative,Uncoded
what a month of may i'm totally spent nothing left in the tank i can't believe i survived ok back to work tomorrow,1,0,0.05036784865308412,0.9496321513469159,False,Positive,Negative,Uncoded
that's better thank a freshman in high school,0,1,0.9568713157031666,0.9568713157031666,False,Negative,Positive,Uncoded
great crit j rad too 1st and me 6th of course i can't count cause i went one lap too early listen for the bell that is the key haha,0,1,0.9298798796798387,0.9298798796798387,False,Negative,Positive,Uncoded
good luck to you shane it will be just awsome for you i know it did you ever see my video i made for you,0,1,0.9648632557109218,0.9648632557109218,False,Negative,Positive,Uncoded
i am too well i thought i was until last night i discovered i was 2 episodes behind trying to load episode 20 right now,1,0,0.03704836320567071,0.9629516367943293,False,Positive,Negative,Uncoded
it sucks but pays the bills,1,0,0.09240424370042484,0.9075957562995751,False,Positive,Negative,Uncoded
shucks get well soon i'm under the weather even without being ill burned out to bits,1,0,0.08934893761965694,0.9106510623803431,False,Positive,Negative,Uncoded
what the hell smith coach should've been benched him,1,0,0.09823876981521558,0.9017612301847844,False,Positive,Negative,Uncoded
oh no too bad you couldn't tm quot nickthegeek quot you're still 1 in my book though,1,0,0.04527598683483135,0.9547240131651686,False,Positive,Negative,Uncoded
heey binkie did you ever see that picture i drew of you i worked hard on it,0,1,0.9154953181588565,0.9154953181588565,False,Negative,Positive,Uncoded
sql doesn't need me to be thoroughly f i'm not sure i can keep this up,1,0,0.09822525364711474,0.9017747463528852,False,Positive,Negative,Uncoded
oh well im in for the rest of the day so it wont bother me anymore,1,0,0.09565168370570293,0.9043483162942971,False,Positive,Negative,Uncoded
i just woke up sorry and i'm getting ready for work i anticipate a slow evening of pure hell,1,0,0.08280553064624659,0.9171944693537534,False,Positive,Negative,Uncoded
work work work i think i should be sick today,1,0,0.07740600306685637,0.9225939969331436,False,Positive,Negative,Uncoded
nice guys always finishes last trust me i know,0,1,0.9157438576408501,0.9157438576408501,False,Negative,Positive,Uncoded
really wants to cuddle up with someone and sleep definitely my 11 11 wish,1,0,0.07710768999165107,0.9228923100083489,False,Positive,Negative,Uncoded
even my high as hell phone bill can't ruin my floaty light mood right now,1,0,0.057184312382077676,0.9428156876179223,False,Positive,Negative,Uncoded
awww i'll play your dj some other time no worries,0,1,0.9302121171129425,0.9302121171129425,False,Negative,Positive,Uncoded
your welcome thank you for tweeting me back oh wait you didn't,0,1,0.9119372595871724,0.9119372595871724,False,Negative,Positive,Uncoded
so you are very familiar with our miserable heat congrats 2 your grandson lackland afb is highly recommended,0,1,0.9424753687399399,0.9424753687399399,False,Negative,Positive,Uncoded
hope you're feeling better i don't have jokes though i'm a rather poor comedian,1,0,0.05874704398746265,0.9412529560125373,False,Positive,Negative,Uncoded
3 like home is 3's secret weapon of awesomeness,0,1,0.9536800971656879,0.9536800971656879,False,Negative,Positive,Uncoded
that's amazing that you get to work together kudos to cundari for the smart package hire e3 was just rly busy,0,1,0.9174549062248738,0.9174549062248738,False,Negative,Positive,Uncoded
finally june is here 13dayys till my 19th birthday can't wait testing tomorrow maybe,0,1,0.9845964940956515,0.9845964940956515,False,Negative,Positive,Uncoded
oh well you can have great fun with kennet,0,1,0.9890151376386938,0.9890151376386938,False,Negative,Positive,Uncoded
is in the class but he's very sleepy i'm afraid i'll fall aspleep some1 take me a redbull,1,0,0.0988907070579765,0.9011092929420235,False,Positive,Negative,Uncoded
spring show tonight was fun but sad im going to miss the seniors i love all yall,1,0,0.0136318525323122,0.9863681474676878,False,Positive,Negative,Uncoded
o lol i see that now,0,1,0.9382146518057075,0.9382146518057075,False,Negative,Positive,Uncoded
hey lesley where's the promotion the album is amazing electrik red deserve success,0,1,0.9660926839696431,0.9660926839696431,False,Negative,Positive,Uncoded
i'm not really happy today,0,1,0.9380166658118723,0.9380166658118723,False,Negative,Positive,Uncoded
tries to catch up after absence due to a conference and a short holiday quot clouds quot everywhere though that does not mean quot bad weather quot,1,0,0.09807080969569992,0.9019291903043001,False,Positive,Negative,Uncoded
ugh stop teasing,1,0,0.044261562065486856,0.9557384379345132,False,Positive,Negative,Uncoded
okay love i understand come talk to me soon i'll worry until then ily xoxoxo lt 3,0,1,0.9077076856792127,0.9077076856792127,False,Negative,Positive,Uncoded
almost ran out of fuel,1,0,0.0871384169426142,0.9128615830573859,False,Positive,Negative,Uncoded
leaving home right now working tomorrow and thursday all day though,1,0,0.03354864770739648,0.9664513522926035,False,Positive,Negative,Uncoded
doesnt want to get out of her warm comfy bed sigh sometimes being a responsible adult is hard,1,0,0.016472047830159486,0.9835279521698406,False,Positive,Negative,Uncoded
i know but to my surprise i actually did really well in science haha,0,1,0.9396644855264427,0.9396644855264427,False,Negative,Positive,Uncoded
did you not yehhhhh im glad other peeps say i do xx,0,1,0.9097969409372156,0.9097969409372156,False,Negative,Positive,Uncoded
tiring day yesterday plane delayed big time rental car pickup closed extra night in brussels excellent hotel though,1,0,0.07783173325061962,0.9221682667493803,False,Positive,Negative,Uncoded
is deaf in my left ear doctors hear i come,1,0,0.061533129639713455,0.9384668703602865,False,Positive,Negative,Uncoded
rahhhhhh have candy instead sugar happy times,0,1,0.9561041486386888,0.9561041486386888,False,Negative,Positive,Uncoded
nick i should be your fave but nick is cute isn't it loove him,0,1,0.9602887037961855,0.9602887037961855,False,Negative,Positive,Uncoded
looks like it's going to rain i hope the weather gets better,1,0,0.09159914677924712,0.9084008532207529,False,Positive,Negative,Uncoded
i have a sad life i need a wii to cheer me up,1,0,0.015378446665202083,0.984621553334798,False,Positive,Negative,Uncoded
i'm so bored doesn't feel like it's almost summer yet,1,0,0.03179904751952746,0.9682009524804726,False,Positive,Negative,Uncoded
ahaha i was kinda wondering about that i was like and i'm gooood how about you,0,1,0.963738844527907,0.963738844527907,False,Negative,Positive,Uncoded
danny's leg is starting to work properly again aww yea,1,0,0.0681488977865056,0.9318511022134944,False,Positive,Negative,Uncoded
photo depression nursing a back neck strain didn t let me post much these past few days as i cannot,1,0,0.03236036901894942,0.9676396309810505,False,Positive,Negative,Uncoded
is contemplating everything now my head hurts,1,0,0.0532624755781874,0.9467375244218126,False,Positive,Negative,Uncoded
ingrid if you need anything i'm here take care dearest,0,1,0.9017370134871632,0.9017370134871632,False,Negative,Positive,Uncoded
my life is plenty interesting thanks also yay lunch in 5 mins,0,1,0.9815098105920796,0.9815098105920796,False,Negative,Positive,Uncoded
well just dont lose u're phone now that will be a tragedy sorry tho,1,0,0.020755003819913277,0.9792449961800868,False,Positive,Negative,Uncoded
hi the phones are not so good either and i thought telstra was just crappy here,1,0,0.09375800946578669,0.9062419905342133,False,Positive,Negative,Uncoded
how do i get pcd and lady gaga tix my friend missed out and she is really upset and i want to win tix for her,1,0,0.02196595769155234,0.9780340423084477,False,Positive,Negative,Uncoded
you do realize that squid is better than rob,0,1,0.9259792369552471,0.9259792369552471,False,Negative,Positive,Uncoded
everyone is laughing at you just so you know,0,1,0.9421952193322474,0.9421952193322474,False,Negative,Positive,Uncoded
twitter carried you,0,1,0.9351250821707934,0.9351250821707934,False,Negative,Positive,Uncoded
and turandot a chinese princess obviously wore kimonos which was too bizarre for me to focus on her singing,0,1,0.904145493238173,0.904145493238173,False,Negative,Positive,Uncoded
so cold winter has only just began and already i wish it was summer,1,0,0.06338787112740288,0.9366121288725971,False,Positive,Negative,Uncoded
it s boring,1,0,0.05251991216372668,0.9474800878362734,False,Positive,Negative,Uncoded
i could go 4 a back rub somebody,1,0,0.08639092685403593,0.9136090731459641,False,Positive,Negative,Uncoded
i was sad a while ago 'coz i wasn't all that happy with my game yesterday but now that i've eaten i'm happy again,1,0,0.08633505762000362,0.9136649423799964,False,Positive,Negative,Uncoded
justt woke up gonna study all day and finish up last minute homework got 2 exams tomorrow eeekss,1,0,0.05530395014155827,0.9446960498584417,False,Positive,Negative,Uncoded
switchfingers not cool p smiley and sad faces im bored this is why im updating wierd things,1,0,0.029850086142686395,0.9701499138573136,False,Positive,Negative,Uncoded
got some cool fake ray band type sunglasses today now all i need is some sun america here i come i wishh,0,1,0.9328390291022233,0.9328390291022233,False,Negative,Positive,Uncoded
haha r2 d2 finee haha jyan and his tag the access to the doors i loved it when you 'tukar' characters,0,1,0.9358150001166198,0.9358150001166198,False,Negative,Positive,Uncoded
well it's time for me to get off now i'll talk to you all tommorow have a great night,0,1,0.9475876925577731,0.9475876925577731,False,Negative,Positive,Uncoded
lol if your throat amp stomach hurts had a dream about eating a large marshmallow amp your pillows missing,1,0,0.06500465837693783,0.9349953416230622,False,Positive,Negative,Uncoded
got the bbq shopping done finished email argument now off into the garden to reclaim the pond and chill out,0,1,0.9343627205871321,0.9343627205871321,False,Negative,Positive,Uncoded
yes indeed in a former life i ran pweination co uk now pretty much defunct sadly but the forums still tick over,1,0,0.08661406120290507,0.913385938797095,False,Positive,Negative,Uncoded
i certainly hope the ear ache clears up soon i hate ear aches my mom's 15 hours away so she will get a call after church,1,0,0.06677284640230227,0.9332271535976977,False,Positive,Negative,Uncoded
says struck 60 yay ness die damn bored no i want him to faster online,1,0,0.044356292463781595,0.9556437075362184,False,Positive,Negative,Uncoded
in ohio heading back to rochester in a few hours not missing the students,1,0,0.051720461383488146,0.9482795386165118,False,Positive,Negative,Uncoded
horrible i hve 3 paragraphs though,1,0,0.011069205075380315,0.9889307949246197,False,Positive,Negative,Uncoded
happy chazzo no,0,1,0.9051903961793893,0.9051903961793893,False,Negative,Positive,Uncoded
need some serious bank though,1,0,0.051736678806266326,0.9482633211937337,False,Positive,Negative,Uncoded
traffic jam on the wrong side of the road,1,0,0.09485470675954377,0.9051452932404562,False,Positive,Negative,Uncoded
downloading his favorite movie quot the shawshank redemption quot i hope you're in a better place pedro,0,1,0.9225860338827854,0.9225860338827854,False,Negative,Positive,Uncoded
plan of the day dutch bros shop tan cook amp clean,0,1,0.9120921848492902,0.9120921848492902,False,Negative,Positive,Uncoded
you were amazing saw u in portsmouth on sunday central front row too sad times some1 stole my purse the gits ' xxx,1,0,0.08980016109796878,0.9101998389020313,False,Positive,Negative,Uncoded
getting ready for cover ya ears work cya'll later on,0,1,0.9391606657424253,0.9391606657424253,False,Negative,Positive,Uncoded
heheee i have my last final today and need to study some more x x i don't wana,1,0,0.0649057111294843,0.9350942888705157,False,Positive,Negative,Uncoded
posted a pathetic whiny quot help me quot begging post on my blog it's sad and pathetic register if you aren't already,1,0,0.0628865877995269,0.9371134122004731,False,Positive,Negative,Uncoded
watching the dark night damn good movie not the best date to watch it,0,1,0.9102974242861585,0.9102974242861585,False,Negative,Positive,Uncoded
shouldn't be procrastinating her english essay but can't help it,1,0,0.06195189411779123,0.9380481058822088,False,Positive,Negative,Uncoded
macbook be3eeda 3any unless i got able to go to us some day hate those high prices in egypt ugh,1,0,0.03704528372932665,0.9629547162706733,False,Positive,Negative,Uncoded
finally tommorow is monday and the last day of school gonna miss them all preparing for holiday i prefer go to bali yeaaay,1,0,0.09081941945671104,0.909180580543289,False,Positive,Negative,Uncoded
its raining very hard,1,0,0.028681429459577384,0.9713185705404226,False,Positive,Negative,Uncoded
you will not be disappointed,1,0,0.07044530837882619,0.9295546916211738,False,Positive,Negative,Uncoded
suddenly painters show up on my balcony i live on the 3rd floor not that handsome unfortunately,1,0,0.07745258632804508,0.9225474136719549,False,Positive,Negative,Uncoded
we need to leave soon or we will certainly miss the train we don't want to leave but don't tell gurpreet that,1,0,0.022348863835110505,0.9776511361648895,False,Positive,Negative,Uncoded
what no summer break we were disappointed to find out we don't get one at doe either we'll try to keep you busy,1,0,0.08025079572802443,0.9197492042719756,False,Positive,Negative,Uncoded
hmm does that mean you should be working but don't have to or don't have to work but are,1,0,0.05597419552231818,0.9440258044776818,False,Positive,Negative,Uncoded
awh my jayjay baby misses me i miss you too boo,1,0,0.0012732733421685007,0.9987267266578315,False,Positive,Negative,Uncoded
i want my laptop i wish they were macs didn't the schools in victoria get macs,1,0,0.015522265490553466,0.9844777345094465,False,Positive,Negative,Uncoded
is loving the new taylor swift song and has renewed love for last kiss by pearl jam,0,1,0.9113572042282989,0.9113572042282989,False,Negative,Positive,Uncoded
i need to get my shorts and my tanning lotion ii ain't missin da sun today maynnnn,1,0,0.06447611432883373,0.9355238856711663,False,Positive,Negative,Uncoded
im so bored right now i have no idea what to do its hot tho a little bit,1,0,0.02440241366646988,0.9755975863335301,False,Positive,Negative,Uncoded
i miss bugging with my tweets,1,0,0.08186075624736326,0.9181392437526368,False,Positive,Negative,Uncoded
ouch,1,0,0.009451131961874536,0.9905488680381255,False,Positive,Negative,Uncoded
dealing with a killer headache and stomachache good thing it waited for me to get off work make me feel better,1,0,0.08666588229560505,0.913334117704395,False,Positive,Negative,Uncoded
eeyer very bored don't wanna go do work,1,0,0.005409864371400328,0.9945901356285997,False,Positive,Negative,Uncoded
hungoverz but last night was awesome going for lunch with dad in a bit then prom tonight,0,1,0.9168835313526597,0.9168835313526597,False,Negative,Positive,Uncoded
i actually just had to lie down to cough it hurt that much i wonder if anyone's died in here seedy motel,1,0,0.04270303652342679,0.9572969634765732,False,Positive,Negative,Uncoded
thanks i'll need it,0,1,0.9375633478171863,0.9375633478171863,False,Negative,Positive,Uncoded
i'm jealous i bet you'll all blog your fancy fun sat night pics too bitches,0,1,0.9480023040036887,0.9480023040036887,False,Negative,Positive,Uncoded
sun burnt its hot and it hurts aloe vera so good,1,0,0.015978281595667495,0.9840217184043325,False,Positive,Negative,Uncoded
poor thing you dont have a boat to go with your bmw boo hoo,1,0,0.01932555287917874,0.9806744471208213,False,Positive,Negative,Uncoded
well little miss grumpy butt woke me up early and so i had no other choice,1,0,0.0496149938673095,0.9503850061326905,False,Positive,Negative,Uncoded
literally had the worst dinner out ever tonite so tired of mediocre food in the 'burbs sigh at least we can get good ice cream,1,0,0.06637647216838953,0.9336235278316105,False,Positive,Negative,Uncoded
my friend is going to be gone for 3 whole weeks in connecticut,1,0,0.09482803416869312,0.9051719658313069,False,Positive,Negative,Uncoded
haha so i understand what you are talking about lah one of my favourite series of all time series just ended on ch 5,0,1,0.92338577848914,0.92338577848914,False,Negative,Positive,Uncoded
at frinns house idk wat to do kinda hungry bt im nt at the same time frggin stuff goin on tht i dnt want going on well c u l8r,1,0,0.036877702404239855,0.9631222975957602,False,Positive,Negative,Uncoded
stupid project why do i always offer to do it itchy isn't fun you're not allowed to die will hold you to that,1,0,0.029493417612237217,0.9705065823877628,False,Positive,Negative,Uncoded
yeah no worries heading out now then sleeping up early enjoy tell me how it is i'll call you when i'm done,0,1,0.971253772447672,0.971253772447672,False,Negative,Positive,Uncoded
awww darn,1,0,0.009933263751640478,0.9900667362483595,False,Positive,Negative,Uncoded
up at del amo mall the first two showings were sold out so we had to wait it's gonna be amazing,1,0,0.077880693944717,0.922119306055283,False,Positive,Negative,Uncoded
i am so tired of being sick can i get better already listening to blink,1,0,0.0473824887990418,0.9526175112009582,False,Positive,Negative,Uncoded
motivate me someone stop trying to make me hungry wont work i had toast,1,0,0.024388381672115884,0.9756116183278841,False,Positive,Negative,Uncoded
so tired school was alrights but it went by pretty quick tennis was fun gotta study for exams,1,0,0.0926565469867319,0.9073434530132681,False,Positive,Negative,Uncoded
i now have over 5 pages of apps on my iphone i know it doesn't beat your 9 but alas i hope i have made you proud,1,0,0.07535431399488934,0.9246456860051107,False,Positive,Negative,Uncoded
car getting towed grr next car xr6,1,0,0.06607099374198078,0.9339290062580192,False,Positive,Negative,Uncoded
block this ie6 shit,1,0,0.05424232782825363,0.9457576721717463,False,Positive,Negative,Uncoded
no problem but i'll warn you i'm apt to complain about as flex i'm not all that impressed by them,0,1,0.9574836184638794,0.9574836184638794,False,Negative,Positive,Uncoded
well can't wait no one on my flist has star trek layout yet so sad,1,0,0.030530970151962655,0.9694690298480373,False,Positive,Negative,Uncoded
heeeeeeeeeey i'm stacey's sister lol how are you,0,1,0.9394207100175531,0.9394207100175531,False,Negative,Positive,Uncoded
oh i cant do that there are just too many,1,0,0.05161845893027737,0.9483815410697226,False,Positive,Negative,Uncoded
fever and a head ache but still trying to get some work done a working class hero is something to be,1,0,0.05379179412839511,0.9462082058716049,False,Positive,Negative,Uncoded
ooooooooo fat tuesday's wasn't on my list adding it now gonna miss you guys lots hugs,1,0,0.08238556630387997,0.9176144336961201,False,Positive,Negative,Uncoded
i live next to the rhein not far away from cologne and i didn't see you,1,0,0.07223356361219271,0.9277664363878073,False,Positive,Negative,Uncoded
work coughing congested fighting a cold not h1n1 and ready to go back home to bed perks at bed nope can't keep a sexy girl down,1,0,0.020302719269222082,0.9796972807307779,False,Positive,Negative,Uncoded
yes,0,1,0.9402305369441872,0.9402305369441872,False,Negative,Positive,Uncoded
lmao i'm going to bed now nighty night laurz,0,1,0.9536536000481528,0.9536536000481528,False,Negative,Positive,Uncoded
and it was a great song too,0,1,0.9360000844967477,0.9360000844967477,False,Negative,Positive,Uncoded
glad it went well beats the harrummphing going on here believe me the triangle is but a single line,0,1,0.9541129405687881,0.9541129405687881,False,Negative,Positive,Uncoded
hehe i can lol i don't think roller coasters will ever be so much of a thrill though that's sad,1,0,0.09685225873951994,0.90314774126048,False,Positive,Negative,Uncoded
quot quot,0,1,0.940183088518373,0.940183088518373,False,Negative,Positive,Uncoded
just enjoying a rammed post office experience,0,1,0.9262477326188945,0.9262477326188945,False,Negative,Positive,Uncoded
you look skinny lol ily though you're gorgeoussss lt 3,0,1,0.9600455728454751,0.9600455728454751,False,Negative,Positive,Uncoded
hooommmmeeee my right foot hurts had fun skating though i wanna be a figure skater someday sheeesh,1,0,0.07490113302636596,0.9250988669736341,False,Positive,Negative,Uncoded
probably fact i blame camden for being so damn good how was your weekend,0,1,0.9324983951783462,0.9324983951783462,False,Negative,Positive,Uncoded
aww the collection to my belly button rings is started but they didn't have to do that,1,0,0.05329120405244616,0.9467087959475539,False,Positive,Negative,Uncoded
very boring sat down for 2h 45minutes without any food or drinks offered lousy mom didn't get to my teacher,1,0,0.022861147860088367,0.9771388521399116,False,Positive,Negative,Uncoded
not yet i'm karla matsujun is my ichiban hope it's not so hot there anymore,1,0,0.04500372247145374,0.9549962775285462,False,Positive,Negative,Uncoded
missing who's voice lai,1,0,0.057581076804997064,0.942418923195003,False,Positive,Negative,Uncoded
ya tweetmic is only for iphones btw check out u might like it,0,1,0.9140398598077765,0.9140398598077765,False,Negative,Positive,Uncoded
yumm whatss lindsey eating cuz she's a veggie,0,1,0.9042165500944724,0.9042165500944724,False,Negative,Positive,Uncoded
its been pouring with rain for 2 days maybe we wont have water restrictions after this rain i hope so,1,0,0.08801849548804652,0.9119815045119535,False,Positive,Negative,Uncoded
yes,0,1,0.9402305369441872,0.9402305369441872,False,Negative,Positive,Uncoded
yah that is kinda sad,1,0,0.02915595991996587,0.9708440400800341,False,Positive,Negative,Uncoded
saw that again recently wish i could see the whole musical,1,0,0.040589424101718626,0.9594105758982814,False,Positive,Negative,Uncoded
going to do somework good night tweetheads,0,1,0.9444378917171082,0.9444378917171082,False,Negative,Positive,Uncoded
ive decided against it thanks hehe,0,1,0.9691178371387915,0.9691178371387915,False,Negative,Positive,Uncoded
love love love the 'good love' video finally got to see it parents leavin in the morn,0,1,0.9333126088260508,0.9333126088260508,False,Negative,Positive,Uncoded
pineapple sherbert then nap time,0,1,0.912454242557423,0.912454242557423,False,Negative,Positive,Uncoded
yes its not sad kasi my prof didnt go to class and i learned it before heading out,1,0,0.07705488325871068,0.9229451167412893,False,Positive,Negative,Uncoded
only 2 days away from the fs kickoff sad that i can't be there but i'll be in vegas for my bday can we partay,1,0,0.08701240751011788,0.9129875924898821,False,Positive,Negative,Uncoded
ta madre s,0,1,0.9175623782663402,0.9175623782663402,False,Negative,Positive,Uncoded
i am genuinlly exhausted its days like these i wish i didnt live in the attic lugging everything downstairs still going home tomorrow,1,0,0.042296077246544786,0.9577039227534552,False,Positive,Negative,Uncoded
some good advice,0,1,0.9556708306168054,0.9556708306168054,False,Negative,Positive,Uncoded
i don't wanna be a follower i wanna be a leader,1,0,0.058197564367093314,0.9418024356329067,False,Positive,Negative,Uncoded
hahaha thanks for clearing up the,0,1,0.9773911360470796,0.9773911360470796,False,Negative,Positive,Uncoded
thanks,0,1,0.9996426389244277,0.9996426389244277,False,Negative,Positive,Uncoded
summer gym here i come,0,1,0.9242749006179599,0.9242749006179599,False,Negative,Positive,Uncoded
sorry,1,0,0.00028974556871590455,0.9997102544312841,False,Positive,Negative,Uncoded
just dyed meh hair pink and blue ppl keep givin me baaaad looks but i love it xd,0,1,0.9156119404477246,0.9156119404477246,False,Negative,Positive,Uncoded
now im leaving the hospital,1,0,0.024874430664508607,0.9751255693354914,False,Positive,Negative,Uncoded
is the vet w my lovely child fuzzie he looks afraid,1,0,0.058516344965268405,0.9414836550347316,False,Positive,Negative,Uncoded
archie u missed an earthquake in la but u didnt miss the earthquake made by the filipino crowd smtmes earthquakes r cool,1,0,0.0904647389771519,0.9095352610228481,False,Positive,Negative,Uncoded
think i gained another 5 pds grr getting fatter with each thought,1,0,0.06715237048484583,0.9328476295151542,False,Positive,Negative,Uncoded
i discovered one of the worst smells possible burnt lemons on the bbq oh my god ew done projects due for monday,1,0,0.030826133982112324,0.9691738660178877,False,Positive,Negative,Uncoded
on my way to see wolverine more essaying later,0,1,0.9342528178833478,0.9342528178833478,False,Negative,Positive,Uncoded
i hate hypocrites so much,1,0,0.002261791642511814,0.9977382083574882,False,Positive,Negative,Uncoded
they are like i had gaps in my notes from the start of uni coz i failed at taking notes noob and they filled them in,1,0,0.09815859493057404,0.901841405069426,False,Positive,Negative,Uncoded
i can't reply to dm's the bus isn't running so my ex left work is getting me haha oh man at least i met stephen,1,0,0.0872760811547815,0.9127239188452185,False,Positive,Negative,Uncoded
alan likes you better,0,1,0.9579824068989682,0.9579824068989682,False,Negative,Positive,Uncoded
graphics wasn't too bad and no more graphics,1,0,0.0565434323190134,0.9434565676809866,False,Positive,Negative,Uncoded
really not enjoying my job at the moment i don't hate it just fed up of it maybe time to book holiday where to go,1,0,0.07136726934965326,0.9286327306503468,False,Positive,Negative,Uncoded
woooo sweet ariba las barbaritas till death omg i fell n love wth barbie she didnt deserv 2 die alone like that and what a stupid end,1,0,0.04690215801677426,0.9530978419832258,False,Positive,Negative,Uncoded
a long day in the studio has come to an end,1,0,0.06912398243846589,0.9308760175615342,False,Positive,Negative,Uncoded
i'm emaciated look it up and you'll agree,0,1,0.9484016953855402,0.9484016953855402,False,Negative,Positive,Uncoded
we'll have to have another girls night of fabulous and fashion,0,1,0.9099806735727674,0.9099806735727674,False,Negative,Positive,Uncoded
nononooooo shj very nice placee better than manchester,0,1,0.9726983919115776,0.9726983919115776,False,Negative,Positive,Uncoded
don't have to buy a new wallet anymore mum gave me her unused oroton one,1,0,0.073562714563085,0.926437285436915,False,Positive,Negative,Uncoded
well registered now nothing in tc's about me being disqualified mysoti com is going well but still hunting for work u,1,0,0.0971209519657426,0.9028790480342574,False,Positive,Negative,Uncoded
ouch try again please,1,0,0.06614303567326638,0.9338569643267336,False,Positive,Negative,Uncoded
this worn out feeling is why i don't like yard work it's also why i need to start going to the y again,1,0,0.05694076467935777,0.9430592353206422,False,Positive,Negative,Uncoded
please don't wake me up too early tomorrow i need my sleep,1,0,0.024235510129431072,0.975764489870569,False,Positive,Negative,Uncoded
i just don't like the booz and meat anymore,1,0,0.05190717043162883,0.9480928295683712,False,Positive,Negative,Uncoded
blah but happy bday anyway lets do dinner later today,0,1,0.9682869587774124,0.9682869587774124,False,Negative,Positive,Uncoded
tired from the dance off to bed ugh it better not be raining tomoro goodnighttt toga pictures tmrro,1,0,0.09929085634286221,0.9007091436571378,False,Positive,Negative,Uncoded
only closed minds are leaving adam we on the other hand are staying,1,0,0.034813943526104424,0.9651860564738955,False,Positive,Negative,Uncoded
steal princess isn't that good,0,1,0.9386772320483194,0.9386772320483194,False,Negative,Positive,Uncoded
on the phone with puget sound energy yay,0,1,0.9818745310590865,0.9818745310590865,False,Negative,Positive,Uncoded
is back from revising i dont know what to wear tonight,1,0,0.08316902453147668,0.9168309754685233,False,Positive,Negative,Uncoded
i wanna go shopping too much money left,1,0,0.0630426657615937,0.9369573342384063,False,Positive,Negative,Uncoded
ugh that sucks it got leaked i bought the preview so i get 5 off buying the game on june 2nd,1,0,0.08493669496489198,0.915063305035108,False,Positive,Negative,Uncoded
misses someone a lot,1,0,0.05366312875737085,0.9463368712426291,False,Positive,Negative,Uncoded
you trying to be funny ha ha,0,1,0.9350038118724765,0.9350038118724765,False,Negative,Positive,Uncoded
i am bored,1,0,0.08084552504241686,0.9191544749575832,False,Positive,Negative,Uncoded
there was so much cross talk i missed the sanford amp son reference archive fred mentioned swine flu shot in old epi last week,1,0,0.07977380340211336,0.9202261965978866,False,Positive,Negative,Uncoded
ahhhhhh i gotta peeeeeeee i hate when negros get mad kus imma bigger asshole than them,1,0,0.05918216535213404,0.940817834647866,False,Positive,Negative,Uncoded
i'm glad bride wars didn't end up disappointing me d too bad there wasn't more bryan greenberg loved anne hathaway though,1,0,0.05077701136825684,0.9492229886317431,False,Positive,Negative,Uncoded
you really like that clown,0,1,0.9275997271142021,0.9275997271142021,False,Negative,Positive,Uncoded
hiya take that concert was great highly recommend it,0,1,0.9875721275519218,0.9875721275519218,False,Negative,Positive,Uncoded
some creep is watching me while i eat,0,1,0.9081291191571527,0.9081291191571527,False,Negative,Positive,Uncoded
omg iremember pappyland aw man the old days,1,0,0.08407377114160872,0.9159262288583913,False,Positive,Negative,Uncoded
how to be a good ceo perfect the art of flattery,0,1,0.9499500784876878,0.9499500784876878,False,Negative,Positive,Uncoded
just once i'd like to be tweeting and filming good news,0,1,0.9479734593065844,0.9479734593065844,False,Negative,Positive,Uncoded
tytyty my baby still isn't working mum won't ring them up till tomorrow though,1,0,0.019045267055051534,0.9809547329449485,False,Positive,Negative,Uncoded
awww why so angry,1,0,0.026955890058439163,0.9730441099415609,False,Positive,Negative,Uncoded
glad you made it to la safe amp sound have fun tonight at the mtv awards i'm busy working on stalyon see ya soon,0,1,0.9680128442118596,0.9680128442118596,False,Negative,Positive,Uncoded
sorry i appreciate you making my lunch thank you,0,1,0.9333477390490963,0.9333477390490963,False,Negative,Positive,Uncoded
aaaau thanks gi i really really love u thanks for being a really great friend and forgiveme if i leave you sometime,0,1,0.9733673307063654,0.9733673307063654,False,Negative,Positive,Uncoded
da hell lol j k you've been sadly missed,1,0,0.0318028330624406,0.9681971669375594,False,Positive,Negative,Uncoded
so no animal with him at all not even a small one that's disappointing,1,0,0.010833750469871364,0.9891662495301287,False,Positive,Negative,Uncoded
i do miss bobalicious,1,0,0.0045760950164540366,0.9954239049835459,False,Positive,Negative,Uncoded
morning all still wanna go back to sleep got english exam today then im doing work all day til 3 killer,1,0,0.06217108799313002,0.93782891200687,False,Positive,Negative,Uncoded
hopefully i can get up on another show if i rip it lol,1,0,0.09748664096410461,0.9025133590358954,False,Positive,Negative,Uncoded
i said this but actually has only broken one phone he just still hasn't got it fixed,1,0,0.09338969471987915,0.9066103052801209,False,Positive,Negative,Uncoded
rather board right now and feeling sick again sat next to my ginger friend,1,0,0.04172104426321799,0.958278955736782,False,Positive,Negative,Uncoded
hehe jangan dibahas ni nanti ak ngerasa miris you know that dear,0,1,0.9336599767742397,0.9336599767742397,False,Negative,Positive,Uncoded
last time i got he bus from shep bush to mine about half 12 i didn't get in till 4 so no i don't do busses,1,0,0.026833657002075573,0.9731663429979245,False,Positive,Negative,Uncoded
nooooo gutted shame i'll have to wait till next year i guess hope everything went okaii,1,0,0.0011811583812791657,0.9988188416187208,False,Positive,Negative,Uncoded
no i love rice but i dnt eat it with chopsticks so tht doesn't apply to me ain't nthn wrong with it tho,1,0,0.058934964065599116,0.9410650359344008,False,Positive,Negative,Uncoded
own i wish i was there but i had to attend the semifinals we won by the way,1,0,0.08819800577390835,0.9118019942260916,False,Positive,Negative,Uncoded
ate too much last night drank too much last night played too many games last night arms hurt now i'm recooperating today,1,0,0.03998702313297926,0.9600129768670207,False,Positive,Negative,Uncoded
awh hell yesss ill talk to my sister abt it are you okay btw what happened last night ticket,1,0,0.09563928779623729,0.9043607122037627,False,Positive,Negative,Uncoded
okay i have no life too rushing my presentation stuff right now so very bad haven't had enough sleep over the past few days,1,0,0.07391872601133394,0.926081273988666,False,Positive,Negative,Uncoded
no sorry i've never been to nc lots of other places but not there,1,0,0.04866028856942482,0.9513397114305752,False,Positive,Negative,Uncoded
i have a sore throat time to buy my secret weapon that is sucrets those always numb my throat but other than that fml,1,0,0.06674022914457989,0.9332597708554201,False,Positive,Negative,Uncoded
you're really missing out not that i know anything about it,1,0,0.0863617701993598,0.9136382298006402,False,Positive,Negative,Uncoded
sorry man wasn't thankin,1,0,0.031001112023194187,0.9689988879768058,False,Positive,Negative,Uncoded
thanks for the responses last night but i lost my right to party and had to go to bed,1,0,0.03673909849069082,0.9632609015093092,False,Positive,Negative,Uncoded
wants it to thunderstorm so i can go out in the rain,1,0,0.06763090513492298,0.932369094865077,False,Positive,Negative,Uncoded
i was in reef just now but u too bad u wasn't there btw sonia ask me where is swen jie jie she miss u,1,0,0.013343933635167162,0.9866560663648328,False,Positive,Negative,Uncoded
wish i could afford you one day,1,0,0.040852714005448876,0.9591472859945511,False,Positive,Negative,Uncoded
i remember that so awesome you've got to think of something else i'm not that creative,0,1,0.9259603643049111,0.9259603643049111,False,Negative,Positive,Uncoded
goodnight orange whereever you are,0,1,0.9507058987887638,0.9507058987887638,False,Negative,Positive,Uncoded
i can sleep in peace,1,0,0.06787963453510894,0.9321203654648911,False,Positive,Negative,Uncoded
hey i made us a house on the sims oh and you have like a perfect balance and i'm always lacking stuff like fun etc,0,1,0.9393192592863819,0.9393192592863819,False,Negative,Positive,Uncoded
a riddle what has a neck and no head two arms but no hands,1,0,0.022496603023454083,0.9775033969765459,False,Positive,Negative,Uncoded
annoyed forgot my laptop charger any one in geneva got a spare charger for thinkpad,1,0,0.0366107446279403,0.9633892553720597,False,Positive,Negative,Uncoded
sorry me no smokee,1,0,0.005321106955165964,0.994678893044834,False,Positive,Negative,Uncoded
i really miss those,1,0,0.00661734468055641,0.9933826553194436,False,Positive,Negative,Uncoded
is back in school but is happy i just gavin and stacey back great show,0,1,0.9275061449226565,0.9275061449226565,False,Negative,Positive,Uncoded
lol,0,1,0.9848921840750716,0.9848921840750716,False,Negative,Positive,Uncoded
still cant fall asleep im too young for this shit come sleep come,1,0,0.03903818780810971,0.9609618121918903,False,Positive,Negative,Uncoded
why hello fellow twitterer 8 errm work saturday greeeat haha and then going to town your going to brighton right xx,0,1,0.9051674631771507,0.9051674631771507,False,Negative,Positive,Uncoded
thanks for the tip i'll try but tight on time to boston,0,1,0.9143714568094563,0.9143714568094563,False,Negative,Positive,Uncoded
any updates for iphone os 3 0 yet i miss you guys,1,0,0.04573875371793016,0.9542612462820699,False,Positive,Negative,Uncoded
same without eyelashes x,1,0,0.09418004564514235,0.9058199543548576,False,Positive,Negative,Uncoded
been job hunting today no luck maybe next time,1,0,0.030216765639213862,0.9697832343607862,False,Positive,Negative,Uncoded
i would give everything to see u smile,0,1,0.9332128792347595,0.9332128792347595,False,Negative,Positive,Uncoded
hahaha it's ok how can i hire your mom so paiseh haha i shall do all the washing then,0,1,0.9262843450758241,0.9262843450758241,False,Negative,Positive,Uncoded
thank you it's just sometimes we tend to forget that we come first,0,1,0.9452204048149679,0.9452204048149679,False,Negative,Positive,Uncoded
good sounds like you need to do more of that lately,0,1,0.9178248670830372,0.9178248670830372,False,Negative,Positive,Uncoded
pervert voice hehe i'm comin,0,1,0.9731969206450009,0.9731969206450009,False,Negative,Positive,Uncoded
waitinwaiting patiently or him to say yesss aurgh,0,1,0.9726907760777864,0.9726907760777864,False,Negative,Positive,Uncoded
has nothing to do,1,0,0.055444275663997455,0.9445557243360025,False,Positive,Negative,Uncoded
surprise smooch,0,1,0.9513952453246679,0.9513952453246679,False,Negative,Positive,Uncoded
just tried to get out of bed but went all dizzy so i've ended up bak in bed sleepie time for me,1,0,0.05954926144148638,0.9404507385585136,False,Positive,Negative,Uncoded
wants somebody,1,0,0.025446307863092637,0.9745536921369073,False,Positive,Negative,Uncoded
i wish the same now tht nadal is out of the loop,1,0,0.026755513611091387,0.9732444863889086,False,Positive,Negative,Uncoded
san diego cold and rainy fail california however a seattle you are beauuutiful,1,0,0.04321286459493454,0.9567871354050654,False,Positive,Negative,Uncoded
is pulling himself away from the computer it hurts but i gotta go for a while,1,0,0.05533109320193148,0.9446689067980685,False,Positive,Negative,Uncoded
its raining,1,0,0.025303683274076616,0.9746963167259234,False,Positive,Negative,Uncoded
john told me about the ads so i haven't run the update free twitterfon with no ads,1,0,0.07876555356935826,0.9212344464306418,False,Positive,Negative,Uncoded
i don't want to work tomorrow just want to cuddle with him,1,0,0.007422949570016199,0.9925770504299838,False,Positive,Negative,Uncoded
hello kitty and good night think menos de veinticuatro horas,0,1,0.9199045334670665,0.9199045334670665,False,Negative,Positive,Uncoded
i am officially done with english 120 yay i survived onto eng 201,0,1,0.9650121260672482,0.9650121260672482,False,Negative,Positive,Uncoded
we should,0,1,0.9131887159786555,0.9131887159786555,False,Negative,Positive,Uncoded
good bye thanks ttyl,0,1,0.9108137959934386,0.9108137959934386,False,Negative,Positive,Uncoded
working in back yard yuck but 7 snakes down,1,0,0.08522108225758372,0.9147789177424163,False,Positive,Negative,Uncoded
back to work,1,0,0.014130019991834358,0.9858699800081656,False,Positive,Negative,Uncoded
since i don't have my phone anymore i really have no idea maybe it disintegrated i dunno,1,0,0.03806865538471714,0.9619313446152828,False,Positive,Negative,Uncoded
physics tomorrow can't think of an appropriate reaction to that wish it was over already,1,0,0.08236646584609603,0.9176335341539039,False,Positive,Negative,Uncoded
wow oral comm wasn't that bad today too bad i still don't have any research for my debate,1,0,0.04052415085023891,0.9594758491497611,False,Positive,Negative,Uncoded
r i p auntie margarete lt 3 great news too hear while i'm on ma way to church,0,1,0.9256648287931277,0.9256648287931277,False,Negative,Positive,Uncoded
typo typo typo june second i meant,0,1,0.9122473930571596,0.9122473930571596,False,Negative,Positive,Uncoded
i love you,0,1,0.9370865056751565,0.9370865056751565,False,Negative,Positive,Uncoded
going to walk my dog unfortunately his name is not raja it's ambrotious still pretty rad though,1,0,0.05440065049970986,0.9455993495002901,False,Positive,Negative,Uncoded
so you are twitters manwhore now,0,1,0.9337951950540427,0.9337951950540427,False,Negative,Positive,Uncoded
hey i'm working on mother's day but i just got my mother's day present in the mail will post pics later,0,1,0.9245699936557944,0.9245699936557944,False,Negative,Positive,Uncoded
oh no thats not good at all i hope u find it,1,0,0.0064324385394620934,0.9935675614605379,False,Positive,Negative,Uncoded
gnite tworld may you sleep well i dont think i will,0,1,0.9120667303998115,0.9120667303998115,False,Negative,Positive,Uncoded
aww im so bored s why i dont have so much followers quot i hope ill get 1'000 000 someday,1,0,0.04906219466014245,0.9509378053398575,False,Positive,Negative,Uncoded
i didn't know you were in wi me too annnd i'm so sorry to hear about your dog ugh ' worst thing ever,1,0,0.0026154727621253175,0.9973845272378746,False,Positive,Negative,Uncoded
probably not the same thing that austin and i were doing in the car in the rain all alone last night,1,0,0.04326489144771759,0.9567351085522824,False,Positive,Negative,Uncoded
i should have talked to him it would have been a great opening line sadly i was too sober for such brazeness,1,0,0.08852389112532102,0.911476108874679,False,Positive,Negative,Uncoded
i con give you anything but love,0,1,0.920626508269469,0.920626508269469,False,Negative,Positive,Uncoded
is sat bored at uni ipod on and thinking what to do for an hour n half but has lovley things to look forward to nothing to do w,1,0,0.0773495993274107,0.9226504006725893,False,Positive,Negative,Uncoded
i don't think i am a nice person when i am hungry i have to work on that,1,0,0.09642942617454853,0.9035705738254515,False,Positive,Negative,Uncoded
it's raining,1,0,0.05374989438622861,0.9462501056137714,False,Positive,Negative,Uncoded
ok pity party is over,1,0,0.036292320406163606,0.9637076795938364,False,Positive,Negative,Uncoded
aaargh kyoko's macbook's hd is dead and all data lost not sure when it was last backed up either new hd free though,1,0,0.038881354310438654,0.9611186456895613,False,Positive,Negative,Uncoded
off to bed did homework for 1 hr 17 mins and it's not even complete and it's math garrr test tomorrow night,1,0,0.06753414965879692,0.9324658503412031,False,Positive,Negative,Uncoded
i got a headache but i'm still on because i have a feeling is gonna reply to me,1,0,0.06774709769059331,0.9322529023094067,False,Positive,Negative,Uncoded
still up ugh,1,0,0.07236095118621219,0.9276390488137878,False,Positive,Negative,Uncoded
wish i could shut my playboy mouth,1,0,0.018752423172213598,0.9812475768277864,False,Positive,Negative,Uncoded
now i'm not,1,0,0.040052199618578,0.959947800381422,False,Positive,Negative,Uncoded
okay i knew that,0,1,0.9077151481948278,0.9077151481948278,False,Negative,Positive,Uncoded
hooray a fellow bb hater yay it's gonna be mental on here 4 the next wee while,0,1,0.9767606852575013,0.9767606852575013,False,Negative,Positive,Uncoded
bestie colored my hair she's heading out taking sarah back to campus and then hangin' at the bowl with lisa nice chill weekend,0,1,0.9229510778924809,0.9229510778924809,False,Negative,Positive,Uncoded
yea its just not my season,1,0,0.08136316262635937,0.9186368373736407,False,Positive,Negative,Uncoded
i do not want to sleep although i have nothing to do will continue to speak with yaneee,1,0,0.0745354938158296,0.9254645061841704,False,Positive,Negative,Uncoded
gosh i've a stinky old headache maybe i should have lunchfast,1,0,0.019419275940365785,0.9805807240596343,False,Positive,Negative,Uncoded
theres a link to twitpic to view them haha how have you been anyways yay you're 20 soon,0,1,0.9591983629504914,0.9591983629504914,False,Negative,Positive,Uncoded
nice to see u have a goal today,0,1,0.9393204797326401,0.9393204797326401,False,Negative,Positive,Uncoded
error logging but the other scenarios are interessting too,1,0,0.0477083388209946,0.9522916611790054,False,Positive,Negative,Uncoded
worry worry worry worry,0,1,0.9522953704951813,0.9522953704951813,False,Negative,Positive,Uncoded
i have a poorly knee and am about to go hang the laundry out,1,0,0.08474189785678685,0.9152581021432131,False,Positive,Negative,Uncoded
awww okay if you find time just call and let's go hangout,0,1,0.9457951277194929,0.9457951277194929,False,Negative,Positive,Uncoded
anleitung lesen soll manchmal helfen fail,1,0,0.002722605875572439,0.9972773941244275,False,Positive,Negative,Uncoded
yes haha and then when he impaled himself with the crossed keys love scottish trying to be irish ewan mcgregor,0,1,0.9073666574999019,0.9073666574999019,False,Negative,Positive,Uncoded
talking to my aynslie ohh how i miss her x,1,0,0.03667272456064356,0.9633272754393565,False,Positive,Negative,Uncoded
my stomach hurt and i feel nauseous but the sun is shining and it's 5 days left in school,1,0,0.03113810846573049,0.9688618915342695,False,Positive,Negative,Uncoded
is missing my baby i cant wait for him to come home,1,0,0.03543409834436278,0.9645659016556373,False,Positive,Negative,Uncoded
i miss you,1,0,0.003376308070491776,0.9966236919295082,False,Positive,Negative,Uncoded
sleepy i don't wanna work it's gonna be a long day today at least i have tomorrow off,1,0,0.06243265649521583,0.9375673435047842,False,Positive,Negative,Uncoded
oo nga e i miss manresa too its been how many months rin since i last visited our school miss u guys rin,1,0,0.07884934478125119,0.9211506552187488,False,Positive,Negative,Uncoded
thank u lol,0,1,0.9993319516050058,0.9993319516050058,False,Negative,Positive,Uncoded
i love you too lt 3,0,1,0.9443809947492975,0.9443809947492975,False,Negative,Positive,Uncoded
homework,1,0,0.014717611425571837,0.9852823885744282,False,Positive,Negative,Uncoded
enjoyed ben's birthday party today happy b'day also ruled out buying a house we'd been looking at after 2nd inspection,0,1,0.9467507056128976,0.9467507056128976,False,Negative,Positive,Uncoded
i was looking believe me for tramp stamp but no such luck she did have a slamming body so i wasn't only one looking,1,0,0.0601524563611147,0.9398475436388853,False,Positive,Negative,Uncoded
i am up with the boy duane left for work around 3a m they kids are still sleeping i miss sleep wonder what's on the today show,1,0,0.078890052582283,0.921109947417717,False,Positive,Negative,Uncoded
there were casulties when i fell we lost 4 donuts may they rest in peace,1,0,0.008713502239805538,0.9912864977601945,False,Positive,Negative,Uncoded
not sure catawba co is where he'd want to be but asheville triangle area and wilmington gt dc imo mainly bc i hate traffic,1,0,0.05436942813002575,0.9456305718699742,False,Positive,Negative,Uncoded
follow me,0,1,0.9221327964807964,0.9221327964807964,False,Negative,Positive,Uncoded
who's whose your you're,0,1,0.9447066267313978,0.9447066267313978,False,Negative,Positive,Uncoded
i had tests u,1,0,0.05108457136227575,0.9489154286377243,False,Positive,Negative,Uncoded
i'm not a black lister at all she doesnt give me any,1,0,0.06819592903880475,0.9318040709611952,False,Positive,Negative,Uncoded
me too but let's see what's coming,0,1,0.9083384786323903,0.9083384786323903,False,Negative,Positive,Uncoded
err im too flyy to be depressed chyeaa,1,0,0.047224181583592616,0.9527758184164073,False,Positive,Negative,Uncoded
haha good morning yeah it wasn't,0,1,0.9033180236693841,0.9033180236693841,False,Negative,Positive,Uncoded
is starting to work ywitter out,1,0,0.03896607214674253,0.9610339278532575,False,Positive,Negative,Uncoded
my ex is afraid of buttons he found a broken one once and it made him sick,1,0,0.01624217696539887,0.9837578230346011,False,Positive,Negative,Uncoded
from my debut album quot after the laughter quot droppin in july and of course some of the classics cray z joints this one is kind of a b,0,1,0.9195037309371907,0.9195037309371907,False,Negative,Positive,Uncoded
agree with u still dealing with it thanks for caring u are a dear follow my friend,0,1,0.9201591268170386,0.9201591268170386,False,Negative,Positive,Uncoded
ughhh super sicklike finally got some sleep aids and sianades on board lets try this again gnight,0,1,0.9155203106471141,0.9155203106471141,False,Negative,Positive,Uncoded
me neither at first but u gotta go thru somethin first to get there lmao i almost burnt my house down and that set me str8,1,0,0.056083426734655197,0.9439165732653448,False,Positive,Negative,Uncoded
then that means i lost my ride as well,1,0,0.06569818338969594,0.9343018166103041,False,Positive,Negative,Uncoded
home amp away soooon missed last episode n,1,0,0.03875593121584488,0.9612440687841551,False,Positive,Negative,Uncoded
quot o land land land hear the word of the lord quot california i am praying for you brother sisters i am praying for you,0,1,0.91139776506844,0.91139776506844,False,Negative,Positive,Uncoded
uploading fridays riff yes we know it's saturday please forgive us it's a good one everlong by the foo fighters,0,1,0.9331703092688315,0.9331703092688315,False,Negative,Positive,Uncoded
not with me,1,0,0.05392272287063108,0.946077277129369,False,Positive,Negative,Uncoded
hey good for you math isn't boring mine is soo boring,1,0,0.07840388282949287,0.9215961171705072,False,Positive,Negative,Uncoded
i liked quot glee quot it was cute funny and of course i liked the singing too bad it actually starts airing in the fall,0,1,0.9114530999566719,0.9114530999566719,False,Negative,Positive,Uncoded
another gloriously sunny morning in dublin that's 3 days in a row now hmmm not happy i heard there's been snow in canada though wtf,1,0,0.05303284839646296,0.9469671516035371,False,Positive,Negative,Uncoded
delhi won yeeeee although i wanted a full match bt it's k revenge taken rain curtailed match bt dis time delhi won,1,0,0.04621124640704778,0.9537887535929522,False,Positive,Negative,Uncoded
haha noo internet was playing up couldn't get on it,1,0,0.07407117620130947,0.9259288237986906,False,Positive,Negative,Uncoded
fuck angry people,1,0,0.03367540693714478,0.9663245930628552,False,Positive,Negative,Uncoded
i'm afraid not i wish though,1,0,0.0023346733638394124,0.9976653266361606,False,Positive,Negative,Uncoded
eat all pigs eating them is no danger but let none flew because of swine flu swineflu,1,0,0.05111978240628601,0.948880217593714,False,Positive,Negative,Uncoded
twat twat i wanna go to cherri bombss odeee odeee make it precipitate on them stripperss since im broke amp amp we in a recession aoww,1,0,0.06272258333198627,0.9372774166680138,False,Positive,Negative,Uncoded
that sucks i fully support your drinkingness,1,0,0.07448900028231525,0.9255109997176847,False,Positive,Negative,Uncoded
so sick of this rainy weather cmon someone brighten my day,1,0,0.06581217128808287,0.9341878287119172,False,Positive,Negative,Uncoded
thanks alot,0,1,0.9286971546886328,0.9286971546886328,False,Negative,Positive,Uncoded
moose just likes the forbidden fruit of tweeting from matt's blackberry i understand the pissy mood good luck,0,1,0.9028660541391303,0.9028660541391303,False,Negative,Positive,Uncoded
you like disco and not awesome 60's metal skatepunk,0,1,0.9114788488394954,0.9114788488394954,False,Negative,Positive,Uncoded
im awake but im not getting out of bed until my mom makes me,1,0,0.08452496146238872,0.9154750385376113,False,Positive,Negative,Uncoded
you didn't give out followfriday advice like i told you,0,1,0.9292094823446918,0.9292094823446918,False,Negative,Positive,Uncoded
i want some,1,0,0.09472070951291398,0.905279290487086,False,Positive,Negative,Uncoded
put your hand up if you just love it when every form of technology goes out in your house,0,1,0.9413741145592269,0.9413741145592269,False,Negative,Positive,Uncoded
you on your own,0,1,0.9602119513979395,0.9602119513979395,False,Negative,Positive,Uncoded
haven't done an update in agessss how's everyone i hate rain andd i've only got one more exam and my summer starts,1,0,0.059882002907874196,0.9401179970921258,False,Positive,Negative,Uncoded
waiting for my pills to kick in so my nipples stop hurting and i can go to sleep,1,0,0.036373973066196864,0.9636260269338032,False,Positive,Negative,Uncoded
a love long way your voice is so beautiful on it just sayin' not complainin',0,1,0.9143216741102865,0.9143216741102865,False,Negative,Positive,Uncoded
my dear cousin,0,1,0.9161342263670459,0.9161342263670459,False,Negative,Positive,Uncoded
i'm there on monday a m no effin time till then with these crazy photogs miss u miss dawn,1,0,0.05296598081705093,0.947034019182949,False,Positive,Negative,Uncoded
just a bit of a hangoverrrrr lol xx,0,1,0.9219036861247438,0.9219036861247438,False,Negative,Positive,Uncoded
i love juan carlos huerta jr and i always will,0,1,0.921455302502632,0.921455302502632,False,Negative,Positive,Uncoded
at work bored as hell very much in need of a vacation,1,0,0.03790920703238278,0.9620907929676172,False,Positive,Negative,Uncoded
good morning to you i'm working,0,1,0.9090990131961256,0.9090990131961256,False,Negative,Positive,Uncoded
sorry i meant miss stupid twitter,1,0,0.003428113136907876,0.9965718868630922,False,Positive,Negative,Uncoded
e thanks for that,0,1,0.9927931580467348,0.9927931580467348,False,Negative,Positive,Uncoded
you're so lucky i wish i could have gone to that concert,1,0,0.06384008219981685,0.9361599178001832,False,Positive,Negative,Uncoded
closed sound check booooo we need drinks first,1,0,0.058434849108486245,0.9415651508915137,False,Positive,Negative,Uncoded
i'm not hurt so i'm a little sore that's nothing new means i have to rest and learn how to settle,1,0,0.03973272609137533,0.9602672739086247,False,Positive,Negative,Uncoded
megan i think im starting to get this although im really confused about it still but i understand how comments work now,1,0,0.04449166647700614,0.9555083335229939,False,Positive,Negative,Uncoded
oh that sounds so fun wish i could have been there,1,0,0.09187686875850684,0.9081231312414931,False,Positive,Negative,Uncoded
heii aww i deleted my facebook,1,0,0.07341215961130336,0.9265878403886967,False,Positive,Negative,Uncoded
house was perfect otherwise,0,1,0.9418754404416193,0.9418754404416193,False,Negative,Positive,Uncoded
i like the sky right now weird huh no wind either outside on the tramp even tho my neck hurts like shit can't look left very well,1,0,0.026528658204142602,0.9734713417958574,False,Positive,Negative,Uncoded
seems like i was looking at the wrong thing,1,0,0.043344714096236206,0.9566552859037638,False,Positive,Negative,Uncoded
well johnjay only did his back still ruined supper lol i am starving blood test tomorrow at 7 30am lol i hate needles,1,0,0.00715600658515084,0.9928439934148492,False,Positive,Negative,Uncoded
diveristy won x,1,0,0.06983258188249866,0.9301674181175014,False,Positive,Negative,Uncoded
shitty weather still all's good becca sorry i missed your skype call today,1,0,0.050906311638361956,0.9490936883616381,False,Positive,Negative,Uncoded
haha that sucks about your laptop being broken but that means u get a new one yaaay,1,0,0.06987683839529554,0.9301231616047044,False,Positive,Negative,Uncoded
been a busy morning just had a meeting about the trip to copenhagen i will be taking in sept super excited now studio time,0,1,0.9029304213579701,0.9029304213579701,False,Negative,Positive,Uncoded
can i cum 4 the ride i miss home,1,0,0.02482931767906659,0.9751706823209334,False,Positive,Negative,Uncoded
i really miss kungfu i need to get back to training any of my peeps want to learn some sengmenquan,1,0,0.017218140700315222,0.9827818592996848,False,Positive,Negative,Uncoded
damned sorry i didn't realize that error,1,0,0.08871487250597634,0.9112851274940237,False,Positive,Negative,Uncoded
what's with the coats i live in michigan lucky it's not snowing,1,0,0.08820390137932245,0.9117960986206776,False,Positive,Negative,Uncoded
at ambers house listening to her sing actually she is a pretty good singer im not surprised,0,1,0.9789454858165125,0.9789454858165125,False,Negative,Positive,Uncoded
dreaming of bacon waffles with fresh butter and maple syrup and brewed coffee,0,1,0.9435203897509021,0.9435203897509021,False,Negative,Positive,Uncoded
why would i miss you haha,1,0,0.058518284825310386,0.9414817151746896,False,Positive,Negative,Uncoded
yooo how was the partee sorry everton never won,1,0,0.09154208751931947,0.9084579124806805,False,Positive,Negative,Uncoded
i bought a sick beanie hat,1,0,0.06700646714486176,0.9329935328551382,False,Positive,Negative,Uncoded
it's a real bummer a lot of events here have been cancelled as well not worth risking a plague you'll find something to do,1,0,0.036690321922865164,0.9633096780771349,False,Positive,Negative,Uncoded
yah this is so bad aw it's so itchy but yes i will never scratch it you had chicken pox before,1,0,0.07134095237754405,0.928659047622456,False,Positive,Negative,Uncoded
at 9 30 am i am already almost halfway through my workday this being a resposible adult stuff sucks,1,0,0.0864530072171462,0.9135469927828538,False,Positive,Negative,Uncoded
it's a hotel unfortunately but stunning venue none the less,1,0,0.07187205584001288,0.9281279441599871,False,Positive,Negative,Uncoded
my stomach is still screwing me over damn oh well almost time to go home presentation tomorrow and we get the key tomorrow,1,0,0.024729650855513256,0.9752703491444867,False,Positive,Negative,Uncoded
i wanna see my prom pictures already friggin prestige man doesn't even deserve to be capitalized what a waste of energy,1,0,0.054193610957885094,0.9458063890421149,False,Positive,Negative,Uncoded
oh and by the way i hope you're alright after the paramedic thing xxx,0,1,0.9014757595712954,0.9014757595712954,False,Negative,Positive,Uncoded
your right eye u know we make the best dr's just 2 bad we don't get the dr pay meds not working very hoarse today,1,0,0.06435668011947768,0.9356433198805223,False,Positive,Negative,Uncoded
i'm a weak killer i just kill bugs n roaches i couldn't event hurt an animal much less as catch a fly,1,0,0.0537234329822318,0.9462765670177682,False,Positive,Negative,Uncoded
good night fam had a blast today but i'm kinda burnt but the kids loved it so it's so worth it well maybe i''ll c sprmn 2morrow bye,0,1,0.9127136801797325,0.9127136801797325,False,Negative,Positive,Uncoded
oh poor tori we will get them back,1,0,0.09701591232676834,0.9029840876732317,False,Positive,Negative,Uncoded
but usualy it says form txt now it says from web im confused now it not pouring now,1,0,0.02792801766209515,0.9720719823379048,False,Positive,Negative,Uncoded
mrphoenix was here not in dream,1,0,0.04542369833811931,0.9545763016618807,False,Positive,Negative,Uncoded
have to clean my room later mum and dad come home tomorrow won netball this morning 8 22,1,0,0.05679716217177723,0.9432028378282228,False,Positive,Negative,Uncoded
ntm my celly's battery died and i am finally home,1,0,0.06375094355334783,0.9362490564466521,False,Positive,Negative,Uncoded
wheezes at you,0,1,0.9359952394930104,0.9359952394930104,False,Negative,Positive,Uncoded
lllloving not working for now,1,0,0.04389420247940089,0.9561057975205991,False,Positive,Negative,Uncoded
u may need 2adjust the volume on the video player window i just did amp now i got sound re chikos wish there was sound,1,0,0.043672237552174906,0.9563277624478251,False,Positive,Negative,Uncoded
shame i couldn't go to defqon 1 last weekend fortunately there are always livesets,1,0,0.056375066566380874,0.9436249334336191,False,Positive,Negative,Uncoded
i want to have a vacation in poveglia island but it's not open to tourists that sucks,1,0,0.016660864667131615,0.9833391353328684,False,Positive,Negative,Uncoded
congrats on running ragnar good luck at work,0,1,0.9016447869847897,0.9016447869847897,False,Negative,Positive,Uncoded
hello am i on my own in the twitterverse,0,1,0.9194357441572449,0.9194357441572449,False,Negative,Positive,Uncoded
the people who help poor people oh i miss that lol,1,0,0.03716823430935591,0.9628317656906441,False,Positive,Negative,Uncoded
singing at graduation mass missing all my classes on a mision to find waterproof mascara for tonight cause i'll def cry at graduation,1,0,0.0976241859074621,0.9023758140925379,False,Positive,Negative,Uncoded
thanks i am,0,1,0.9659783243026476,0.9659783243026476,False,Negative,Positive,Uncoded
sorry everyone all them things following me anoys me im sorry,1,0,0.054615983847647556,0.9453840161523525,False,Positive,Negative,Uncoded
goodnight,0,1,0.9824142543666886,0.9824142543666886,False,Negative,Positive,Uncoded
quiet day in heidelberg nice to catch up on some stuff and just hang out so sad about leaving tuesday,1,0,0.09472711522476995,0.90527288477523,False,Positive,Negative,Uncoded
i can't believe i stayed away from twitter for more than 24 hours yesterday was crap last day of english,1,0,0.07336802958756915,0.9266319704124308,False,Positive,Negative,Uncoded
so bored wanna eat pringles chips but i not allowed to open the package i can go to the supermarket and buy another package,1,0,0.019824351418885815,0.9801756485811142,False,Positive,Negative,Uncoded
good morning sis have a nice smoke bleah,0,1,0.9461792412511713,0.9461792412511713,False,Negative,Positive,Uncoded
confessionz i hate sleepn alone i miss my spooonnneeerr tear,1,0,5.546831045921749e-05,0.9999445316895408,False,Positive,Negative,Uncoded
oh my god but i'm sad i will write with kellan x3,1,0,0.09438366894066612,0.9056163310593339,False,Positive,Negative,Uncoded
sadly i have to work tomorrow ok pops arm back into socket all it is,1,0,0.008153543736729727,0.9918464562632703,False,Positive,Negative,Uncoded
aww i'll probably be asleep at midnight so i'll just say it now lol happy 5th band birthday yous are amazing,0,1,0.9021509178175607,0.9021509178175607,False,Negative,Positive,Uncoded
thanks so much ladies ugggggh lt 3,0,1,0.9860615523779318,0.9860615523779318,False,Negative,Positive,Uncoded
thanks ben,0,1,0.9382317760540152,0.9382317760540152,False,Negative,Positive,Uncoded
today has been slow not much going on not yet anyways and i have slept way too much today,1,0,0.07136010259560024,0.9286398974043998,False,Positive,Negative,Uncoded
so somehow i've been drinking since 2pm and i'm not drunk good time with singing and playing then hanging with my temp bachelor friend,0,1,0.9030673180141946,0.9030673180141946,False,Negative,Positive,Uncoded
tripadvisor one of those perfect tools for the competition to abuse,0,1,0.9010256945724275,0.9010256945724275,False,Negative,Positive,Uncoded
i really wanna go lol but i cant i begged like crazy but it really didnt work lol but your still the best love ya,1,0,0.08289121065502295,0.9171087893449771,False,Positive,Negative,Uncoded
why whats wrong my dad said i can go and see jb if they ever come to plymouth bournemouth or bristol,1,0,0.0723321036375658,0.9276678963624342,False,Positive,Negative,Uncoded
no no i'm not just wanted suggestions see if its suitable or not and i know exactly your answer look at nad's new colour,0,1,0.9443680878413773,0.9443680878413773,False,Negative,Positive,Uncoded
lol i'm a scummy cowdem nice name btw,0,1,0.9850036708088645,0.9850036708088645,False,Negative,Positive,Uncoded
i am very observant no flies on me,1,0,0.08180750451010092,0.9181924954898991,False,Positive,Negative,Uncoded
i dont have a hangover i just got a rooly rooly rooly sore head think its going to take me until vegas to recover,1,0,0.03583859958752195,0.964161400412478,False,Positive,Negative,Uncoded
yeah how are you this morning,0,1,0.9035364312273734,0.9035364312273734,False,Negative,Positive,Uncoded
oh fine you know 'headlines' is great really rudeness,0,1,0.9205775696761582,0.9205775696761582,False,Negative,Positive,Uncoded
work eat come home,1,0,0.06050101751529546,0.9394989824847045,False,Positive,Negative,Uncoded
so unfair all the rest of us has to wait,1,0,0.008363615385111456,0.9916363846148886,False,Positive,Negative,Uncoded
dude that is my favorite sandwich place ever ummm did you take pictures,0,1,0.9268297021070726,0.9268297021070726,False,Negative,Positive,Uncoded
twitter is going to be down friday 8pm o i was pretty upset for like a 2nd but then i couldnt belive how upset i got and revcovered,1,0,0.015193056930265092,0.9848069430697349,False,Positive,Negative,Uncoded
you know what i hate stupid people no one i know on twitter someone i know,1,0,0.08457368507303968,0.9154263149269604,False,Positive,Negative,Uncoded
waiting for work to be over,1,0,0.039758588883303886,0.9602414111166961,False,Positive,Negative,Uncoded
too bad he didn't have a mini dvi to vga adapter he could have used his macbook,1,0,0.03950019962800323,0.9604998003719968,False,Positive,Negative,Uncoded
hahahahahahahah love it will buy one for myself erm when i sell summat,0,1,0.9657782463675237,0.9657782463675237,False,Negative,Positive,Uncoded
why are yoou still up i can't sleep xd,1,0,0.07219259884503249,0.9278074011549675,False,Positive,Negative,Uncoded
continue going to do on you blahh i tried your awesome taylor,0,1,0.9182227940576434,0.9182227940576434,False,Negative,Positive,Uncoded
its good imma make a class for your kind like that show on vh1 you my number one contestant k,0,1,0.9118351889816664,0.9118351889816664,False,Negative,Positive,Uncoded
i cant quite make rice i always get it wrong too soggy or burnt i'll try again today,1,0,0.04426094230071013,0.9557390576992899,False,Positive,Negative,Uncoded
a i remember when my son wanted 2 give me a high 5 instead of a kiss i was crushed but he's grw'n up expect it,1,0,0.07956545421023835,0.9204345457897617,False,Positive,Negative,Uncoded
oh no damn trck ball mine just stopped a few days ago now its works the machine minds of their own but i am the matrix,1,0,0.08918481526079076,0.9108151847392092,False,Positive,Negative,Uncoded
it's needing you still bummed you're gone tell rahhell hey for me how's home,1,0,0.09320663291082014,0.9067933670891799,False,Positive,Negative,Uncoded
lol that does sound better and beautiful lol well i am off to bed now 5am workout have a good night and i shall ttyl tm,0,1,0.9848168797204193,0.9848168797204193,False,Negative,Positive,Uncoded
momy i love you,0,1,0.9370865056751565,0.9370865056751565,False,Negative,Positive,Uncoded
you're a really good role model and of course you are beautiful loveu,0,1,0.9903116307869722,0.9903116307869722,False,Negative,Positive,Uncoded
i named it quot puppy quot jsut to be cool ahh dear puppy the gold fish i hope fishy heaven is nice,0,1,0.9737904702314444,0.9737904702314444,False,Negative,Positive,Uncoded
hi mariana this is luna from the fanfic site just thought i'd say hi girlie i usually follow and comment never tweet,0,1,0.9446954138049263,0.9446954138049263,False,Negative,Positive,Uncoded
wow justin you're the besth i love you realy i like so much how you dance please follow me,0,1,0.9266458994332764,0.9266458994332764,False,Negative,Positive,Uncoded
twitter is a sad sad network as facebook is etc alienate even more look i'm laughing not,1,0,0.018273912792609863,0.9817260872073902,False,Positive,Negative,Uncoded
what the buck why did you get a new twitter misss you 2 more days,1,0,0.06045327764880025,0.9395467223511997,False,Positive,Negative,Uncoded
you would be surprised at delhi compare most of those who take breakfast from pantry take maggi noodles,0,1,0.9200662331495149,0.9200662331495149,False,Negative,Positive,Uncoded
ok my phone is dying so might not be able to tweet anymore going to give tuition now so can't charge phone tweet y'all tonight xx,1,0,0.07333132980324426,0.9266686701967557,False,Positive,Negative,Uncoded
oh no please matt save it,1,0,0.09774599670407276,0.9022540032959272,False,Positive,Negative,Uncoded
nearing end of my last shift before leave starts made the mistake of declaring it all quiet multiple servers failed lol,1,0,0.026678648548001754,0.9733213514519983,False,Positive,Negative,Uncoded
you're welcome and thank you btw i didn't realize it was a 12 week tour too long sis too long but make the most of it,0,1,0.9029436016644705,0.9029436016644705,False,Negative,Positive,Uncoded
lol haha i got it from souljaboy does that make me stalkerish,0,1,0.9235953243131595,0.9235953243131595,False,Negative,Positive,Uncoded
red lights are so not cool when you're going 80 however grossly speeding past three cops on 22 is,1,0,0.07830506152828771,0.9216949384717122,False,Positive,Negative,Uncoded
what better way to spend sunday morning than by getting your head around john dewey's educational philosophy,0,1,0.9038365281981857,0.9038365281981857,False,Negative,Positive,Uncoded
im the only one in my family who has had an appetite through this sickness oh well at least i'm not losing weight,1,0,0.07322748694241513,0.9267725130575849,False,Positive,Negative,Uncoded
no wrinkles no skin cancer no looking like a leather wallet when you're older tanning sucks,1,0,0.03242291673431024,0.9675770832656898,False,Positive,Negative,Uncoded
hi i want to be followed on here by you too can you follow me pretty please with a 4 course meal on top,0,1,0.9073934384087788,0.9073934384087788,False,Negative,Positive,Uncoded
ughhh i don't want to clean my garage eating cereal right now cooooooookie crisp mmmmm soo much funner then garage cleaning,1,0,0.09462412885058327,0.9053758711494168,False,Positive,Negative,Uncoded
why do i procrastinate so much oh well only one week left,1,0,0.060363618368175234,0.9396363816318247,False,Positive,Negative,Uncoded
i wanted to kill myself during manos,1,0,0.09343695805507042,0.9065630419449295,False,Positive,Negative,Uncoded
between 1999 amp 2001 two companies i worked with tried to get that contract and they said they'd never get a website 10 years resistance,1,0,0.09064225973200431,0.9093577402679957,False,Positive,Negative,Uncoded
just fyi if you use q or your provider uses qwest they're hammered your commitment times may be 24 hours out,0,1,0.9336950976939761,0.9336950976939761,False,Negative,Positive,Uncoded
heh worked better the first time this time it's a dead pic,0,1,0.9115577836580723,0.9115577836580723,False,Negative,Positive,Uncoded
omg i'm so tireeed sleepytimez me thinks angels amp demons was awesome btw d laterr xx,0,1,0.929519272772531,0.929519272772531,False,Negative,Positive,Uncoded
lovely site yours how did you make your tamplete i can't get this thing,0,1,0.9041228219993757,0.9041228219993757,False,Negative,Positive,Uncoded
why do you need a printer so bad its not like your studying cian lol,1,0,0.0325346996277146,0.9674653003722854,False,Positive,Negative,Uncoded
goodnight,0,1,0.9824142543666886,0.9824142543666886,False,Negative,Positive,Uncoded
i kno i like him the best i had a mini crush on him shhhhh though hahaha,0,1,0.9019128813534166,0.9019128813534166,False,Negative,Positive,Uncoded
me want sushi me want halo halo me want my tummy to suck it all in please,1,0,0.06848310042363456,0.9315168995763654,False,Positive,Negative,Uncoded
i agree with you in that phrasee,0,1,0.9368739613876624,0.9368739613876624,False,Negative,Positive,Uncoded
just one spoiler it's completely fucking useless sorry to ruin it,1,0,0.016567177039110897,0.9834328229608891,False,Positive,Negative,Uncoded
trying to study for chemistry too hungry thoughh anyone want to go to subway for lunch paolo's album has summery vibesssssssss,1,0,0.08260768852850052,0.9173923114714995,False,Positive,Negative,Uncoded
oh that sucks do you have insurance on it,1,0,0.06571043030211136,0.9342895696978887,False,Positive,Negative,Uncoded
uhm we have swimming tomorrow so we'll swim 3 5 miles in the pool,0,1,0.9151843531444932,0.9151843531444932,False,Negative,Positive,Uncoded
aw lucky i don't have a car here so i have to carry my groceries in the rain it did stop long enough to get them though,1,0,0.04356901812392577,0.9564309818760742,False,Positive,Negative,Uncoded
yeah i finally figured that out once i called around and got the word that's dumb,0,1,0.9309018241457654,0.9309018241457654,False,Negative,Positive,Uncoded
no unfortunately its not i got it from doing search on yahoo images,1,0,0.03840694091042804,0.9615930590895719,False,Positive,Negative,Uncoded
i have a cat sleeping on my face damn huckleberri,1,0,0.09771052533344034,0.9022894746665596,False,Positive,Negative,Uncoded
i hate season finales they are so mean goodnight,1,0,0.04714129322842271,0.9528587067715772,False,Positive,Negative,Uncoded
hey you volunteered,0,1,0.9609301932354672,0.9609301932354672,False,Negative,Positive,Uncoded
train again no electricity again battery full this time,1,0,0.04961005091012698,0.9503899490898731,False,Positive,Negative,Uncoded
why can't every man be like jim from the office,1,0,0.0585736881297063,0.9414263118702937,False,Positive,Negative,Uncoded
back in sd back to reality 3 d up was as good as i expected it to be,1,0,0.09333011760997846,0.9066698823900216,False,Positive,Negative,Uncoded
in a horrible self fulfilling slump experts say they dont exist wanna bet nevermind i'd lose that too taking hiatus for a few days,1,0,0.04591664259992323,0.9540833574000768,False,Positive,Negative,Uncoded
thanks that's definitely good advice yesterday was just particularly trying,0,1,0.9779115018633261,0.9779115018633261,False,Negative,Positive,Uncoded
its really sick if u cant sleep have u count sheets,1,0,0.021141543212834797,0.9788584567871652,False,Positive,Negative,Uncoded
lol everyone's an expert now,0,1,0.9574029382088123,0.9574029382088123,False,Negative,Positive,Uncoded
had a flat tire now i am getting wasted,1,0,0.045031449387098944,0.9549685506129011,False,Positive,Negative,Uncoded
natedog is wasted and drunkdialing i miss himmm,1,0,0.034226908618162355,0.9657730913818376,False,Positive,Negative,Uncoded
totally true you're a walking proof of that quick chat well have fun girl,0,1,0.9560570196490683,0.9560570196490683,False,Negative,Positive,Uncoded
had the worst weekend stressed out from school 1 amp 1 2 wk left 24 days til wahoo,1,0,0.06114927061989842,0.9388507293801016,False,Positive,Negative,Uncoded
has still not done any homework,1,0,0.03697347592944726,0.9630265240705528,False,Positive,Negative,Uncoded
if you guys end this ride then it's for the best if it's what you really want just know that you're loved beyond words,0,1,0.9123519470978108,0.9123519470978108,False,Negative,Positive,Uncoded
yes it's awesome and without you keeping check on things i would procrastinate a lot ahem no i don't you rule,0,1,0.9425067427949292,0.9425067427949292,False,Negative,Positive,Uncoded
thanks for an awesome season liverpool fc,0,1,0.975998224851194,0.975998224851194,False,Negative,Positive,Uncoded
lemme borrow your showtime,0,1,0.9017219998354765,0.9017219998354765,False,Negative,Positive,Uncoded
so much work nut not so much time damn,1,0,0.0116080315689042,0.9883919684310958,False,Positive,Negative,Uncoded
good morn sunshine a beautiful day sun is hiding j,0,1,0.9373534445757414,0.9373534445757414,False,Negative,Positive,Uncoded
is newly tattooed and missing her fiance wish i could drive to the beach instead of work today staying positive though,1,0,0.030285104544649777,0.9697148954553503,False,Positive,Negative,Uncoded
a the day i work you're free,0,1,0.9163917049928697,0.9163917049928697,False,Negative,Positive,Uncoded
will it be released tomorrow then excited,0,1,0.9464282322417729,0.9464282322417729,False,Negative,Positive,Uncoded
sooo tired thought we were going to be slow but we were super busy last night,1,0,0.03245175817484357,0.9675482418251564,False,Positive,Negative,Uncoded
lol haha i know right wonder if will do the butt dance in the summer,0,1,0.9402731845037678,0.9402731845037678,False,Negative,Positive,Uncoded
alive in hospital having a little surgery going home today,1,0,0.08706868106925542,0.9129313189307446,False,Positive,Negative,Uncoded
yes i know i read your review hehe i can't wait to read it and finish it then i'll have to wait for the next two,0,1,0.9631757142250772,0.9631757142250772,False,Negative,Positive,Uncoded
you are so welcome anything i can do to help i will do the sock thing im so paranoid about that i confess,0,1,0.9066412129307813,0.9066412129307813,False,Negative,Positive,Uncoded
g'nighty,0,1,0.9508564582816049,0.9508564582816049,False,Negative,Positive,Uncoded
i am a twitter virgin not disappointed,1,0,0.060955515029465154,0.9390444849705348,False,Positive,Negative,Uncoded
collecting awesome photos again this time i'll back them up,0,1,0.9300273400782251,0.9300273400782251,False,Negative,Positive,Uncoded
yay brownie amp cookie time bringing the delts their goodies for chapter then going to see cory cuz he's sickie,0,1,0.9473234725731684,0.9473234725731684,False,Negative,Positive,Uncoded
did nothing all day long ready for another work week missing my sis,1,0,0.037592715030111065,0.9624072849698889,False,Positive,Negative,Uncoded
it really sucks i think they only do this to see us suffer horrible human beings hahaha,1,0,0.03827467250877363,0.9617253274912264,False,Positive,Negative,Uncoded
gives you a haiku status inspired by michelle yuen the sun is shining a perfect day glorious day outside my office,0,1,0.9667946995856201,0.9667946995856201,False,Negative,Positive,Uncoded
bald men r sexy yes they r beer drinker nooooo noooooooo nooooooooo s s i think its disgusting,1,0,0.09777125297948136,0.9022287470205186,False,Positive,Negative,Uncoded
hello are you finee,0,1,0.9504362319605104,0.9504362319605104,False,Negative,Positive,Uncoded
i have to go back to work on monday so i'm already cutting it as close as i can flying back sunday night,1,0,0.08751044335998728,0.9124895566400127,False,Positive,Negative,Uncoded
send me your address i'll send you some nellies to try,0,1,0.9716903409054174,0.9716903409054174,False,Negative,Positive,Uncoded
don't rele feel good tummy n ankle hurt and can't half talk codys kat,1,0,0.003813393005257641,0.9961866069947424,False,Positive,Negative,Uncoded
doing english essay not cool,1,0,0.016709016498294902,0.9832909835017051,False,Positive,Negative,Uncoded
turned on my iphone today and my data was gone and everything was in spanish turned it off and on again and everything was fine,1,0,0.07507714936147783,0.9249228506385222,False,Positive,Negative,Uncoded
maybe it's just my screen though everything else is perfect well done amp great job muah,0,1,0.937535165056854,0.937535165056854,False,Negative,Positive,Uncoded
i know right ugh it is not suppose to be raining in june,1,0,0.019533276223562622,0.9804667237764374,False,Positive,Negative,Uncoded
idling at skool nothing to do sigh,1,0,0.02199563130020351,0.9780043686997965,False,Positive,Negative,Uncoded
good afternoon monsieur i just made my breakfast or more like brunch i guess i don't have any plans for today yet you,0,1,0.9132137081444146,0.9132137081444146,False,Negative,Positive,Uncoded
ahahahahahahaha clears throat i'm sorry cat,1,0,0.026500944813709938,0.9734990551862901,False,Positive,Negative,Uncoded
no they suck,1,0,0.020840280035401833,0.9791597199645982,False,Positive,Negative,Uncoded
have a massive headache for a long amp fucking boring day shopping for linen amp crap for my new room but i do now have a metallica ringtone,1,0,0.06711687192228241,0.9328831280777176,False,Positive,Negative,Uncoded
leaving to go to madison soon but i have to poop first jtp,1,0,0.07886658552716516,0.9211334144728348,False,Positive,Negative,Uncoded
many people are intolerant or allergic to dairy and need to find alternatives also dairy is made for calfs not humans,1,0,0.07517201729203402,0.924827982707966,False,Positive,Negative,Uncoded
it's the 3rd month now 9th week 8 1 have another appointment at the doc tomorrow morning can't wait need to get ready for work now,1,0,0.08009156806996989,0.9199084319300301,False,Positive,Negative,Uncoded
being at work sucks when there is no work to be done but i do love me some solitaire i want my book,1,0,0.041276371918348834,0.9587236280816511,False,Positive,Negative,Uncoded
i don't know what i could do 2day ergh i'm so bored don't wanna stay at home all day but i hate the weather 2day way too rainy,1,0,0.0016630497039261411,0.9983369502960738,False,Positive,Negative,Uncoded
bah i wish i could have spent it outdoors with someone i kept taking pete for walks just to enjoy the weather,1,0,0.06669140196182582,0.9333085980381741,False,Positive,Negative,Uncoded
how nice if i get to be someone but too bad im a lonely crap who twitters nt much,1,0,0.00483531821907175,0.9951646817809282,False,Positive,Negative,Uncoded
no canoeing too rainy at least i won't get my weave wet,1,0,0.0438617775261636,0.9561382224738364,False,Positive,Negative,Uncoded
twitter and i was really mad and she told everyone that i scratched her on her arm accident and now im not talking to her ever again,1,0,0.05190179846352873,0.9480982015364713,False,Positive,Negative,Uncoded
try to have fun x,0,1,0.9301352755079652,0.9301352755079652,False,Negative,Positive,Uncoded
watching the cutest love movies,0,1,0.9846603943725108,0.9846603943725108,False,Negative,Positive,Uncoded
i am so jealous and i am sooo awakeee argg,1,0,0.08212499767380065,0.9178750023261993,False,Positive,Negative,Uncoded
is not going to lie to you or myself anymore i do not like being single there i said it,1,0,0.09444584694704332,0.9055541530529567,False,Positive,Negative,Uncoded
sorry,1,0,0.00028974556871590455,0.9997102544312841,False,Positive,Negative,Uncoded
i cut my skin off my leg with a razor it hurt owww only fletcher can make it better make it better please xx,1,0,0.054449150980121375,0.9455508490198786,False,Positive,Negative,Uncoded
im at home is it still raining,1,0,0.033439611402608045,0.9665603885973919,False,Positive,Negative,Uncoded
just gave away my wow discs just don't have the time anymore ever,1,0,0.06688742616280784,0.9331125738371921,False,Positive,Negative,Uncoded
maybe because in five months nobody died from it and it's treatable unlike the flu i guess doesn't mean we don't care,1,0,0.026340555878637577,0.9736594441213624,False,Positive,Negative,Uncoded
typo let's try again happy sunday watching quot how the earth was made quot palio indians,0,1,0.941283634272341,0.941283634272341,False,Negative,Positive,Uncoded
i woulda done a drunktweet but i was semi sober and mostly horny by the time i was able to tweet sorry now my head just hurts,1,0,0.09626253663454726,0.9037374633654527,False,Positive,Negative,Uncoded
i miss u way more there wasnt a moment that i didnt think of you,1,0,0.05765011528752749,0.9423498847124725,False,Positive,Negative,Uncoded
thanx miss,1,0,0.0332582507579529,0.9667417492420471,False,Positive,Negative,Uncoded
sorry john it won't be too long to wait though,1,0,0.009429937747545313,0.9905700622524547,False,Positive,Negative,Uncoded
couldn't get down there busy say hello or chat on the web site good luck to the guys glad ya'll had fun,0,1,0.9605236900649062,0.9605236900649062,False,Negative,Positive,Uncoded
she ain't got no money in the bank,1,0,0.0957677999699311,0.9042322000300689,False,Positive,Negative,Uncoded
this is a weird couple of weeks broken hearted sad happy and now loveless that means not luvin anyone,1,0,0.04715036997711959,0.9528496300228804,False,Positive,Negative,Uncoded
that sounds awful like literally terrible lol i'm working on my company's beginning,1,0,0.09716834418661864,0.9028316558133813,False,Positive,Negative,Uncoded
coffee isn't working someone get the jumper cables,1,0,0.03990562693552522,0.9600943730644748,False,Positive,Negative,Uncoded
went to giant to get cold remedies forgot cash d got pita chips instead omnom,1,0,0.05710537094041344,0.9428946290595865,False,Positive,Negative,Uncoded
hey sounds like a great afternoon the weather here is not so good brr how are ya doing anyway,0,1,0.9105171072730786,0.9105171072730786,False,Negative,Positive,Uncoded
gia bb our fantasy family is missing you your 4 brothers and only sister want to play with you,1,0,0.06218417376447379,0.9378158262355262,False,Positive,Negative,Uncoded
back to college tday divs was good but ended wrong huntington on thursday,1,0,0.07422501261578314,0.9257749873842168,False,Positive,Negative,Uncoded
smh shaking my head,1,0,0.06713046378764723,0.9328695362123528,False,Positive,Negative,Uncoded
book club details,0,1,0.9172187666979619,0.9172187666979619,False,Negative,Positive,Uncoded
youve changed your pic i liked curious george lmao,0,1,0.9401293879201063,0.9401293879201063,False,Negative,Positive,Uncoded
i need to change my angry status there,1,0,0.06942776316706452,0.9305722368329354,False,Positive,Negative,Uncoded
i hate maths,1,0,0.023685054190600234,0.9763149458093998,False,Positive,Negative,Uncoded
well you know my deal cf then mf i can't wait for your ms so excited it's done no janet though,0,1,0.9734091776694915,0.9734091776694915,False,Negative,Positive,Uncoded
just got some new designs for now heading to the university to get some things done,0,1,0.9463890776389465,0.9463890776389465,False,Negative,Positive,Uncoded
weather is bad it's so boardddd just polish mu nails xaxaxa,1,0,0.07378068362983818,0.9262193163701619,False,Positive,Negative,Uncoded
nothing clean im afraid,1,0,0.04851015780021327,0.9514898421997867,False,Positive,Negative,Uncoded
i'm not rascist camera is,1,0,0.0674490575814544,0.9325509424185456,False,Positive,Negative,Uncoded
bom dia twitters t maus mt resfriado,0,1,0.9672502372529239,0.9672502372529239,False,Negative,Positive,Uncoded
you arent all alone,1,0,0.01527414415717901,0.984725855842821,False,Positive,Negative,Uncoded
argh mac pro needs to go in for a service v bad timing oh well sunday off at least can't work without a computer,1,0,0.01534603053753556,0.9846539694624644,False,Positive,Negative,Uncoded
plagiarism a growing disease on the internet not via at all oh no only me me me,1,0,0.08434460344790504,0.9156553965520949,False,Positive,Negative,Uncoded
i don't drive too fast lol ppl r weird guess am not gonna work netime soon sigh,1,0,0.02755984269183672,0.9724401573081632,False,Positive,Negative,Uncoded
heehee i'm still a sleepypussy how ya,0,1,0.9208328215545111,0.9208328215545111,False,Negative,Positive,Uncoded
had it broke i want a new one,1,0,0.003909160019411263,0.9960908399805888,False,Positive,Negative,Uncoded
the serial stealth bummer strikes again,1,0,0.07889680451335739,0.9211031954866427,False,Positive,Negative,Uncoded
no internet me going insane it came back now though,1,0,0.0672415627534713,0.9327584372465287,False,Positive,Negative,Uncoded
ahhnah it was the thunder first then it got bad now its both but its slowly going,1,0,0.09119862142488824,0.9088013785751118,False,Positive,Negative,Uncoded
thank you i could use a hug,0,1,0.9294203247653494,0.9294203247653494,False,Negative,Positive,Uncoded
spending the evening with my textbooks,0,1,0.9073067771728327,0.9073067771728327,False,Negative,Positive,Uncoded
my new video i hope to get the mgo 1 done soon i'm quite proud of this 1 but yt managed to desync some parts,0,1,0.9763016990860207,0.9763016990860207,False,Negative,Positive,Uncoded
sorry we left i'm not able to read your tweets from my phone so i didn't know y'all were going next time,1,0,0.04997218873773996,0.95002781126226,False,Positive,Negative,Uncoded
cool the audience can hear you i can't but still follow the slides,0,1,0.938605217759601,0.938605217759601,False,Negative,Positive,Uncoded
am i sexy,0,1,0.9479446294504024,0.9479446294504024,False,Negative,Positive,Uncoded
also finally took time to savor main st usa on my way out the food shoppes smell amazing there is also a window w random singing man,0,1,0.9198239758865862,0.9198239758865862,False,Negative,Positive,Uncoded
going back to nyc la was great as always at least my flight has direct tv lets go kobe cant wait to see rucker,0,1,0.922517497827622,0.922517497827622,False,Negative,Positive,Uncoded
welcome to my world,0,1,0.9410373657150475,0.9410373657150475,False,Negative,Positive,Uncoded
hi mom im well missing emmett as usual he always goes hunting without me lol wheres dad,1,0,0.03827744874159897,0.961722551258401,False,Positive,Negative,Uncoded
don't kill me esp sophie i kinda lost my phone the gwc toilet btw i worked a killer 10 hour shift today enjoying work,1,0,0.031017664070508592,0.9689823359294915,False,Positive,Negative,Uncoded
it does oh i wish i was in houston just an hour away not too much,1,0,0.044742397792885795,0.9552576022071142,False,Positive,Negative,Uncoded
this hubba bubba is starting to hurt my jaw,1,0,0.059081301376746984,0.9409186986232531,False,Positive,Negative,Uncoded
i was suppose to work today,1,0,0.03815131217040972,0.9618486878295903,False,Positive,Negative,Uncoded
and finally the end,0,1,0.900170126276668,0.900170126276668,False,Negative,Positive,Uncoded
what a nice quot teacher quot,0,1,0.9367531222858874,0.9367531222858874,False,Negative,Positive,Uncoded
hi wes can't wait to see you all again this week end missing paige stax and stax enjoy your evening give rylan a big kiss for me,0,1,0.9142775619013184,0.9142775619013184,False,Negative,Positive,Uncoded
sorry if i've missed a chum out i'm not feeling well today and it's a blur let me know if i have and i'll ff you,1,0,0.08874300637581471,0.9112569936241853,False,Positive,Negative,Uncoded
you know i'm a tweenie at heart,0,1,0.9261212045999893,0.9261212045999893,False,Negative,Positive,Uncoded
i had work plans this evening but i'm playing hookie i'm tired and miss my family work can wait,1,0,0.0331769737278277,0.9668230262721723,False,Positive,Negative,Uncoded
thats great better than my 3 0 lol,0,1,0.9365759573668246,0.9365759573668246,False,Negative,Positive,Uncoded
u r so so so not funny,1,0,0.08087585066294457,0.9191241493370554,False,Positive,Negative,Uncoded
you dont have to miss out on the fun if you cant wear nike shoes they make pods for the sensors to be worn on any shoe,1,0,0.06619281722526035,0.9338071827747396,False,Positive,Negative,Uncoded
yay fair was amazing i love my wifey twin amp juliieee whoo it's 2 i'm not tired,0,1,0.9746737576203897,0.9746737576203897,False,Negative,Positive,Uncoded
i know i'm dyin out here i miss u amp my crush amp my car,1,0,0.0435518510850376,0.9564481489149624,False,Positive,Negative,Uncoded
sheng i still don't know how this really works,1,0,0.09961667752191426,0.9003833224780857,False,Positive,Negative,Uncoded
thanks boz x,0,1,0.9996426389244277,0.9996426389244277,False,Negative,Positive,Uncoded
staying home today still sick tomorrow i'm going to a docter,1,0,0.05380629585273823,0.9461937041472618,False,Positive,Negative,Uncoded
probably not gonna have dinner because nonna forced pasta down my throat at 3pm,1,0,0.03865711281669353,0.9613428871833065,False,Positive,Negative,Uncoded
ty,0,1,0.9713263987974216,0.9713263987974216,False,Negative,Positive,Uncoded
i have the worst sore throat ever but soccer last night was soo fun even if it was only me dez and val,1,0,0.05865448448692946,0.9413455155130706,False,Positive,Negative,Uncoded
i want a lovebird,1,0,0.0014473894330380317,0.998552610566962,False,Positive,Negative,Uncoded
ew i had to do that after a hurricane knocked power out for a few weeks totally sucks man go food shopping today,1,0,0.04059379443757951,0.9594062055624205,False,Positive,Negative,Uncoded
iphone v4 might have af p there's always something missing that leaves one wanting more,1,0,0.04441387295216076,0.9555861270478392,False,Positive,Negative,Uncoded
haha i know i love both of them now 11 haha,0,1,0.9305913046337448,0.9305913046337448,False,Negative,Positive,Uncoded
i wont but its not up to me its up to him,1,0,0.04361219118130179,0.9563878088186982,False,Positive,Negative,Uncoded
ugh badly dubbed hentai would suck you wonder why we don't dub the games we license,1,0,0.08512902082744875,0.9148709791725512,False,Positive,Negative,Uncoded
im trying not to get dad to bail me out lmao nooo ill be fineee,1,0,0.08591193554403526,0.9140880644559648,False,Positive,Negative,Uncoded
just proves that no one ever reads the websites anymore if it ain't twittered it doesn't exist,1,0,0.06028742795123471,0.9397125720487653,False,Positive,Negative,Uncoded
u didn't invite me i wouldve come,1,0,0.041712198965002036,0.958287801034998,False,Positive,Negative,Uncoded
i watched ai too it's sad to see danny go if i had my way nobody should have gone home,1,0,0.013758923942780873,0.9862410760572191,False,Positive,Negative,Uncoded
yes yes everyone loves bestest of all,0,1,0.9636066469340008,0.9636066469340008,False,Negative,Positive,Uncoded
the fact that you didn't know the library closed at 6 not lame,1,0,0.03315355820265019,0.9668464417973498,False,Positive,Negative,Uncoded
watching ocean's thirteen again it's not that i don't like big brother i just missed the start cue channel 4 1,1,0,0.034046833882932545,0.9659531661170675,False,Positive,Negative,Uncoded
just watched the last episode of madtv and i feel sad that it has ended saturdays won't be the same so many good memories spishak,1,0,0.007400890839387933,0.9925991091606121,False,Positive,Negative,Uncoded
how come there's no update from you busy,1,0,0.07570962935282902,0.924290370647171,False,Positive,Negative,Uncoded
don't watch it without me,1,0,0.05964224105259287,0.9403577589474071,False,Positive,Negative,Uncoded
hahaha a bella hey sign up for facebook susie's uploaded a bazillion pics of the kids and emily's all growed up,0,1,0.940132327992802,0.940132327992802,False,Negative,Positive,Uncoded
and of course it's the weekend that always helps matters,0,1,0.9318955938207051,0.9318955938207051,False,Negative,Positive,Uncoded
congrats la i guess,0,1,0.9554689297310086,0.9554689297310086,False,Negative,Positive,Uncoded
not too successful,0,1,0.982132991732545,0.982132991732545,False,Negative,Positive,Uncoded
don't understand the weather we're having summer's suppose to be over but it's uber hot 2hrs lang tuyo na sinampay ko,1,0,0.07107780828686974,0.9289221917131303,False,Positive,Negative,Uncoded
mmm i'd like to do that i'd call him but i'm sure he's not free see you later xx,0,1,0.904096276107691,0.904096276107691,False,Negative,Positive,Uncoded
good morning twitter i m up from a restless nite still no cable ugh weather is sucky so taking it easy today,1,0,0.020884824033329738,0.9791151759666703,False,Positive,Negative,Uncoded
geeks in space yup another awesome podcast i discovered just as it was finishing,0,1,0.9484610675273,0.9484610675273,False,Negative,Positive,Uncoded
hmm edward let's say the werewolves take over your city deal,0,1,0.9525366096543515,0.9525366096543515,False,Negative,Positive,Uncoded
happy birthday kylar daddy loves you see you someday,0,1,0.990774080304989,0.990774080304989,False,Negative,Positive,Uncoded
ew so boredd talk to me,1,0,0.0637597747543992,0.9362402252456008,False,Positive,Negative,Uncoded
funnily enough the next day it dropped to 68 i still got about 30 tlds which will have only cost me 8 each,1,0,0.08770691757535821,0.9122930824246418,False,Positive,Negative,Uncoded
oh yeah i like um big and saggy,0,1,0.9192879084971812,0.9192879084971812,False,Negative,Positive,Uncoded
man that sounds killer and not in a bad way,1,0,0.04348552605438692,0.9565144739456131,False,Positive,Negative,Uncoded
the pay bit was nothing to do with me i just missed you,1,0,0.06889487254335228,0.9311051274566478,False,Positive,Negative,Uncoded
ouch,1,0,0.009451131961874536,0.9905488680381255,False,Positive,Negative,Uncoded
yes so true,0,1,0.9329054747256521,0.9329054747256521,False,Negative,Positive,Uncoded
you're funny looking,0,1,0.9668873130584392,0.9668873130584392,False,Negative,Positive,Uncoded
i'll always love you even if you turn into a zombie,0,1,0.9156159734382774,0.9156159734382774,False,Negative,Positive,Uncoded
i'm sure black will look good too,0,1,0.9620977563798178,0.9620977563798178,False,Negative,Positive,Uncoded
uuuuuuuuuughhhh i dont even know why we are friends haha errrr love my background,0,1,0.9141073467042867,0.9141073467042867,False,Negative,Positive,Uncoded
yes i wish for that too i really wish it were so,1,0,0.09458237519066277,0.9054176248093372,False,Positive,Negative,Uncoded
your exactly right,0,1,0.9313303057961134,0.9313303057961134,False,Negative,Positive,Uncoded
is missing internet week new york for conferences in albany poo,1,0,0.05032524549931845,0.9496747545006815,False,Positive,Negative,Uncoded
your acct may be compromised if you played the spy master game,0,1,0.9374006908855119,0.9374006908855119,False,Negative,Positive,Uncoded
oh god i hate harry potter i liked it when i was a little kid but now i dont anymore,1,0,0.036727782232415004,0.963272217767585,False,Positive,Negative,Uncoded
thanks mets,0,1,0.9537128272189713,0.9537128272189713,False,Negative,Positive,Uncoded
charcoal causes cancer meat free is safer hee hee,0,1,0.9024030649700794,0.9024030649700794,False,Negative,Positive,Uncoded
hello back,0,1,0.9455530465383312,0.9455530465383312,False,Negative,Positive,Uncoded
in a way i wish i was doing the leaving cert again there didn't seem to be all that much on it compared to uni exams like cramtastic,1,0,0.024467323062599765,0.9755326769374002,False,Positive,Negative,Uncoded
awe man that sucks everyone makes mistakes i have a feeling that people can forgive you,1,0,0.03738881819971655,0.9626111818002835,False,Positive,Negative,Uncoded
it's 7 00am on a saturday and i'm awake i've been up since 5 43am what is wrong with me off to get breakfast my tummy's grumbling,1,0,0.06563076179060942,0.9343692382093906,False,Positive,Negative,Uncoded
i got holiday clothes but i have no shoes,1,0,0.05695191163897978,0.9430480883610202,False,Positive,Negative,Uncoded
what a stupid way to leave primeval i mean ugh although it has now put me in the mood to watch jurassic park yay,1,0,0.08105166879430885,0.9189483312056912,False,Positive,Negative,Uncoded
oh hai so i added you on facebook b c it suggested you to me how romantic vikki made me do it,0,1,0.9511523191984399,0.9511523191984399,False,Negative,Positive,Uncoded
where is it,1,0,0.036916887123360095,0.96308311287664,False,Positive,Negative,Uncoded
i know how she feels worked till midnight last night due to a day out feeling ill so a bit tired myself,1,0,0.055831014754994655,0.9441689852450054,False,Positive,Negative,Uncoded
yep i just want my files since i last backed up,1,0,0.02541233407072475,0.9745876659292753,False,Positive,Negative,Uncoded
omg i hate you nate i wanna go to comic con,1,0,0.04035823925794426,0.9596417607420558,False,Positive,Negative,Uncoded
i wanna go back to germany soon and i'd like to go to spain too i've never been there,1,0,0.09168811960987473,0.9083118803901252,False,Positive,Negative,Uncoded
morning all its another gorgeous start to a day here in glenrothes apart from being up early hope you have a wonderful amp blessed sunday,0,1,0.9566056979637112,0.9566056979637112,False,Negative,Positive,Uncoded
lucky i'm in love with my best friend jason mraz his fave singer daang,0,1,0.9386157116248718,0.9386157116248718,False,Negative,Positive,Uncoded
damn yeah ac is a necessity i feel your pain our whole unit went out a few yrs ago what a mess,1,0,0.04108855044341882,0.9589114495565811,False,Positive,Negative,Uncoded
not only am i also not interested i have no idea what spaymaster is how sad is that,1,0,0.05395782140976833,0.9460421785902317,False,Positive,Negative,Uncoded
not happy coz someone just crashed into my car hoping the hire car is a convertible 2 or b suing for sunshine amp street cred deprivation,1,0,0.057244975683468646,0.9427550243165314,False,Positive,Negative,Uncoded
nope still in dc all my friends are in nyc though,1,0,0.050901500893613325,0.9490984991063867,False,Positive,Negative,Uncoded
aww koolies lucky u aww i wanna go to much effort atm lol u on half term,1,0,0.08896626091378079,0.9110337390862192,False,Positive,Negative,Uncoded
i miss naptime it is so quiet when they nap,1,0,0.058913375199756327,0.9410866248002436,False,Positive,Negative,Uncoded
found out the problem i ran out of api whatever that means and i cant see them until a whole hour gay pooofs no offence xx,1,0,0.006535209203394445,0.9934647907966055,False,Positive,Negative,Uncoded
needs to stop waking up at about 12 ish missin out on soo much owell all i need is in my dreams lol,1,0,0.08892965592861535,0.9110703440713847,False,Positive,Negative,Uncoded
you too,0,1,0.9740735764568875,0.9740735764568875,False,Negative,Positive,Uncoded
i guess i feel like puttin my shyt out there b c im not feelin any kinda way right now but super horny and i need a round 4 lol gemini,1,0,0.09648980532616636,0.9035101946738336,False,Positive,Negative,Uncoded
i love drew from mytoecold i find a sense of really good sarcastic humor very sexy haha,0,1,0.993738328890019,0.993738328890019,False,Negative,Positive,Uncoded
dnt feel bad typos happen to every 1,1,0,0.024608909079096825,0.9753910909209031,False,Positive,Negative,Uncoded
i will miss them all a lot when our review ends aaww,1,0,0.06033528941928969,0.9396647105807103,False,Positive,Negative,Uncoded
im awake full on tired now and i've got an awful stomache ache but can't wait for today,1,0,0.025790257117464056,0.9742097428825359,False,Positive,Negative,Uncoded
i hope you aren't allergic to dust choc or syrup,1,0,0.07725992138225683,0.9227400786177432,False,Positive,Negative,Uncoded
hay whatchoo guys doing you should call me if you're still up i just got your message,0,1,0.9485775191941176,0.9485775191941176,False,Negative,Positive,Uncoded
amp why aren't yew following me hell0,1,0,0.05558539425086462,0.9444146057491354,False,Positive,Negative,Uncoded
i want to receive both a happy birthday to you i want to receive both a happy birthday to you,0,1,0.950059431184339,0.950059431184339,False,Negative,Positive,Uncoded
no i don't know it only got the liege and lief album though,1,0,0.07149616748524058,0.9285038325147594,False,Positive,Negative,Uncoded
thx for the recommendation uve now made my addiction 10x worse,0,1,0.9388967144544156,0.9388967144544156,False,Negative,Positive,Uncoded
idno which i prefer,0,1,0.9589812865286506,0.9589812865286506,False,Negative,Positive,Uncoded
little ladybug how i miss summer ',1,0,0.0665998002240995,0.9334001997759005,False,Positive,Negative,Uncoded
site doesn't seem to want to load up they must be getting a lot of hits,1,0,0.05925828206141124,0.9407417179385887,False,Positive,Negative,Uncoded
i misssssaa you,0,1,0.9968691219023424,0.9968691219023424,False,Negative,Positive,Uncoded
hi,0,1,0.9949595783477687,0.9949595783477687,False,Negative,Positive,Uncoded
omg that was so sad but good to note to self not to give a 4 year old a puppy,1,0,0.08472311289190129,0.9152768871080987,False,Positive,Negative,Uncoded
i love cherry filter quot just ok quot is my new anthem quot i am okay just okay quot,0,1,0.9465135280095893,0.9465135280095893,False,Negative,Positive,Uncoded
trying to get out of bed need to clean my room movies with the boo after work,1,0,0.05804875720577466,0.9419512427942254,False,Positive,Negative,Uncoded
loll i was tryin' to stay up all night and failed at about midnight woke up at 5 for a bit then went back to sleep,1,0,0.07933797412870808,0.9206620258712919,False,Positive,Negative,Uncoded
loves not having uni work to do,1,0,0.032608129496575704,0.9673918705034243,False,Positive,Negative,Uncoded
what a good brother makes me almost miss my sister and brol,1,0,0.07844973282258881,0.9215502671774112,False,Positive,Negative,Uncoded
think he caught swine flu cant do test tmorow sorry school,1,0,0.016610750016201388,0.9833892499837986,False,Positive,Negative,Uncoded
a probably just wants a cuddle,1,0,0.09838720641539936,0.9016127935846007,False,Positive,Negative,Uncoded
takin dog 4 a walk nic ad really bad day nite due 2 infection tabs worked she is now sleepin,1,0,0.0564282227719354,0.9435717772280646,False,Positive,Negative,Uncoded
oh man xzander is being a jerk in the car were in az 54 to kingman,1,0,0.015684191483165053,0.984315808516835,False,Positive,Negative,Uncoded
thanks for noticing,0,1,0.9244880271813714,0.9244880271813714,False,Negative,Positive,Uncoded
think you may wait a while this morning for your smile if it's anything like it is here,0,1,0.9813998423402086,0.9813998423402086,False,Negative,Positive,Uncoded
aww poor eris i have more followers than you and i didnt even cheat,1,0,0.023937554703048987,0.976062445296951,False,Positive,Negative,Uncoded
is now back home by myself college tomorrow don't want to go back but oh well,1,0,0.015093790925684488,0.9849062090743155,False,Positive,Negative,Uncoded
banks want to return tarp money 61billion worth gee wonder if that came out of market in last 3 weeks and now we lose all momo,1,0,0.08086298562947303,0.919137014370527,False,Positive,Negative,Uncoded
i did and i did can't really miss it can you,1,0,0.0668485634561048,0.9331514365438952,False,Positive,Negative,Uncoded
goodnight,0,1,0.9824142543666886,0.9824142543666886,False,Negative,Positive,Uncoded
is finding it extremely difficult to do assignments when eagles are winning,1,0,0.070377845787622,0.929622154212378,False,Positive,Negative,Uncoded
i can't believe i made it through the day and i'm still not really that tired i miss you too lt 333 hurry back plz,1,0,0.06068602926399776,0.9393139707360022,False,Positive,Negative,Uncoded
was in a bad mood earlier but i feel better now me amp these damn mood sings smh,1,0,0.08101789058370959,0.9189821094162904,False,Positive,Negative,Uncoded
at home doin stuff finally got my interview blog posted wipes sweat from brow please read this one,0,1,0.9331170882624003,0.9331170882624003,False,Negative,Positive,Uncoded
don't get me wrong i love the m's but is nice to see my other fave team w out mlb live abll 4 great,0,1,0.9169291568322144,0.9169291568322144,False,Negative,Positive,Uncoded
not good enough,1,0,0.01591835375175483,0.9840816462482451,False,Positive,Negative,Uncoded
lol i had a photoshoot n harlem anything worth youtubing,0,1,0.9190330658561322,0.9190330658561322,False,Negative,Positive,Uncoded
aw i wish i hadn't missed that,1,0,0.01369051104428518,0.9863094889557148,False,Positive,Negative,Uncoded
yeah i know just sucked last night but i slept it off,1,0,0.08457203828003124,0.9154279617199688,False,Positive,Negative,Uncoded
again crap day crap life until tonight,1,0,0.08839290549588188,0.9116070945041181,False,Positive,Negative,Uncoded
awe i wish this was true,1,0,0.06989422227424123,0.9301057777257588,False,Positive,Negative,Uncoded
it was rather cold outside think i m gonna sit here for a while have to do biologi but it isn t fun,1,0,0.0873568460221762,0.9126431539778238,False,Positive,Negative,Uncoded
i spent too much time at the studio last night i had a dream about dance kinda weird kinda sad anyway morning,1,0,0.08458116408459981,0.9154188359154002,False,Positive,Negative,Uncoded
whew lucy's better we've all been spared so far now i'm off for pilates hot yoga then a bit of shopping clothing groceries,0,1,0.9468382282661325,0.9468382282661325,False,Negative,Positive,Uncoded
just broke my moms cigarette lighter phone charger thing in her car oopies,1,0,0.04546686169001148,0.9545331383099885,False,Positive,Negative,Uncoded
thanks for the excellent advanced notice again sigh,0,1,0.9314623988399757,0.9314623988399757,False,Negative,Positive,Uncoded
so the claritin didn't work allergies won round one but mom got me something else i thought was claritin d either wat it's working,1,0,0.027150020828418636,0.9728499791715813,False,Positive,Negative,Uncoded
is supposed to be writing her drama coursework but is failing miserably she blames lydia in a nice way,1,0,0.07859256132901551,0.9214074386709845,False,Positive,Negative,Uncoded
back safe amp sound in brisbane enjoyed cattlemen's hall of fame in longreach but glad to be back in civilisation ddn't see any roos,0,1,0.9137237888762593,0.9137237888762593,False,Negative,Positive,Uncoded
i should just scold them bo ji to ask for more nachos amp popcorn vouchers hahaha,0,1,0.9374484732718826,0.9374484732718826,False,Negative,Positive,Uncoded
no they aren't argh they were really good but they broke up don't know why want them back together again x,1,0,0.0017885530722680024,0.998211446927732,False,Positive,Negative,Uncoded
i know we've been yakking about it all weekend he's testing car brakes i guess doesn't want to take another chance,1,0,0.06438053066913862,0.9356194693308614,False,Positive,Negative,Uncoded
89c's stuck in my head,1,0,0.05604445118318711,0.9439555488168129,False,Positive,Negative,Uncoded
yes takes you away to a special place amp then beats your head in with a baseball bat,0,1,0.9525790570442325,0.9525790570442325,False,Negative,Positive,Uncoded
haha well way to make me feel good,0,1,0.9091361197138674,0.9091361197138674,False,Negative,Positive,Uncoded
aren't the fish already dead how is throwing dead fish cruel kinda like frozen turkey bowling is cruel to turkeys,1,0,0.0672566176805211,0.9327433823194788,False,Positive,Negative,Uncoded
oh too bad no more fun,1,0,0.03405872598997875,0.9659412740100213,False,Positive,Negative,Uncoded
mhmm my scientific method is not working as i expected ok improvisation again,1,0,0.07728884945585612,0.9227111505441439,False,Positive,Negative,Uncoded
the weather is horrible we need some sun,1,0,0.08906315878491647,0.9109368412150836,False,Positive,Negative,Uncoded
midwest horse fair was fantastic unfortunately won't be enjoying the last day someone hug a horse for me,1,0,0.04235347283964249,0.9576465271603575,False,Positive,Negative,Uncoded
i love it led zeppelin iii on cassette firstrecord childofthe80s,0,1,0.9108804126021661,0.9108804126021661,False,Negative,Positive,Uncoded
haha we have that too and music,0,1,0.9012259198484689,0.9012259198484689,False,Negative,Positive,Uncoded
keep going girly make sure ur shoes r tied right amp that you're landin nice amp solid not too much on ur toes my huby says,0,1,0.9545682261780722,0.9545682261780722,False,Negative,Positive,Uncoded
totally agree anytime this week besides friday exam is good otherwise at ancon,0,1,0.9441918191807852,0.9441918191807852,False,Negative,Positive,Uncoded
2 more lessions today then i finaly get to go home so tired and hungry but the lunch isnt until one hour still t t,1,0,0.026400718963643342,0.9735992810363566,False,Positive,Negative,Uncoded
are you laughing because you agree that's mean it's true,0,1,0.9000525714618373,0.9000525714618373,False,Negative,Positive,Uncoded
goood lucck with your careeer hope to see you dancingg somewhen xxxx,0,1,0.9901265243080684,0.9901265243080684,False,Negative,Positive,Uncoded
noooo school tomorrow havent miss it at all weell i'll just sitt there doing nothing while i'm listening to mcfly thats awesome,1,0,0.09739773317089685,0.9026022668291032,False,Positive,Negative,Uncoded
wish i could take a nap in a hammock jon cant we install one in our apartment,1,0,0.04087441276201503,0.9591255872379849,False,Positive,Negative,Uncoded
no haha but it is very sad i'll go see her soon anyways,1,0,0.04841085585786193,0.951589144142138,False,Positive,Negative,Uncoded
mornin' how r u cant open it quot can't get it outta my head miss her kiss her love her wron,1,0,0.0705953456167854,0.9294046543832146,False,Positive,Negative,Uncoded
7adda agree check ur dm,0,1,0.9028790000432447,0.9028790000432447,False,Negative,Positive,Uncoded
in bed tomorrow's my last weekend sigh school on monday,1,0,0.04636139556285965,0.9536386044371403,False,Positive,Negative,Uncoded
sooooooooo funerals suck tonight after m amp m's what are u doing i don't wanna stay home have o'brien nephews now,1,0,0.06603384843160626,0.9339661515683937,False,Positive,Negative,Uncoded
test tomorrow huh i have to work on sunday morning so i feel the pain d,1,0,0.04027181832822303,0.959728181671777,False,Positive,Negative,Uncoded
upside of working alone all day not having to deal with idiots all day,1,0,0.03165636618306882,0.9683436338169312,False,Positive,Negative,Uncoded
nothing to do,1,0,0.05603729880501065,0.9439627011949894,False,Positive,Negative,Uncoded
sad about ian leaving the cab but happy vaca is in 4 days cannot go by fast enough,1,0,0.02916899372479321,0.9708310062752068,False,Positive,Negative,Uncoded
not even in fact going to toronto is leaving me so broke that i think i will have to live on ramen noodles for a while,1,0,0.05180190835269952,0.9481980916473005,False,Positive,Negative,Uncoded
but our supt won't let us bring laptops to admin meetings anymore talking about when time moves very slowly,1,0,0.0696443245343469,0.9303556754656531,False,Positive,Negative,Uncoded
quot i love you too much to ever start liking you so don't expect me to be your friend quot,0,1,0.9145278867658208,0.9145278867658208,False,Negative,Positive,Uncoded
where in the world is leah coughenour haha,0,1,0.9134797561782497,0.9134797561782497,False,Negative,Positive,Uncoded
hoping for the best man,0,1,0.9071158610841532,0.9071158610841532,False,Negative,Positive,Uncoded
happy birthday to my baby max hating this drive already ugh why cant cs be closer to the valley,1,0,0.06524305691720055,0.9347569430827994,False,Positive,Negative,Uncoded
ooo pink margaritas very excited btw i am wearing my hair wavyish can't do anything with it,0,1,0.9540697733619826,0.9540697733619826,False,Negative,Positive,Uncoded
perfect revising weather not,1,0,0.07619847253453202,0.923801527465468,False,Positive,Negative,Uncoded
at work,1,0,0.05012979443807357,0.9498702055619265,False,Positive,Negative,Uncoded
you can't always be heading to a party,0,1,0.9581544022495981,0.9581544022495981,False,Negative,Positive,Uncoded
it's exciting though sounds like you had a blast,0,1,0.9392320180074684,0.9392320180074684,False,Negative,Positive,Uncoded
i have a headache,1,0,0.0025990856079629748,0.997400914392037,False,Positive,Negative,Uncoded
what to do am bored to death gosh,1,0,0.05022661821185133,0.9497733817881486,False,Positive,Negative,Uncoded
you disappearedddddddd lt 3,0,1,0.9879051756794256,0.9879051756794256,False,Negative,Positive,Uncoded
i feel like i wasted my life i just woke up,1,0,0.0782070830791093,0.9217929169208907,False,Positive,Negative,Uncoded
yess just tweet us a haha,0,1,0.9782106484090971,0.9782106484090971,False,Negative,Positive,Uncoded
dropped her iphone and the whole screens cracked but it still works no insurance tho error,1,0,0.0076639454963891435,0.9923360545036108,False,Positive,Negative,Uncoded
dont fall off the mountain i wont miss you,1,0,0.03942306685414308,0.9605769331458569,False,Positive,Negative,Uncoded
finally thank you for putting in some effort looks better than mine now,0,1,0.9626598329094633,0.9626598329094633,False,Negative,Positive,Uncoded
i no seems to be working today,1,0,0.040459031411347116,0.9595409685886529,False,Positive,Negative,Uncoded
lost another softball game last night but at least it didn't feeeeeel like we lost radio flyers still rock,1,0,0.05410201951450629,0.9458979804854937,False,Positive,Negative,Uncoded
lame pe needs to be forever lt 3 and then ugh no more pe together lt 3,1,0,0.057540233003631126,0.9424597669963689,False,Positive,Negative,Uncoded
true i just figured it would be easier if i got it the face frame amp she messed it up the lady tonight fixed it thanks goodness,0,1,0.9417616929390832,0.9417616929390832,False,Negative,Positive,Uncoded
i will not miss my coughing officemate while i'm on mat leave,1,0,0.002979745723678201,0.9970202542763218,False,Positive,Negative,Uncoded
yay for plants mine still haven't died here on the balcony,1,0,0.06321980735843567,0.9367801926415643,False,Positive,Negative,Uncoded
absolutely,0,1,0.910244380354578,0.910244380354578,False,Negative,Positive,Uncoded
i'll be seeing you at the end of august thats too long but i'm excited your going to do great woo take care sweetie xoxo,0,1,0.9699944063785912,0.9699944063785912,False,Negative,Positive,Uncoded
yes its so addictive tanya like my very own personal brand of heroin quote fm book see am useless,0,1,0.9549631388308544,0.9549631388308544,False,Negative,Positive,Uncoded
ok you win tonight im going to bed,0,1,0.9181515123500258,0.9181515123500258,False,Negative,Positive,Uncoded
i wish i could go out tonight but the hardest part is getting out of my bed which im really comfortable in,1,0,0.011440913765690923,0.9885590862343091,False,Positive,Negative,Uncoded
i am finally home from my night out it was fun fun amp bitter sweet everyone got home safe good night or shall i say good morning hehe,0,1,0.9877379332938186,0.9877379332938186,False,Negative,Positive,Uncoded
gino pietermaai rocked this place lmfao,0,1,0.9155687311213239,0.9155687311213239,False,Negative,Positive,Uncoded
should be doing homework damnn bye bye x,1,0,0.0614546123405937,0.9385453876594063,False,Positive,Negative,Uncoded
babe i cant wait cutie,0,1,0.9758695157093795,0.9758695157093795,False,Negative,Positive,Uncoded
i'm not in vegas but my hubby is there,1,0,0.06438607645092323,0.9356139235490768,False,Positive,Negative,Uncoded
lol,0,1,0.9848921840750716,0.9848921840750716,False,Negative,Positive,Uncoded
mcd's sweet tea is more sweet than tea,0,1,0.9129813793753009,0.9129813793753009,False,Negative,Positive,Uncoded
fresh blueberry pancakes 6 crispy maple bacon 5 fresh iced suntea 3 discovering ur kids don't like blueberry pancakes priceless,0,1,0.90047274977189,0.90047274977189,False,Negative,Positive,Uncoded
wish i could hold him tight,1,0,0.06492129575169622,0.9350787042483037,False,Positive,Negative,Uncoded
thanks well those squares are cute pics u can't see,0,1,0.9445295398386853,0.9445295398386853,False,Negative,Positive,Uncoded
i wish i could be that girl,1,0,0.05978400392178056,0.9402159960782195,False,Positive,Negative,Uncoded
apple sucks yet again,1,0,0.006555637699019515,0.9934443623009804,False,Positive,Negative,Uncoded
thats wussup now i feel like i can stay in the loop cuz ive been hella bz amp have missd sum shows yay not anymore,1,0,0.09562682716523958,0.9043731728347604,False,Positive,Negative,Uncoded
yeah daniel gets lonely no one ever calls him anymore jack's doing well with eating,1,0,0.09353896456528392,0.9064610354347161,False,Positive,Negative,Uncoded
i'm so tired but i can't sleep ugh gettin' 2 silly i need 2 stop,1,0,0.0045956274090386846,0.9954043725909613,False,Positive,Negative,Uncoded
damn pigeons i have a friend who found many different ways to get rid of them he can even make it look like an accident,1,0,0.08287897610627395,0.9171210238937261,False,Positive,Negative,Uncoded
which one was lauren again i didn't notice a character missing,1,0,0.049868148652636335,0.9501318513473637,False,Positive,Negative,Uncoded
i miss you alreaddddyyy goodnight twitterlaaand,1,0,0.0989816574083783,0.9010183425916217,False,Positive,Negative,Uncoded
taking mr burgess home oooww will see him tomorrow haha xd,0,1,0.921015277544732,0.921015277544732,False,Negative,Positive,Uncoded
no i'm in san francisco where you should be but next time i'm out there i'll take you up on that congrats on the new home,0,1,0.9033301271843859,0.9033301271843859,False,Negative,Positive,Uncoded
i want,1,0,0.0014473894330380317,0.998552610566962,False,Positive,Negative,Uncoded
wtf u cnt go to ss want a tshirt lol i bought tix but i dnt no if im allowed 2 go now there was an incident,1,0,0.041349811964932655,0.9586501880350673,False,Positive,Negative,Uncoded
i need you,1,0,0.056149978509333176,0.9438500214906669,False,Positive,Negative,Uncoded
wedding not weddings sigh,1,0,0.03664227869893942,0.9633577213010606,False,Positive,Negative,Uncoded
welcome to my world,0,1,0.9410373657150475,0.9410373657150475,False,Negative,Positive,Uncoded
bells smiles heeyyyy i am good how are you what are you doing i miss you,0,1,0.9167118016401034,0.9167118016401034,False,Negative,Positive,Uncoded
msn isn't working it makes me sad now my phone and msn are broke but my phone should be fixed by the end of this week ilmfsfmiu,1,0,0.001527283049260642,0.9984727169507394,False,Positive,Negative,Uncoded
soo cute so true but may be is to latee even when you are in love with the person,0,1,0.9465989167871272,0.9465989167871272,False,Negative,Positive,Uncoded
lucky you still cant find the time to do that,1,0,0.032554534924991343,0.9674454650750086,False,Positive,Negative,Uncoded
loving az land it's so hot had to leave cali to get some sun not looking forward to going back to the cloudy mist only to,1,0,0.01475403175113725,0.9852459682488628,False,Positive,Negative,Uncoded
watching state of origin go queensland,0,1,0.9113427571904719,0.9113427571904719,False,Negative,Positive,Uncoded
josh had a cold too with runny nose not sheys fault,1,0,0.05672358733767371,0.9432764126623263,False,Positive,Negative,Uncoded
ooh you're offline i tell u later,0,1,0.9089905890110925,0.9089905890110925,False,Negative,Positive,Uncoded
congrats can't wait to get my copy finally got my rwh copy all wet cos of the postman,0,1,0.9397226770875715,0.9397226770875715,False,Negative,Positive,Uncoded
rachel low key i know what you're talking about i love that movie,0,1,0.9177261477048677,0.9177261477048677,False,Negative,Positive,Uncoded
i miss my soffff amp simooon,1,0,0.00011005339475335064,0.9998899466052467,False,Positive,Negative,Uncoded
the sad thing is it's true,1,0,0.013980670526441242,0.9860193294735587,False,Positive,Negative,Uncoded
welcome to twitter i am an addict,0,1,0.9005145134143528,0.9005145134143528,False,Negative,Positive,Uncoded
breakfast with ty lunch with cort dinner at the dill one more day,0,1,0.9578021466115775,0.9578021466115775,False,Negative,Positive,Uncoded
back to life after such a wasted weekend not a weekend which was wasted,1,0,0.08129009758393332,0.9187099024160666,False,Positive,Negative,Uncoded
sorry,1,0,0.00028974556871590455,0.9997102544312841,False,Positive,Negative,Uncoded
so sorry my phone died but yes i went,1,0,0.009975508073464345,0.9900244919265356,False,Positive,Negative,Uncoded
sweaty bed wonderful,0,1,0.9290200472071571,0.9290200472071571,False,Negative,Positive,Uncoded
bye bye cyberspace gotta go need to be up early tomorrow where art thou people i miss you,1,0,0.013897211512436855,0.9861027884875632,False,Positive,Negative,Uncoded
u meany it didnt suck u just need to be in the back to enjoy it,1,0,0.050515759673796234,0.9494842403262038,False,Positive,Negative,Uncoded
i agree but we all have quot that one bad day quot that blows out of proportion amp wish we hadn't healing is starting fresh,1,0,0.0699826224437202,0.9300173775562798,False,Positive,Negative,Uncoded
ohhh freya no i didn't sorry been sooo busy but back to normal now email me again,1,0,0.08550906117408502,0.914490938825915,False,Positive,Negative,Uncoded
ahh my ears are randomly ringing go away go away go aw ok it stopped,1,0,0.06557969001676497,0.934420309983235,False,Positive,Negative,Uncoded
thank u i realize that now,0,1,0.9457038627488934,0.9457038627488934,False,Negative,Positive,Uncoded
grinding skyguard rep this is less awful than i anticipated yet still awful last tabard i need,1,0,0.009981466896044011,0.9900185331039559,False,Positive,Negative,Uncoded
hi ben just a friendly shout out your web site is not running now and when you have it up again let me know thank you sir,0,1,0.9307829842307566,0.9307829842307566,False,Negative,Positive,Uncoded
finally home to la mouth hurts but its almost over,1,0,0.09607503485834919,0.9039249651416508,False,Positive,Negative,Uncoded
think i'll go leave flowers at lebron's house it's only 15 minutues away poor lebron had to do all the work himself,1,0,0.06384099854899976,0.9361590014510003,False,Positive,Negative,Uncoded
has nothing to do today,1,0,0.09697609539443712,0.9030239046055629,False,Positive,Negative,Uncoded
i don't know,1,0,0.05840846761959436,0.9415915323804056,False,Positive,Negative,Uncoded
mished you,0,1,0.9968691219023424,0.9968691219023424,False,Negative,Positive,Uncoded
why would you install vista vista's gross install 7,1,0,0.06350687819551068,0.9364931218044893,False,Positive,Negative,Uncoded
that quot love quot is what makes religious demagogues frightening they'll make you suffer because it's your soul that's important,0,1,0.9206775953731109,0.9206775953731109,False,Negative,Positive,Uncoded
have any of u seen a furious latina trust me u'll never want 2 hit the wrong buttons humanrights baby defender fight activism,1,0,0.07981732753869578,0.9201826724613043,False,Positive,Negative,Uncoded
i'm going to kill the person who should have went down to manchester for me only kidding don't want the police on my door,1,0,0.04214081687596745,0.9578591831240325,False,Positive,Negative,Uncoded
surely if the tooth fairy can find a tooth under a pillow she could find one in the bin that's what i told my kids,1,0,0.09267707178943674,0.9073229282105633,False,Positive,Negative,Uncoded
trying to learn more songs on the guitar determined to get love story sorted just a bit tricky,0,1,0.9214302873935527,0.9214302873935527,False,Negative,Positive,Uncoded
there is they don't have apis though,1,0,0.042091000723355115,0.9579089992766449,False,Positive,Negative,Uncoded
i really wanna go see a moviee if only my bffs would wake up,1,0,0.09342888240389001,0.90657111759611,False,Positive,Negative,Uncoded
that was the plan but no luck so pretty,1,0,0.08079526807180451,0.9192047319281955,False,Positive,Negative,Uncoded
hey how are you doing are you checking your twitter at all,0,1,0.9651740366586619,0.9651740366586619,False,Negative,Positive,Uncoded
cuttin some hair today hate i'm missin the car show at church but i gotta pay the bills too heading to church after work,1,0,0.0372254843656792,0.9627745156343208,False,Positive,Negative,Uncoded
its a new day,0,1,0.9108616969873171,0.9108616969873171,False,Negative,Positive,Uncoded
and with that i'm off to bed to listen to some chill out sounds and regroup for more joomla junk on a stick tomorrow,0,1,0.9133620642992539,0.9133620642992539,False,Negative,Positive,Uncoded
and i will miss u,1,0,0.009749974530588873,0.9902500254694111,False,Positive,Negative,Uncoded
good morning tweeps cellphone 's lcd blanked out,0,1,0.9405959966627904,0.9405959966627904,False,Negative,Positive,Uncoded
glad to find you on twitter not glad to learn you're a ct sun fan,0,1,0.9557356283261236,0.9557356283261236,False,Negative,Positive,Uncoded
blahh work til 2 30 i hate waking up at 3am that makes for a long day but hopefully tacobell later today yumo,1,0,0.060161037020236355,0.9398389629797637,False,Positive,Negative,Uncoded
why am i not shocked,1,0,0.008901615399310758,0.9910983846006892,False,Positive,Negative,Uncoded
you must do it with some courses with my love ee,0,1,0.9597967404612524,0.9597967404612524,False,Negative,Positive,Uncoded
i do sniff,1,0,0.0458810940014459,0.9541189059985541,False,Positive,Negative,Uncoded
omega is tomorrow haven't really planned anything for it make sure to come if you can it'll be awesome then move in june 1st,0,1,0.9363145922553017,0.9363145922553017,False,Negative,Positive,Uncoded
i dont feel good too i love you miley smile always your amazing you totally deserved to win i voted for you obviously lt 3,0,1,0.9842297372289913,0.9842297372289913,False,Negative,Positive,Uncoded
working sucks its so nice out id rather be in the sunshine,1,0,0.0546534096286224,0.9453465903713776,False,Positive,Negative,Uncoded
cried in school just now cos of math results hate crying in public got 1st in class for english though,1,0,0.006013561636251918,0.9939864383637481,False,Positive,Negative,Uncoded
just about the cavs losing nothing real life,1,0,0.04182812658145637,0.9581718734185436,False,Positive,Negative,Uncoded
i hate school right now only 6 and a half days left though,1,0,0.09001346628126974,0.9099865337187303,False,Positive,Negative,Uncoded
is a a good idea to wash my hair now and remember i'm asthmatic,0,1,0.905263194600411,0.905263194600411,False,Negative,Positive,Uncoded
still can't believe i saw pcd yesterday,1,0,0.07068069849684296,0.929319301503157,False,Positive,Negative,Uncoded
only on the weekends though,1,0,0.07525139757975323,0.9247486024202468,False,Positive,Negative,Uncoded
thanks and be good as well haha actually twitter is kinda havin sum probs this aftrnoon i got dsconnectd,0,1,0.9633231078302396,0.9633231078302396,False,Negative,Positive,Uncoded
fully pumped the only disappointment i have is that my hair isn't as dark as i wanted oh well still fully pumped,1,0,0.042336376647863126,0.9576636233521368,False,Positive,Negative,Uncoded
did you see that post about pixar screening up for the little girl so sweet,0,1,0.9271011613007957,0.9271011613007957,False,Negative,Positive,Uncoded
you put that into words perfectly i am the same way so glad someone else in the world uses ai i'm still learning flash,0,1,0.9235266598480294,0.9235266598480294,False,Negative,Positive,Uncoded
why doesn't that surprise me now i really want to read a maureen johnson book but i don't have time,1,0,0.0668172348165908,0.9331827651834093,False,Positive,Negative,Uncoded
it's raining tonight but it's so hot uurggh hate global warming safe the world xoxo,1,0,0.024689319702209344,0.9753106802977907,False,Positive,Negative,Uncoded
sun's pull's lying me down again imposing sleep a battle i won't win,1,0,0.0827290303749426,0.9172709696250574,False,Positive,Negative,Uncoded
quot my only question is why did i not go full ftame sooner quot the price that's my excuse,1,0,0.07750944263534339,0.9224905573646566,False,Positive,Negative,Uncoded
had a great night can't seem to fall asleep though,1,0,0.09320925617329975,0.9067907438267002,False,Positive,Negative,Uncoded
i made it over the bumps main problem was i tried to eat that melted choccy bad move was covered in it,1,0,0.06752521837718306,0.9324747816228169,False,Positive,Negative,Uncoded
i hate chris never joke about locking my keys in my car,1,0,0.03696949332771805,0.963030506672282,False,Positive,Negative,Uncoded
sorry ive been gone so long not like anyone cares gotta go workout,1,0,0.05594606656689285,0.9440539334331072,False,Positive,Negative,Uncoded
exam weather,1,0,0.04343762297915243,0.9565623770208476,False,Positive,Negative,Uncoded
my dad lives out there ima go work at his body shop prolly miss workin wit cars,1,0,0.058592825923499715,0.9414071740765003,False,Positive,Negative,Uncoded
and i don't lol good to see you on here again x,0,1,0.9406449207373468,0.9406449207373468,False,Negative,Positive,Uncoded
i dont think ab had a choise but to not accept it,1,0,0.08015534387586756,0.9198446561241325,False,Positive,Negative,Uncoded
miss you too hunny,1,0,0.09248532668455517,0.9075146733154449,False,Positive,Negative,Uncoded
photoshop amp liquify rofl,0,1,0.9409335675631965,0.9409335675631965,False,Negative,Positive,Uncoded
don't think i'm gonna make it tonight maybe next month,1,0,0.09418486940886339,0.9058151305911366,False,Positive,Negative,Uncoded
my tanned booty cutie,0,1,0.9375680764709552,0.9375680764709552,False,Negative,Positive,Uncoded
happy monday,0,1,0.9859664870355982,0.9859664870355982,False,Negative,Positive,Uncoded
love yourself,0,1,0.970411370443345,0.970411370443345,False,Negative,Positive,Uncoded
it's just boo shart what are you scared that you messed your pants i don't get it,1,0,0.07405178975820348,0.9259482102417965,False,Positive,Negative,Uncoded
i've said goodbye to my boyfriend missing him so much already well next week i'm back,1,0,0.01845220399777067,0.9815477960022293,False,Positive,Negative,Uncoded
work,1,0,0.00802145212752869,0.9919785478724713,False,Positive,Negative,Uncoded
i'm bummed the weekend is over i was getting so much done none of it stuff that i actually needed to do but stuff got done,1,0,0.017344848647938498,0.9826551513520615,False,Positive,Negative,Uncoded
lunch ooohh man my legs still kill amp i have back ache damn you alton towers haha too big to walk around,1,0,0.057597305704418435,0.9424026942955815,False,Positive,Negative,Uncoded
i'm glad that there were no serious injuries from the fall i fell on the stairs friday and thought i broke my toe but didn't,1,0,0.007577719351465444,0.9924222806485345,False,Positive,Negative,Uncoded
i just really dnt wanna have to change it i think i can block numbers though,1,0,0.026355108490422812,0.9736448915095772,False,Positive,Negative,Uncoded
just kidding joey's watching stuart little,0,1,0.9378124986046256,0.9378124986046256,False,Negative,Positive,Uncoded
morning all it's monday sigh trying to have a positive outlook on the day but it's being difficult already,1,0,0.09029947752256376,0.9097005224774363,False,Positive,Negative,Uncoded
thanks for wishing jupiter well sounds like you got out quite a bit cheaper than i will,0,1,0.9262558048224484,0.9262558048224484,False,Negative,Positive,Uncoded
okay just let me know when you want to do it,0,1,0.9613012240132471,0.9613012240132471,False,Negative,Positive,Uncoded
hey walk in the mountains sounds awesome i have already earned my salary today amp there's plenty more to do still,0,1,0.9367248997768707,0.9367248997768707,False,Negative,Positive,Uncoded
please don't burn to death,1,0,0.0781783829593481,0.9218216170406519,False,Positive,Negative,Uncoded
yeah dude i'm totally down im going to miss yeh when you're gone spreading your work in la like a plague no homo,1,0,0.056377503850569555,0.9436224961494304,False,Positive,Negative,Uncoded
well good morning everyone,0,1,0.9795896381756529,0.9795896381756529,False,Negative,Positive,Uncoded
that's pretty much all i had to ask any further questions will be emailed though i just don't want my pieces breaking,1,0,0.08590760721567996,0.9140923927843201,False,Positive,Negative,Uncoded
goin to bed it appears to have stopped raining cats and dogs i wanna dog english bulldog,1,0,0.07728552979905082,0.9227144702009492,False,Positive,Negative,Uncoded
lovely day outside awesome weather and perfect for sitting around in in the garden but i'll be in the library yay,0,1,0.9428112844608224,0.9428112844608224,False,Negative,Positive,Uncoded
why is everyone mad at la hahahaha,1,0,0.0994583767877754,0.9005416232122246,False,Positive,Negative,Uncoded
didn't have any nightmares,1,0,0.007915081050757436,0.9920849189492426,False,Positive,Negative,Uncoded
its raining love the rain want to soak under the rain afraid to get sick still the rain is nice,1,0,0.07643482783831564,0.9235651721616843,False,Positive,Negative,Uncoded
awh cuz i kno im wasting my time but i dont mind,1,0,0.09249916371662653,0.9075008362833734,False,Positive,Negative,Uncoded
i knew it one day i will invent something imperveous to springers aha a brick do yours go for the squeakers,0,1,0.9122847869480962,0.9122847869480962,False,Negative,Positive,Uncoded
sheeesh school tomorrow not looking forward to it another eight or so weeks until summer holidays six weeks for me leaving early,1,0,0.05049658244210427,0.9495034175578957,False,Positive,Negative,Uncoded
a somebody unfollowed me they must dont like ma signin slits wrist vertically idgaf continuesss,1,0,0.050378932922005994,0.949621067077994,False,Positive,Negative,Uncoded
mmm dinner wild fennel crusted rock cod nettle soup asparagus pine nut parmesan salad and i cooked a caterpillar,0,1,0.9047389869118263,0.9047389869118263,False,Negative,Positive,Uncoded
it's raining why now i wanted this at school,1,0,0.022319673125856743,0.9776803268741433,False,Positive,Negative,Uncoded
ouchies i had blood test today didn't cry though,1,0,0.01523640360624388,0.9847635963937561,False,Positive,Negative,Uncoded
at last night,0,1,0.9377617296803378,0.9377617296803378,False,Negative,Positive,Uncoded
wish i was ther,1,0,0.005674443025375399,0.9943255569746245,False,Positive,Negative,Uncoded
sigh fine but i cant promise shes gonna wanna come back to you when im finished with her,1,0,0.08012876990186679,0.9198712300981332,False,Positive,Negative,Uncoded
just realized the last fm servers were broke and not my scrobbling program,1,0,0.024731926510132084,0.9752680734898679,False,Positive,Negative,Uncoded
i dont know where your at but its raining where im at,1,0,0.049975193280389435,0.9500248067196105,False,Positive,Negative,Uncoded
jen you rock i love you reply please,0,1,0.9309534238504499,0.9309534238504499,False,Negative,Positive,Uncoded
shipwrecked and finishing off my textiles coursework that has to be in on friday but im not going to be in school im going to see mcfly,1,0,0.0778848924763973,0.9221151075236027,False,Positive,Negative,Uncoded
follow me,0,1,0.9221327964807964,0.9221327964807964,False,Negative,Positive,Uncoded
i'll keep my fingers crossed,0,1,0.9204818188532492,0.9204818188532492,False,Negative,Positive,Uncoded
yeah pretty sad isn't it all been wipe out in only a year of global recession japan's automotive's pretty promising though,1,0,0.08840806628224582,0.9115919337177542,False,Positive,Negative,Uncoded
friday the 12th woot i'll be 25,0,1,0.9059614237574521,0.9059614237574521,False,Negative,Positive,Uncoded
parcel force check prem info getting there caag almost done webby doing well application submitted hoorah,0,1,0.9306770461135793,0.9306770461135793,False,Negative,Positive,Uncoded
not goin to work so i'm goin back to sleep instead,1,0,0.09247456143651457,0.9075254385634854,False,Positive,Negative,Uncoded
not enough hours in a day grr bed now up 5am so soon w e this crazyness will be over soon,1,0,0.06199339378639916,0.9380066062136009,False,Positive,Negative,Uncoded
it's so boring i wanna se pcd,1,0,0.04319021473189835,0.9568097852681017,False,Positive,Negative,Uncoded
it appears to be a quiet weekend for me virtually no phone mail or text peaceful but a bit lonely,1,0,0.04096353258270068,0.9590364674172993,False,Positive,Negative,Uncoded
dark clouds rain where i don't see them unless i am just numb to it lol,1,0,0.06834242264692506,0.931657577353075,False,Positive,Negative,Uncoded
hey tweets it another beautiful morning can't wait to see what today holds for me no date tonight with my hubby yaya has a migraine,0,1,0.9011158179938341,0.9011158179938341,False,Negative,Positive,Uncoded
btw i'm currenty listening to ashley tisdale's new album it sounds so edited but good tunes though,0,1,0.9376398070632878,0.9376398070632878,False,Negative,Positive,Uncoded
starting to hate work,1,0,0.033833036558629535,0.9661669634413704,False,Positive,Negative,Uncoded
hahahaha nooo i can't i've gotta get a hundred haha no i'm kiddin' i need 55 out of 100 in the test to pass,1,0,0.09603282936700722,0.9039671706329928,False,Positive,Negative,Uncoded
getting ready for work i can barely move but i gotta work because i love my job,1,0,0.09066358565248792,0.9093364143475121,False,Positive,Negative,Uncoded
thanks herb butter does amazing things to grilled fish the coldframe lettuce started to turn bitter after one warm day,0,1,0.9088900094979999,0.9088900094979999,False,Negative,Positive,Uncoded
err mince for dinner great,0,1,0.9295498610439472,0.9295498610439472,False,Negative,Positive,Uncoded
your computers shit i thought mine was bad,1,0,0.08173453933820554,0.9182654606617945,False,Positive,Negative,Uncoded
i'm glad you still enjoy getting my tweets i'm going to be heading out in like 5 minutes,0,1,0.949365772046494,0.949365772046494,False,Negative,Positive,Uncoded
oh yes if you want,0,1,0.9760828831936527,0.9760828831936527,False,Negative,Positive,Uncoded
bret should feel bad,1,0,0.06102092896582763,0.9389790710341723,False,Positive,Negative,Uncoded
busy day at work today everyone is either sick or on holidays tired now time for a much needed coffee dog needs one too snoring bad,1,0,0.04282362958504719,0.9571763704149528,False,Positive,Negative,Uncoded
wow i feel dumb was waiting to hear from but my phone was on silent agh sorry amigos im goin to bed but we must talk tomorrow,1,0,0.06031849754838613,0.9396815024516139,False,Positive,Negative,Uncoded
i spend my paychecks on jello baths and ostrich rides i'm living a lifestyle beyond my means ahem i'm up watching some anime you,0,1,0.9124327900255077,0.9124327900255077,False,Negative,Positive,Uncoded
i missed ya but i was tired,1,0,0.0895760477812998,0.9104239522187002,False,Positive,Negative,Uncoded
love akon and love u ur updates always make me laugh or think usually both what time u on at glasto prodigy same time,0,1,0.9490362137847456,0.9490362137847456,False,Negative,Positive,Uncoded
finished my tcc thanks love thanks mum thanks sis,0,1,0.980449802784704,0.980449802784704,False,Negative,Positive,Uncoded
back to work on xtube camz,1,0,0.06406346323325572,0.9359365367667443,False,Positive,Negative,Uncoded
what will i do when i go home lightening strike fried our comcast line so no tv internet or phone guess its 'breaking dawn' tonight,1,0,0.05957829788188431,0.9404217021181157,False,Positive,Negative,Uncoded
rofl mine just lashes out it's like quot yeah im happy quot then starts hissing is your's male or female,0,1,0.9356197214590356,0.9356197214590356,False,Negative,Positive,Uncoded
i love you girls lt 3 you're my family team nika 08 09,0,1,0.916151004089925,0.916151004089925,False,Negative,Positive,Uncoded
is playing wow at claire's and is very hungry so gonna make claire make me some food xd hehehe lt 3 xox,0,1,0.9231903217377333,0.9231903217377333,False,Negative,Positive,Uncoded
she's okay they thought her neck was broken and she was immobilized but then they gave her muscle relaxants and,1,0,0.04500790633030728,0.9549920936696927,False,Positive,Negative,Uncoded
thanks for the re tweets shar appreciate you spreading the word hope all is well with mrs d i miss hearing from her,0,1,0.9460759739235263,0.9460759739235263,False,Negative,Positive,Uncoded
i wish i had a retainer so i could talk like a weirdo,1,0,0.08163458117406588,0.9183654188259341,False,Positive,Negative,Uncoded
wonder what happened to chigs he was asking what time udd is ed naman is in another gig i think howell i miss you zobeluli,1,0,0.03410085816024182,0.9658991418397582,False,Positive,Negative,Uncoded
no city,1,0,0.04778050160627274,0.9522194983937272,False,Positive,Negative,Uncoded
i wish i could be there,1,0,0.010415944333222928,0.9895840556667771,False,Positive,Negative,Uncoded
is ill my stomach hurts so does my head and my throat and its only 6 days till my birthday i hope i get better soon,1,0,0.03223553096494302,0.967764469035057,False,Positive,Negative,Uncoded
pretty bummed that it had to rain last nite oh well still had fun goldfish is highly overrated,1,0,0.04490339267832346,0.9550966073216766,False,Positive,Negative,Uncoded
i'm also bummed that lakers won today but i want them to go up against cavs now so lebron can't whoop kobe's boooooootay hard haha,1,0,0.068279308241019,0.931720691758981,False,Positive,Negative,Uncoded
i unno but for our one year anniversary be ready cause wow baby you don't know what's coming to you hehehe,0,1,0.9147268568612837,0.9147268568612837,False,Negative,Positive,Uncoded
why do i have to have fraking drug tests when i'm not on drugs hardly and have passed them all for 18 months aaarrrggghhh,1,0,0.0614366637584519,0.9385633362415481,False,Positive,Negative,Uncoded
dont tell me youre gonna stalk on me oh no,1,0,0.07241184138547621,0.9275881586145238,False,Positive,Negative,Uncoded
i need to clean my phone it's starting to resemble the ipod touches in the store,1,0,0.07045020561588308,0.9295497943841169,False,Positive,Negative,Uncoded
uuupp so tired chemistry exam tomorrow poo,1,0,0.004558713704384436,0.9954412862956156,False,Positive,Negative,Uncoded
no,1,0,0.0008430049894551118,0.9991569950105449,False,Positive,Negative,Uncoded
no pretending anymore,1,0,0.022043364539556395,0.9779566354604436,False,Positive,Negative,Uncoded
wishing,1,0,0.009729738817246572,0.9902702611827534,False,Positive,Negative,Uncoded
awww angel imysm more i really wanna talk to you but i cant umm read my blog okay ilysm lt 3,1,0,0.08348506351123088,0.9165149364887691,False,Positive,Negative,Uncoded
ooc mobile won't let me do the face why mobile why,1,0,0.013552401146214444,0.9864475988537855,False,Positive,Negative,Uncoded
my poor mom is in the er this morning my bro graduates today amp still packing his dorm amp i'm ill,1,0,0.02152767586552678,0.9784723241344733,False,Positive,Negative,Uncoded
have to get my other two wisdom teeth out very soon gah although it does mean having the green whistle,1,0,0.047696239383510274,0.9523037606164897,False,Positive,Negative,Uncoded
hee hee we got rid of them to make way for another table but the table's cool,0,1,0.9181758283670123,0.9181758283670123,False,Negative,Positive,Uncoded
i can't but if you like it you can see it with me again next week yay x,0,1,0.9135058226679966,0.9135058226679966,False,Negative,Positive,Uncoded
f k the bnp f k the bnp f k the bnp i don't swear i'm good but there you go repeated more or less,1,0,0.09794205028099717,0.9020579497190029,False,Positive,Negative,Uncoded
i will i hope i can i will literally cry if i cant,1,0,0.061143212220965706,0.9388567877790343,False,Positive,Negative,Uncoded
thanks for waiting,0,1,0.93885939625761,0.93885939625761,False,Negative,Positive,Uncoded
lol i srsly think they only have like very very few mr bump my friend couldnt find it tht day too good luck finding it,1,0,0.025601011512809642,0.9743989884871903,False,Positive,Negative,Uncoded
i don't want to go to bed i want to do something fun,1,0,0.08760696191357091,0.9123930380864291,False,Positive,Negative,Uncoded
haha thank god you're calmer aaaww it's over congrats for the amazing job you did we love you even more now ha xxx,0,1,0.9872790058988989,0.9872790058988989,False,Negative,Positive,Uncoded
home in the uk thanks to our hosts and the tcf and 501st we met zxxxx,0,1,0.9300261303082415,0.9300261303082415,False,Negative,Positive,Uncoded
dry packs because e the chlorine and i'm getting hungry suck in traffic,1,0,0.029623680334630087,0.9703763196653699,False,Positive,Negative,Uncoded
uhohh hope youu have a safe flight lt 3,0,1,0.9388076915057878,0.9388076915057878,False,Negative,Positive,Uncoded
i hate it when people tell me what they think i want to hear ugh i always want the truth,1,0,0.06269410802002631,0.9373058919799737,False,Positive,Negative,Uncoded
i've been there my lab liked to eat drywall poor puppy has to learn somehow,1,0,0.0357726559806877,0.9642273440193123,False,Positive,Negative,Uncoded
my lil' girl c insists on watching quot the sad dog movie old yapper quot,1,0,0.07186292852838591,0.9281370714716141,False,Positive,Negative,Uncoded
yes i tried to write about things around me but i'm dissatisfied due to the need of dictionary,1,0,0.09787336778944562,0.9021266322105543,False,Positive,Negative,Uncoded
happy yes motoring no i'm just waiting,0,1,0.9166877536715143,0.9166877536715143,False,Negative,Positive,Uncoded
haha my brothers lost his ipod touch shame,1,0,0.043721161969539526,0.9562788380304604,False,Positive,Negative,Uncoded
sometimes i miss the single life then i come home and jump in bed and realize what i was missing when i was single,1,0,0.04855322413685427,0.9514467758631457,False,Positive,Negative,Uncoded
hate strongly dislike despair misery,1,0,0.024063495861033558,0.9759365041389665,False,Positive,Negative,Uncoded
yay moods water,0,1,0.9060966161560746,0.9060966161560746,False,Negative,Positive,Uncoded
man i wish i were able to sleep in i always wake up early gah i'm gonna try ily,1,0,0.09606730439642353,0.9039326956035765,False,Positive,Negative,Uncoded
because im keeping you up i sowwie thanks for listening,0,1,0.9066210794628796,0.9066210794628796,False,Negative,Positive,Uncoded
hard to believe you love the rain lol that's a shame the torchwood video didn't work maybe you can find it elsewhere,1,0,0.09126780842246306,0.9087321915775369,False,Positive,Negative,Uncoded
lt cannnot sing thank you for showing me this guitar hero,0,1,0.9316663714001061,0.9316663714001061,False,Negative,Positive,Uncoded
feeling absolutely knckd cn hrdly keep my eyes opn d and still nt feeling 100 hate being ill in college rite nw try and get wrk done,1,0,0.02128754340097285,0.9787124565990272,False,Positive,Negative,Uncoded
solves the problem of me remembering where the heck i put my cable to connect to the watch in the old model,1,0,0.0819197787624148,0.9180802212375851,False,Positive,Negative,Uncoded
what's twitter oh this is twitter yea my poor little birdie no here comes the fail whale,1,0,0.06841933271754339,0.9315806672824566,False,Positive,Negative,Uncoded
farrah was a beauty hello nice to 'meet' ya you're too kind ty,0,1,0.9880812966543205,0.9880812966543205,False,Negative,Positive,Uncoded
i'm glad your happy my phone has been getting texts off the hook about the lakers so not a kobe fan go magic lol,0,1,0.9092352020814036,0.9092352020814036,False,Negative,Positive,Uncoded
ahaha lol did you really go to manila temple reply please,0,1,0.9131319304533724,0.9131319304533724,False,Negative,Positive,Uncoded
almost hit a dear a moment ago i'll miss princeton,1,0,0.08715045229182453,0.9128495477081755,False,Positive,Negative,Uncoded
quot i'm a stitch away from making it and a scar away from falling apart quot i fell asleep with my headphones in again,1,0,0.09338509103393891,0.9066149089660611,False,Positive,Negative,Uncoded
logan is a church camp i am working late and dreading august it was hot today but always colder than,1,0,0.06906591891049006,0.9309340810895099,False,Positive,Negative,Uncoded
i'm here bb but dunno where is i miss him tweet talking me,1,0,0.01768172136990739,0.9823182786300926,False,Positive,Negative,Uncoded
i know i hate having to clean the blender after each use this way i have a cup for each weekday for work,1,0,0.0763255641600496,0.9236744358399505,False,Positive,Negative,Uncoded
i have a sunburn line on my back from the tag sticking out of my tank top all day ugh i need aloe vera went to the park again,1,0,0.047049061087353,0.952950938912647,False,Positive,Negative,Uncoded
excellent i just booked a session a bit gutted that you're not doing reflexlogy anymore though whyyyy,1,0,0.0787567938461749,0.9212432061538252,False,Positive,Negative,Uncoded
fur fail,1,0,0.03767924753231085,0.9623207524676891,False,Positive,Negative,Uncoded
sigh off 2 bed 2 try 2 get these crummy 2 hrs of sleep b4 my horrid 12 hour day smh niterzzz evry1 don't let the twitterbugz bite,1,0,0.02629571008154785,0.9737042899184521,False,Positive,Negative,Uncoded
its raining,1,0,0.025303683274076616,0.9746963167259234,False,Positive,Negative,Uncoded
gorgeous take good care of herrrr waaaaaay i love barbie she looks super hot i'm in love,0,1,0.9066698212829829,0.9066698212829829,False,Negative,Positive,Uncoded
ooh that's very true,0,1,0.9489270643574441,0.9489270643574441,False,Negative,Positive,Uncoded
i'm in sat math class omgee this is soooo boring i wanna sleep uhg i'm singing usher in my head,1,0,0.05882014691977412,0.9411798530802259,False,Positive,Negative,Uncoded
im putting together a cd of mcees reciting classic poems by writers like gwen brooks etheridge knight many others,0,1,0.9317268945340895,0.9317268945340895,False,Negative,Positive,Uncoded
rawr lol,0,1,0.9200711477229868,0.9200711477229868,False,Negative,Positive,Uncoded
anything i can help with prob not but nice to ask lol x,0,1,0.9478162519537794,0.9478162519537794,False,Negative,Positive,Uncoded
damn i have to go i miss u alot but ddub has my in his lab inbox u should def call ur voyeur girl i wont tell shhh,1,0,0.04775819162872354,0.9522418083712765,False,Positive,Negative,Uncoded
to all my twitter friends i hate nicole but also hate her butt confused now no no,1,0,0.07703992141573804,0.922960078584262,False,Positive,Negative,Uncoded
oh no i have for posts written and scheduled to go out i'm just not publishing tonight,1,0,0.04459035965953903,0.9554096403404609,False,Positive,Negative,Uncoded
jealous of the drive in however i canoed,1,0,0.07055465671491915,0.9294453432850809,False,Positive,Negative,Uncoded
dang today's kicking so much ass already,1,0,0.07110470118466027,0.9288952988153397,False,Positive,Negative,Uncoded
r u excited to see your grandpa,0,1,0.9510041302602212,0.9510041302602212,False,Negative,Positive,Uncoded
oh man let me know when you have some free time after you come back lt 3 i'll go over and help with anything,0,1,0.9081101299733992,0.9081101299733992,False,Negative,Positive,Uncoded
ooh so cute god bless you nicole love you so much and i hope see you here in brazil we need you xoxox,0,1,0.9007456451548371,0.9007456451548371,False,Negative,Positive,Uncoded
ouuu new boy hey i'm good when did you write your last tweet to me as i only just saw it,0,1,0.9141240556069024,0.9141240556069024,False,Negative,Positive,Uncoded
rolling stones miss you last song for me tonight i'll miss you goodnight,1,0,0.08985843954806332,0.9101415604519367,False,Positive,Negative,Uncoded
i have no clue what 2 get for my dad on fathers day maybe nothing,1,0,0.013127225681940021,0.98687277431806,False,Positive,Negative,Uncoded
worked 15 hours yesterday just so they can open today my body is killing me now i feel like i worked non stop for a week,1,0,0.03601867857271307,0.963981321427287,False,Positive,Negative,Uncoded
i was gonna tell you it was a terrible game so you wouldn't feel bad for missing it,1,0,0.007804350626739251,0.9921956493732608,False,Positive,Negative,Uncoded
how are you doing i hope you are doing something extra fun today to make up for what you're not doing,0,1,0.9067709456945483,0.9067709456945483,False,Negative,Positive,Uncoded
you can't have less than me so don't feel bad,1,0,0.06094995466443985,0.9390500453355601,False,Positive,Negative,Uncoded
haha bless you hehe haha its not bad,0,1,0.9959073885810165,0.9959073885810165,False,Negative,Positive,Uncoded
just got back from paris today amazing too bad im here at work i wanna be in bed,1,0,0.09975515435227922,0.9002448456477208,False,Positive,Negative,Uncoded
i'm watching hank n jim's replay at on my own join me,0,1,0.9087390222470123,0.9087390222470123,False,Negative,Positive,Uncoded
morning i finally made it in,0,1,0.9312460530205919,0.9312460530205919,False,Negative,Positive,Uncoded
don't know why but i just need it s but i'm ok nee chan i miss u and im sorry i'm being so dumb x luv ya,1,0,0.04386108915972716,0.9561389108402728,False,Positive,Negative,Uncoded
haha you sure it's for you're niece haha just kidding but it's probably gonna sell out in 1 second so i don't have a chance,0,1,0.9031443178748344,0.9031443178748344,False,Negative,Positive,Uncoded
i'm thinking it's time to study except the whole motivation factor is lacking,1,0,0.07410268367242188,0.9258973163275781,False,Positive,Negative,Uncoded
ahahaha you didn't get me fail,1,0,0.03827788187346012,0.9617221181265398,False,Positive,Negative,Uncoded
just got in from school erghhhh i hate maths off for a shower there has been like terencial rain here im soaked eppp jonas in uk,1,0,0.05575565662907146,0.9442443433709286,False,Positive,Negative,Uncoded
i don't like pop ups where are they coming from damn information hwy,1,0,0.04578039305453144,0.9542196069454686,False,Positive,Negative,Uncoded
go bears lived in north bay amp still miss the area sometimes,1,0,0.06664567302433852,0.9333543269756615,False,Positive,Negative,Uncoded
yeah for you lol btw when you go to the str pick me up a dew please i have been a good boi,0,1,0.9062021402307995,0.9062021402307995,False,Negative,Positive,Uncoded
woke 07 23 to a rain teem hard at work now taking an extended break under two layers of patchwork clouds not warm not cold not windy,1,0,0.024101939431463625,0.9758980605685363,False,Positive,Negative,Uncoded
am finally going to bed you'd better appreciate the effort ms canty that's all i'm saying,0,1,0.9396800264161925,0.9396800264161925,False,Negative,Positive,Uncoded
i wish this austin rain would stop there's a double header baseball game v ou sucks today,1,0,0.040104766521866675,0.9598952334781333,False,Positive,Negative,Uncoded
remember when there were only a few channels and they used to end transmission at midnight yeah neither can i,1,0,0.06524342761691397,0.9347565723830861,False,Positive,Negative,Uncoded
i hate buses so need to pass my driving test,1,0,0.05647865699354916,0.9435213430064509,False,Positive,Negative,Uncoded
he doesnt need to wish he is do u want to go to the concert next week mom doesnt want to go wuld u like to come,1,0,0.03785743380325455,0.9621425661967454,False,Positive,Negative,Uncoded
hey twitters i'm depresive for you,0,1,0.9637662120330936,0.9637662120330936,False,Negative,Positive,Uncoded
hahaha that's awesome i think i knew that now that u say it i need a trainer i have a kangaroo pouch,0,1,0.903673359693479,0.903673359693479,False,Negative,Positive,Uncoded
oooooooow thats an amazing idea i hope your mom can trust mine it would be fantastic if you could come,0,1,0.9398072406452403,0.9398072406452403,False,Negative,Positive,Uncoded
aww man dont have sky sports and the british amp irish lions are playing and i cant watch it im raging its an awesome day though,1,0,0.06044131227776824,0.9395586877222317,False,Positive,Negative,Uncoded
if you like good movies comics logic yourself then avoid quot wolverine quot,0,1,0.9944584158672087,0.9944584158672087,False,Negative,Positive,Uncoded
i want a new phoneeeeee mines poop,1,0,0.013734727401987546,0.9862652725980124,False,Positive,Negative,Uncoded
the snl with justin timberlake was much better than this one,0,1,0.9544133991683939,0.9544133991683939,False,Negative,Positive,Uncoded
don't feel sad hugzzz think happily of all the money you save on rent,1,0,0.06954800831724499,0.930451991682755,False,Positive,Negative,Uncoded
yoga is wonderful v good 4 chillng me out i am not a fan of gyms so i enjoy outdoor activities,0,1,0.9055184725524743,0.9055184725524743,False,Negative,Positive,Uncoded
is revising for his last few exams whoop,1,0,0.07798301487452816,0.9220169851254718,False,Positive,Negative,Uncoded
to who um it would be pretty cool if you did come to aussys capital for fun and i should study for history yay,0,1,0.9682965926808705,0.9682965926808705,False,Negative,Positive,Uncoded
why am i still awake yikes,1,0,0.020911707099275388,0.9790882929007246,False,Positive,Negative,Uncoded
yay i got paid i can eat i spent all my money on clothes and shoes and stuff i really needed cos i was sad and needed cheering up,1,0,0.08460400850710155,0.9153959914928984,False,Positive,Negative,Uncoded
unlikely i dont think there were any cases in sa get well soon,1,0,0.07775629181421972,0.9222437081857803,False,Positive,Negative,Uncoded
shears backordered thanks for letting me know sarcasm,0,1,0.9403054475402162,0.9403054475402162,False,Negative,Positive,Uncoded
that is very true,0,1,0.9118639505736796,0.9118639505736796,False,Negative,Positive,Uncoded
get back to work,1,0,0.048959009295598044,0.951040990704402,False,Positive,Negative,Uncoded
im so jealous here in texas its so tempting to just swing down to the beach but no id have to get my mom to take me,1,0,0.03021877295104385,0.9697812270489562,False,Positive,Negative,Uncoded
damn i missed the deadline for this typographic tattoo exhibition,1,0,0.043433858079645726,0.9565661419203543,False,Positive,Negative,Uncoded
watching lethal weapon edited,0,1,0.9302974919976792,0.9302974919976792,False,Negative,Positive,Uncoded
its too early kinda tired have to pack my things n such stuff this night wuuhuuu,1,0,0.059230473992649135,0.9407695260073509,False,Positive,Negative,Uncoded
i love you,0,1,0.9370865056751565,0.9370865056751565,False,Negative,Positive,Uncoded
just finished seeing keeping up with the kardashians loved it hilarious now watching the ending of the sound of music school tomorrow,0,1,0.9457496060778684,0.9457496060778684,False,Negative,Positive,Uncoded
finally everything done off to bed for a few hours,0,1,0.9094982079087867,0.9094982079087867,False,Negative,Positive,Uncoded
thought she lost her revision crystal but found it missed you x,1,0,0.03831042408531885,0.9616895759146812,False,Positive,Negative,Uncoded
yum there smokies are delicious gots to work out tonight but got this awesome highlighting stuff for my hair woot,0,1,0.9170491535766935,0.9170491535766935,False,Negative,Positive,Uncoded
so not awake atleast i'm home from work now,1,0,0.09979469816090654,0.9002053018390934,False,Positive,Negative,Uncoded
no you're better and sweeter lt 3,0,1,0.9628863081953772,0.9628863081953772,False,Negative,Positive,Uncoded
is baby sitting today but can't believe the cheek of her housemate telling william to move out because he points out the cooker broke,1,0,0.033099181787244664,0.9669008182127553,False,Positive,Negative,Uncoded
i wish i can't right now i'm walking down the street,1,0,0.078874742467371,0.921125257532629,False,Positive,Negative,Uncoded
yeah sad to say,1,0,0.013604118985376983,0.986395881014623,False,Positive,Negative,Uncoded
spent the day entertaining 7 kids with my wife for my daughters birthday party i had fun glad it's over now it's time to clean up,0,1,0.9083068656961535,0.9083068656961535,False,Negative,Positive,Uncoded
and our excellent guest artist susanna majuri left bergen for helsinki today,0,1,0.93287562115753,0.93287562115753,False,Negative,Positive,Uncoded
sick finals this week but that means school is over in a week ready to be a sophomore,1,0,0.09870348719332533,0.9012965128066747,False,Positive,Negative,Uncoded
fellow scottie tara told me to tell you to have fun and that you're amazing her tweet acct is malfunctioning,0,1,0.9497950875790376,0.9497950875790376,False,Negative,Positive,Uncoded
u wanna be in bed,1,0,0.07054259558734118,0.9294574044126588,False,Positive,Negative,Uncoded
haha that's good i'm working,0,1,0.9252152318645587,0.9252152318645587,False,Negative,Positive,Uncoded
back from spain it was so much fun we went 2 all the hot spots and went shopping in some very cool spots,0,1,0.9436735121086735,0.9436735121086735,False,Negative,Positive,Uncoded
awful ride wasn't it terrible race though mccoy let me down with a terrible ride in the first need a winner,1,0,0.012238863794351297,0.9877611362056486,False,Positive,Negative,Uncoded
yes root canal doesn't hurt,1,0,0.05576298842524158,0.9442370115747585,False,Positive,Negative,Uncoded
bored sick sick sick banging head ache coleen rooney is the best,1,0,0.0065615033942581,0.9934384966057419,False,Positive,Negative,Uncoded
congrats la lakers but a riot seriously,0,1,0.9301503735288079,0.9301503735288079,False,Negative,Positive,Uncoded
nin youtube posted video of saul williams singing survivalism find me in the crowd look for the tallest guys there i'm behind them,0,1,0.9105056719174252,0.9105056719174252,False,Negative,Positive,Uncoded
no aggravation today i'm leaving early,1,0,0.06392661608993222,0.9360733839100678,False,Positive,Negative,Uncoded
seriously still haven't heard from her i'd totally understand if she'd told me she had something else etc but nooo,1,0,0.018206437400504448,0.9817935625994956,False,Positive,Negative,Uncoded
oh dear according to happytweet am not a happy twitter,1,0,0.022753297902580814,0.9772467020974192,False,Positive,Negative,Uncoded
hahaha finally i got your tweet name right hahaha i missed you live,0,1,0.9756177626594527,0.9756177626594527,False,Negative,Positive,Uncoded
hopefully the boc doesn't show up on the wootoff tonight but i've got wootalyzer's alarm set to go off if it does,1,0,0.06398299041847655,0.9360170095815235,False,Positive,Negative,Uncoded
sry i meant to put bored not bore watev that means haha,1,0,0.07758728365491367,0.9224127163450864,False,Positive,Negative,Uncoded
home you win,0,1,0.9144917498156024,0.9144917498156024,False,Negative,Positive,Uncoded
i'm working from home today life sucks doesn t it,1,0,0.05027885558276527,0.9497211444172348,False,Positive,Negative,Uncoded
ne1 wanna chat m getting damn bored,1,0,0.043817802011843196,0.9561821979881568,False,Positive,Negative,Uncoded
lmao exactly,0,1,0.9394997652971606,0.9394997652971606,False,Negative,Positive,Uncoded
i picked a really shitty weekend to run out of coffee it turns out,1,0,0.06900766444129583,0.9309923355587042,False,Positive,Negative,Uncoded
heppie bday miss c wish u all the best,1,0,0.09259980996748488,0.9074001900325152,False,Positive,Negative,Uncoded
is fast fun and friendly and can now check u out i'm like a quot check it out girl quot not rly hahah i love target,0,1,0.9430572451715797,0.9430572451715797,False,Negative,Positive,Uncoded
i just wish our seminar will be on monday,1,0,0.08148811620907305,0.918511883790927,False,Positive,Negative,Uncoded
nomore work till thursday wooooo i am so tired,1,0,0.07183959148095471,0.9281604085190452,False,Positive,Negative,Uncoded
hahah i knew you would get addicted ill get it posted its on my friend's cam tho,0,1,0.9100240066805743,0.9100240066805743,False,Negative,Positive,Uncoded
tomorrow i have computing maths double biology history then re wont be a bad day i hope,1,0,0.02768246139135261,0.9723175386086473,False,Positive,Negative,Uncoded
goodnight twitter,0,1,0.9771590168638692,0.9771590168638692,False,Negative,Positive,Uncoded
i miss that place horrid service but really good sandwiches btw i still dont forgive u for moving there after i leave pout,1,0,0.0687225308411085,0.9312774691588915,False,Positive,Negative,Uncoded
wow fiji that would be cool whats up x,0,1,0.9599450826040327,0.9599450826040327,False,Negative,Positive,Uncoded
yeah good night lt 3,0,1,0.9435774479066106,0.9435774479066106,False,Negative,Positive,Uncoded
thank god my family's safe and well i'm just bothered about the millions of tamils dying by the minute it's very sad,1,0,0.08855234539268245,0.9114476546073176,False,Positive,Negative,Uncoded
enjoying an after dinner at some friends always good to share some good moments will be dearly missed when we move to sing,0,1,0.9610754631329834,0.9610754631329834,False,Negative,Positive,Uncoded
cara off for a bit xo,0,1,0.9235015885311618,0.9235015885311618,False,Negative,Positive,Uncoded
haah my mum wants to send me to stella not happening we cant afford it yay,1,0,0.048162015833341495,0.9518379841666585,False,Positive,Negative,Uncoded
on my way to work but on a happier note happy mother's day to all the twitter mommas and baby mammas,0,1,0.9569135060800212,0.9569135060800212,False,Negative,Positive,Uncoded
wow heidi i've just read the guardian apology for your blog crazy we loved it when we read it on sunday morning,0,1,0.9050730348240629,0.9050730348240629,False,Negative,Positive,Uncoded
how come we never ever see her face,1,0,0.07530931096289285,0.9246906890371072,False,Positive,Negative,Uncoded
a gorgeous day in london is the perfect day for a indoor photoshoot,0,1,0.9370042415751152,0.9370042415751152,False,Negative,Positive,Uncoded
have you seen that sky app lets you control stuff from your iphone badass i'm into gossip girl ok i'm not proud of it,0,1,0.9654218758450075,0.9654218758450075,False,Negative,Positive,Uncoded
the cbbc channel shows are dying what is this rubbish whatever happend to good old arthur lt 3,1,0,0.049887602511871784,0.9501123974881283,False,Positive,Negative,Uncoded
just finished homework now i gotta learn for exams,1,0,0.08542977459944814,0.9145702254005519,False,Positive,Negative,Uncoded
is homee from an unforgettablee night in the dirty dirtyyyyy back to work i goo fuckkkkk i hate my jobbbb,1,0,0.03714405525597951,0.9628559447440205,False,Positive,Negative,Uncoded
exhausted,1,0,0.06741226119836276,0.9325877388016373,False,Positive,Negative,Uncoded
watching the red wings kick butt,0,1,0.9062893084426886,0.9062893084426886,False,Negative,Positive,Uncoded
horrible isn't it,1,0,0.02511406707366488,0.9748859329263351,False,Positive,Negative,Uncoded
it's about time i let people know whats happenning although i often wonder why i bother but hey it'll soon be christmas,0,1,0.9552392946305648,0.9552392946305648,False,Negative,Positive,Uncoded
i regret of what i've done i'm really sorry i wish i could turn back time i still love to try loving you love to see you when you love me,1,0,0.09908640604038343,0.9009135939596166,False,Positive,Negative,Uncoded
tgif bihtwt butihavetoworktomorrow lol,0,1,0.9886986074209888,0.9886986074209888,False,Negative,Positive,Uncoded
ima make u wear a dress when u come to brooklyn lol,0,1,0.9022745819701102,0.9022745819701102,False,Negative,Positive,Uncoded
feels like i'm not such a noob anymore,1,0,0.025562527389839534,0.9744374726101604,False,Positive,Negative,Uncoded
sorry to hear you're feeling down miss claire sends love amp hugs if u wanna chat i'll be on msn,1,0,0.045733814593017154,0.9542661854069828,False,Positive,Negative,Uncoded
2 more days till change i some how don't think so but if you don't vote you can't complain,0,1,0.9183165991471022,0.9183165991471022,False,Negative,Positive,Uncoded
lt,0,1,0.9047036751293194,0.9047036751293194,False,Negative,Positive,Uncoded
gym wasn't too bad spending money to wake up in pain makes me sad but i have a feeling it will be worth it,1,0,0.003168232584778558,0.9968317674152214,False,Positive,Negative,Uncoded
thanks i think i'll try that too thanks for the craft fair info too we like to do 2 day shows only because set up is so long,0,1,0.9362409083974749,0.9362409083974749,False,Negative,Positive,Uncoded
we are just born to be hi tech followers,0,1,0.9201773010122091,0.9201773010122091,False,Negative,Positive,Uncoded
just ran out home coz it's raining,1,0,0.08916095713343705,0.9108390428665629,False,Positive,Negative,Uncoded
sorry about the bad link,1,0,0.011442540601357413,0.9885574593986426,False,Positive,Negative,Uncoded
i'll try,0,1,0.9086712620586237,0.9086712620586237,False,Negative,Positive,Uncoded
yeah melted chocolate is a bummer at least i can eat it when it hardens,1,0,0.06399722901388019,0.9360027709861198,False,Positive,Negative,Uncoded
what a tranny i'm playin i know what u mean thanks i think,0,1,0.9088536358265322,0.9088536358265322,False,Negative,Positive,Uncoded
damn u cracked ur phone ouch get an iphone,1,0,0.019886273493114448,0.9801137265068856,False,Positive,Negative,Uncoded
i know its amazing sign of a good night wherever you cats may be,0,1,0.9495069804361066,0.9495069804361066,False,Negative,Positive,Uncoded
i'm so freakin sun burned getting blisters on my shoulders and back ugh good day on the boat though yesterday,1,0,0.055526172775696436,0.9444738272243036,False,Positive,Negative,Uncoded
i tried but i am unable to follow anymore people,1,0,0.024821732304875575,0.9751782676951244,False,Positive,Negative,Uncoded
i am not,1,0,0.07577593479654328,0.9242240652034567,False,Positive,Negative,Uncoded
when i was a kid i wanted to be a negotiating clown that flew a spaceshuttle alas i don't think it's gonna happen,1,0,0.013086532522161475,0.9869134674778385,False,Positive,Negative,Uncoded
can't wait to see x hannah montana the movie x in theatres mujst wait to long 1 july x,0,1,0.9324907408923224,0.9324907408923224,False,Negative,Positive,Uncoded
that movie scared me,1,0,0.08015706808692144,0.9198429319130785,False,Positive,Negative,Uncoded
night haha i can barely work my phone i'm so tired,1,0,0.03209496114077694,0.9679050388592231,False,Positive,Negative,Uncoded
i can't forget the muscles i have especially now since they are so sore i also can't forget my skin since it's sunburned,1,0,0.08783845207272935,0.9121615479272707,False,Positive,Negative,Uncoded
just home from hospital arm not broken was genuinely worried about that one,1,0,0.01846658155234408,0.981533418447656,False,Positive,Negative,Uncoded
wooo glad you liked it haha i could praise em all day but i'm word count limited haha,0,1,0.9841509239932484,0.9841509239932484,False,Negative,Positive,Uncoded
starting fresh,0,1,0.9184491537272066,0.9184491537272066,False,Negative,Positive,Uncoded
where were u yesterday missed seeing u aptw,1,0,0.021582603754737997,0.978417396245262,False,Positive,Negative,Uncoded
dont work to hard,1,0,0.07493724401348559,0.9250627559865144,False,Positive,Negative,Uncoded
avatar tried to change it but something went wrong,1,0,0.05100887381129708,0.948991126188703,False,Positive,Negative,Uncoded
blech a tad late for work london tomorrow though,1,0,0.05246638833235116,0.9475336116676488,False,Positive,Negative,Uncoded
trying to see how long i can text and be upside down so far i'vd sent 5 msgs man my head hurts could i die from this nah im fine,1,0,0.060557435310143515,0.9394425646898565,False,Positive,Negative,Uncoded
why am i still away at 4am cos i don't have school tomorrow that's why,1,0,0.01198285865855179,0.9880171413414482,False,Positive,Negative,Uncoded
hey julie thanks for the ff yesterday i was trying in vain to reply and do my ff's and twitter just would spit them out,0,1,0.9610010298068085,0.9610010298068085,False,Negative,Positive,Uncoded
found out we had study leave on fri did not know but have to come in for drama every other subject is done ooooooooo yea,1,0,0.04642339913749079,0.9535766008625092,False,Positive,Negative,Uncoded
i wanna fuckin eat,1,0,0.07102472486059268,0.9289752751394074,False,Positive,Negative,Uncoded
sending you lots of love and good vibes xxx,0,1,0.9000169122254615,0.9000169122254615,False,Negative,Positive,Uncoded
i miss you in the greenroom,1,0,0.03529106784311309,0.9647089321568869,False,Positive,Negative,Uncoded
unfortunately i know i would like them which is why i am avoiding them,1,0,0.06715516564596004,0.93284483435404,False,Positive,Negative,Uncoded
getting up for work is a drag some days alright you got me it flat out sucks i miss the days when i could sleep till noon,1,0,0.01987131472560732,0.9801286852743927,False,Positive,Negative,Uncoded
think happy thoughts,0,1,0.9017168766908823,0.9017168766908823,False,Negative,Positive,Uncoded
r u finally back,0,1,0.9377989870442622,0.9377989870442622,False,Negative,Positive,Uncoded
back to pulling in a wage i'm tired of being the only one out of 4 pulling in a wage it sucks to be responsible,1,0,0.03499087602238601,0.965009123977614,False,Positive,Negative,Uncoded
sorry emily you just lost the game,1,0,0.020941160131256666,0.9790588398687433,False,Positive,Negative,Uncoded
my head hurts a fuckload so do my knees wtf is going on school was a beautiful bludge today,1,0,0.07065540863978821,0.9293445913602117,False,Positive,Negative,Uncoded
the only men i need,1,0,0.07875841410434026,0.9212415858956597,False,Positive,Negative,Uncoded
not creepy just sincere i miss you too len,1,0,0.08936637244394105,0.9106336275560589,False,Positive,Negative,Uncoded
still off the cigarettes sunburnt and back at work beautiful weather tho,1,0,0.05782049425115428,0.9421795057488457,False,Positive,Negative,Uncoded
good morning another fantastic drive to canyon is in order i love giving money away,0,1,0.9044254430622491,0.9044254430622491,False,Negative,Positive,Uncoded
is it really bad,1,0,0.01879927113828171,0.9812007288617183,False,Positive,Negative,Uncoded
i wish i lived in like the long lost island of caribiliam or something anything away from here,1,0,0.0868661920510384,0.9131338079489616,False,Positive,Negative,Uncoded
damn that was hard work he was trying to convince me how crap iphones are,1,0,0.09158748767634534,0.9084125123236546,False,Positive,Negative,Uncoded
back to bed 7am is too early for a saturday,1,0,0.09494160216340766,0.9050583978365924,False,Positive,Negative,Uncoded
hey honey i'm fine thanks how're you excited for smmer pops i cant wait to see you again l i miss you ily xxx,0,1,0.9706794316723141,0.9706794316723141,False,Negative,Positive,Uncoded
ahhh ur getting soooo famous dont forget me lol i love the new vid,0,1,0.9050683294352506,0.9050683294352506,False,Negative,Positive,Uncoded
that's very true,0,1,0.9462301513695592,0.9462301513695592,False,Negative,Positive,Uncoded
oh god my mum is kicking me off the computer not cool mum not cool i shall be on later though xoxox,1,0,0.04307132353818932,0.9569286764618107,False,Positive,Negative,Uncoded
hey debbie how r u brazil miss tom we love him and i love ya haha fletcher family is the best hahah xx,0,1,0.9285735925750421,0.9285735925750421,False,Negative,Positive,Uncoded
schooltime then home then workout then nap,0,1,0.9121778052256653,0.9121778052256653,False,Negative,Positive,Uncoded
that's not too nice,0,1,0.9419491917897235,0.9419491917897235,False,Negative,Positive,Uncoded
best night ever not even dads anger can make me upset haha,1,0,0.07224608962143177,0.9277539103785682,False,Positive,Negative,Uncoded
starting to get ready to start working only have to work 5 5 hrs but stil i'd rather be sleeping,1,0,0.011608725312383824,0.9883912746876162,False,Positive,Negative,Uncoded
turns out they are closed no game,1,0,0.030292818717436203,0.9697071812825638,False,Positive,Negative,Uncoded
doin' laundry yey,0,1,0.908228270607561,0.908228270607561,False,Negative,Positive,Uncoded
watching the dynamooooo game,0,1,0.921406475917941,0.921406475917941,False,Negative,Positive,Uncoded
haha i suggested foofie nope,0,1,0.9290607445998443,0.9290607445998443,False,Negative,Positive,Uncoded
i too wish i had a snuggie,1,0,0.03454444875641706,0.965455551243583,False,Positive,Negative,Uncoded
rofl,0,1,0.9430879223627645,0.9430879223627645,False,Negative,Positive,Uncoded
hp sucks sony sucks dell 'd mac rulez google it,1,0,0.05632479322546056,0.9436752067745394,False,Positive,Negative,Uncoded
darn pop ups no i do not want life insurance,1,0,0.017717839045166744,0.9822821609548332,False,Positive,Negative,Uncoded
i didnt do the cancer run but i looked at the people when i drove past,1,0,0.07172326628956575,0.9282767337104343,False,Positive,Negative,Uncoded
heyy how are you long time no see,0,1,0.9234464614802619,0.9234464614802619,False,Negative,Positive,Uncoded
when your all alone i hope you truly know how bad i wanna be there,1,0,0.03749319542450906,0.962506804575491,False,Positive,Negative,Uncoded
yay about what in fact min this track would fit for you i reckon with all the shit going on in the past,0,1,0.943386442461127,0.943386442461127,False,Negative,Positive,Uncoded
broke leg playin footy sunday bored in hospital asking celebs for get well tweets,1,0,0.04214464130159292,0.9578553586984071,False,Positive,Negative,Uncoded
that's it removing bots is like weeding a garden not fun but must be done eventually,1,0,0.079134348977893,0.920865651022107,False,Positive,Negative,Uncoded
yes i wish i had some,1,0,0.07595463547696331,0.9240453645230366,False,Positive,Negative,Uncoded
oh dear,1,0,0.05489284251824471,0.9451071574817553,False,Positive,Negative,Uncoded
all is good sun's being kinda unsocial,0,1,0.9575682748960714,0.9575682748960714,False,Negative,Positive,Uncoded
yeah you have hahahaha,0,1,0.9387093908404655,0.9387093908404655,False,Negative,Positive,Uncoded
crap i forgot to watch oh well it's not like i'm not seeing you guys tomorrow,1,0,0.01972684184926988,0.9802731581507301,False,Positive,Negative,Uncoded
hehe konichihua how r u not too gd i guess,0,1,0.955575263463835,0.955575263463835,False,Negative,Positive,Uncoded
it couldnt,1,0,0.09079398070588554,0.9092060192941145,False,Positive,Negative,Uncoded
there's something someone told me once truly great friends are hard to find difficult to leave and impossible to forget,1,0,0.04331159294408628,0.9566884070559137,False,Positive,Negative,Uncoded
trying to do a blend i know i suck at them but there's no harm in trying,1,0,0.04282204695064184,0.9571779530493582,False,Positive,Negative,Uncoded
yes the camry,0,1,0.9036988617245385,0.9036988617245385,False,Negative,Positive,Uncoded
well i missed the memo so clearly i need to neva come hereagain,1,0,0.08852286917296265,0.9114771308270373,False,Positive,Negative,Uncoded
ima miss my roomie but if i ever decide to fuck again i can be extra loud,1,0,0.05628394961546114,0.9437160503845389,False,Positive,Negative,Uncoded
at uni waiting for eating company exam done i actually didn't even read so no passing that exam,1,0,0.0798574916505202,0.9201425083494799,False,Positive,Negative,Uncoded
gah stop being so gay internet yeah i hate you bitch,1,0,0.0615774851443885,0.9384225148556115,False,Positive,Negative,Uncoded
quot see you make the world go weird quot from weiwei's sms,0,1,0.9036350678420586,0.9036350678420586,False,Negative,Positive,Uncoded
a i so will,0,1,0.9056308536515975,0.9056308536515975,False,Negative,Positive,Uncoded
nooo not really,1,0,0.03224098667475339,0.9677590133252466,False,Positive,Negative,Uncoded
haha i'm alright,0,1,0.9623540770586183,0.9623540770586183,False,Negative,Positive,Uncoded
playing bowling i have to say this shits all over xbox 360 shitty nenu system,1,0,0.08356189761767621,0.9164381023823238,False,Positive,Negative,Uncoded
i didn't purge even though i really wanted to one day at a time,1,0,0.04995773702845947,0.9500422629715405,False,Positive,Negative,Uncoded
thanks so much i hope,0,1,0.9668463706687641,0.9668463706687641,False,Negative,Positive,Uncoded
yea very true,0,1,0.9063144209064802,0.9063144209064802,False,Negative,Positive,Uncoded
just came back from the beach and i have major hayfever i think im burnt oh well i just hope i dont tan o,1,0,0.03580995555386406,0.964190044446136,False,Positive,Negative,Uncoded
i don't like slumdog zuko he doesn't have this noble aura he's possibly the worst choice for a prince,1,0,0.051481372422701344,0.9485186275772987,False,Positive,Negative,Uncoded
wow it has been really hard for me to wake up lately all i want to do is sleep lazy bug,1,0,0.09322111935448774,0.9067788806455123,False,Positive,Negative,Uncoded
an hour later and it still wont let me have a profilepicture isjh twitter doesnt like me,1,0,0.006967407054490736,0.9930325929455093,False,Positive,Negative,Uncoded
im glad your safe and i hope you figure it out looks like a bitch hows life besides that,0,1,0.9466605395834546,0.9466605395834546,False,Negative,Positive,Uncoded
guess i won't be enabling that so,1,0,0.09266501280770298,0.907334987192297,False,Positive,Negative,Uncoded
fuckkk im too good at procrastinating not as good as yesterday i sat here for 6 hours before i started anything,1,0,0.06306662694886035,0.9369333730511397,False,Positive,Negative,Uncoded
have a great time donald i loved norway til i ventured outside oslo altho the lofoten islands have a lot going 4 them,0,1,0.9506766512695446,0.9506766512695446,False,Negative,Positive,Uncoded
decided not to go ill save my pennies for london i wish i had more money to afford some of these bags im looking at they're gorgeous,1,0,0.08502695738949002,0.9149730426105099,False,Positive,Negative,Uncoded
clearly yes,0,1,0.9538483228399135,0.9538483228399135,False,Negative,Positive,Uncoded
my teeth are now squeeky clean but i cant eat any fricken lunch im hungry,1,0,0.04915362096041403,0.950846379039586,False,Positive,Negative,Uncoded
me and my fav manager today working wish we could take a sick day,1,0,0.023308917234226782,0.9766910827657732,False,Positive,Negative,Uncoded
drunk as fuckkk i shoulda went out dammit fuck it beach in da am anyways,1,0,0.06844793917611694,0.9315520608238831,False,Positive,Negative,Uncoded
sorry to hear that but i hope you feel better soon,1,0,0.03021547563381748,0.9697845243661826,False,Positive,Negative,Uncoded
sf here we come omg o o i missed so much calls sorry people rushing to get ready,1,0,0.06443131920044011,0.9355686807995599,False,Positive,Negative,Uncoded
have a great weekend hope the weather stays good for you ours went south,0,1,0.9316665866139854,0.9316665866139854,False,Negative,Positive,Uncoded
u have an even better day gorgeous hey jev u alive,0,1,0.9836414276504145,0.9836414276504145,False,Negative,Positive,Uncoded
ya unfortunately there was also a new wow patch so l4d might have to wait a while,1,0,0.05123459478635582,0.9487654052136442,False,Positive,Negative,Uncoded
going out to lunch with the unofficial mother in law she bought cullen a tshirt,0,1,0.9109732394189752,0.9109732394189752,False,Negative,Positive,Uncoded
hi andrea do you know who i am,0,1,0.9659310435543672,0.9659310435543672,False,Negative,Positive,Uncoded
being one of our regulars we missed you definitely a great success all were happy amp had a blast,0,1,0.9231442413505366,0.9231442413505366,False,Negative,Positive,Uncoded
well of course ur going w me u left us 4 some horrid no sun no fun place called cabo last time clare is in the show,1,0,0.06318138050894329,0.9368186194910567,False,Positive,Negative,Uncoded
im was sitting at d hospital cafe my mum was admitted last few days hope she will recover soon im sad but im ok,1,0,0.01789831896877098,0.982101681031229,False,Positive,Negative,Uncoded
i'm jealous really nice place love it all,0,1,0.9597733324403496,0.9597733324403496,False,Negative,Positive,Uncoded
just saw a serious andrew mcmahon look a like,1,0,0.08567196544595866,0.9143280345540413,False,Positive,Negative,Uncoded
yes wherelse i miss you,1,0,0.027890968972388956,0.972109031027611,False,Positive,Negative,Uncoded
u had beta u dont want 2 fail coz of twitter x,1,0,0.05066106110307629,0.9493389388969237,False,Positive,Negative,Uncoded
didn't go to school today have to study all day though,1,0,0.006148154889775522,0.9938518451102245,False,Positive,Negative,Uncoded
haha what time did he wake you,0,1,0.9065891405973379,0.9065891405973379,False,Negative,Positive,Uncoded
oh doesn't sound so good i got through insomnia too hope you feel better,1,0,0.0762331027952531,0.9237668972047469,False,Positive,Negative,Uncoded
rain rain go away come back another day,1,0,0.07307718455392716,0.9269228154460728,False,Positive,Negative,Uncoded
i am getting old,1,0,0.09114896040933962,0.9088510395906604,False,Positive,Negative,Uncoded
googlea quot pilones videocentro quot,0,1,0.934436987715823,0.934436987715823,False,Negative,Positive,Uncoded
raining,1,0,0.012477191369587087,0.9875228086304129,False,Positive,Negative,Uncoded
figure out this twitterstuff and already stopped smoking without a problem,1,0,0.09968993875245966,0.9003100612475403,False,Positive,Negative,Uncoded
oh my god what a worse night i had couldn't sleep and i was hungry for food all the time a well back to work now,1,0,0.020084975208941206,0.9799150247910587,False,Positive,Negative,Uncoded
bored at the moment but cant get up to do somthing about it,1,0,0.015717284517092235,0.9842827154829078,False,Positive,Negative,Uncoded
ha id say u were 17 lol but yea i look old haha oh thats cool ur sister and wow thats so neat the same week cont,0,1,0.946840287989829,0.946840287989829,False,Negative,Positive,Uncoded
don't have to go in for work today raining peacefully outside so i think i'll watch some doctor who,1,0,0.09620559048193375,0.9037944095180662,False,Positive,Negative,Uncoded
back from richmond unfortunately did not go to the prom or job hunting went to a park in the dark and sang songs,1,0,0.06352835825453537,0.9364716417454646,False,Positive,Negative,Uncoded
you're with my boys tell them i love them haha,0,1,0.9809250146233678,0.9809250146233678,False,Negative,Positive,Uncoded
should have been bastards amp argh,1,0,0.018018196207277407,0.9819818037927226,False,Positive,Negative,Uncoded
i ment awesome ahhhh im gonna miss all these ppl,1,0,0.0684594469093854,0.9315405530906146,False,Positive,Negative,Uncoded
it's not fair and it's really not ok is it were with you on this one lily,1,0,0.08489855699452123,0.9151014430054788,False,Positive,Negative,Uncoded
i think wins the mostpatientpersonintheworld award,0,1,0.9060938762656507,0.9060938762656507,False,Negative,Positive,Uncoded
aw lol you know you like it too,0,1,0.9304173276508984,0.9304173276508984,False,Negative,Positive,Uncoded
fighting to stay awake went to bed at 2 am and had to be up 6 30 am for work need caffeine iv stat,1,0,0.03377607785757488,0.9662239221424251,False,Positive,Negative,Uncoded
hi and welcome poor you hope you enjoy the experience but god help you jenni is prolific at tweeting,0,1,0.9359476353147704,0.9359476353147704,False,Negative,Positive,Uncoded
just came home from school great day today but my shoes hurt my heel ouch that s the downside of new shoes pfff,1,0,0.06153833343078722,0.9384616665692128,False,Positive,Negative,Uncoded
with the amount of junk i write probably for the best lol welcome,0,1,0.9662732901808246,0.9662732901808246,False,Negative,Positive,Uncoded
i want u to know i don't like u hun j p u know we go back,1,0,0.06372953498805388,0.9362704650119461,False,Positive,Negative,Uncoded
well a tastefully exposed d collet is a thing of beauty to behold for men or women and he should enjoy the view,0,1,0.9586827352526228,0.9586827352526228,False,Negative,Positive,Uncoded
i would be more exciting if summer meant that you were staying boston with mee but congrats on being almost done,0,1,0.9549453388763238,0.9549453388763238,False,Negative,Positive,Uncoded
and that's no slur,1,0,0.08506684304288233,0.9149331569571176,False,Positive,Negative,Uncoded
heading home what a great weekend with amazing girls,0,1,0.9550652408643234,0.9550652408643234,False,Negative,Positive,Uncoded
seabass thanks for the sushi burned my face with the curler tho fml,1,0,0.08088937564468116,0.9191106243553189,False,Positive,Negative,Uncoded
watching all kinds of highlights of lakers celebrating blegh,0,1,0.9194516684360213,0.9194516684360213,False,Negative,Positive,Uncoded
work district party was bananas oh how i'm going to miss my job but it's ok ima get the same one in orlando,1,0,0.04690568180019595,0.9530943181998041,False,Positive,Negative,Uncoded
heh heh,0,1,0.9893137875388186,0.9893137875388186,False,Negative,Positive,Uncoded
jennah can u just tell jay i said good night plz im asking nicely,0,1,0.938826446783624,0.938826446783624,False,Negative,Positive,Uncoded
awww bummer you didn't like i love that place,1,0,0.057015263992569176,0.9429847360074308,False,Positive,Negative,Uncoded
watching my favorite movie prince of egypt,0,1,0.9202960202359647,0.9202960202359647,False,Negative,Positive,Uncoded
poo on that well im glad youre ok let me know if you need anything,0,1,0.9156544608497452,0.9156544608497452,False,Negative,Positive,Uncoded
don't forget the couple hundred views the campaign had on youtube good proof of how hard it is to get sm marketing right,0,1,0.9347647582727913,0.9347647582727913,False,Negative,Positive,Uncoded
im pulling a broody face right now ive never been in an earthqwake dont know if i should be sad about that,1,0,0.01357695117587529,0.9864230488241247,False,Positive,Negative,Uncoded
most painful tat i got was on my chest lines r off from my squirming,1,0,0.0775402674668059,0.9224597325331941,False,Positive,Negative,Uncoded
only 3 days of school left party in bio with ice cream and tanners brownies mmmmmmm amp applebee pond picnic d,0,1,0.9027370661308753,0.9027370661308753,False,Negative,Positive,Uncoded
haha thanks buddy im super excited im restoring now so it will be a few hours befor i get to play with it haha,0,1,0.9800063400753786,0.9800063400753786,False,Negative,Positive,Uncoded
at home again and now i want to sleep cars are so uncomfortable,1,0,0.05083270682095893,0.949167293179041,False,Positive,Negative,Uncoded
have fun sad your not doing quot the hills anymore quot wont be the same without ya x,1,0,0.02800419515823486,0.9719958048417652,False,Positive,Negative,Uncoded
i know the worst part is it's all being scrobbled to last fm spotify guiltypleasures,1,0,0.07387971759289416,0.9261202824071059,False,Positive,Negative,Uncoded
have fun today but all ruined up because of my mom,1,0,0.042044728855315364,0.9579552711446846,False,Positive,Negative,Uncoded
thanks i hope nando gael or rog win and i hope whoever plays sod next crushes him it would make me so happy,0,1,0.9654356125932451,0.9654356125932451,False,Negative,Positive,Uncoded
yes and yes,0,1,0.9205248506790852,0.9205248506790852,False,Negative,Positive,Uncoded
yeah it's really odd and i'm not gonna lie it drives me batty i slept in ass a teen why can't he,1,0,0.08303668407365908,0.916963315926341,False,Positive,Negative,Uncoded
the menfolk have work to do tonight replacing the washing machine i'm only qualified to drive it they have to move it,1,0,0.03912082469104393,0.9608791753089561,False,Positive,Negative,Uncoded
do i give you great things,0,1,0.9468820614395084,0.9468820614395084,False,Negative,Positive,Uncoded
i wish i was there to do dat for u,1,0,0.037559216126546856,0.9624407838734531,False,Positive,Negative,Uncoded
back it again no lab today but then talbots and crazy manager boo,1,0,0.05679789081874439,0.9432021091812556,False,Positive,Negative,Uncoded
back home lugano was so nice and i had a lot of fun with anna and tiz hope to see u soon,0,1,0.9633058034212644,0.9633058034212644,False,Negative,Positive,Uncoded
i wish i could get hubby to want to visit the p i he doesn't have relatives there anymore so he doesn't think we need to go,1,0,0.02736005287570078,0.9726399471242992,False,Positive,Negative,Uncoded
get well soon school was the same boring crap i hate spooner 'cause of my commerce mark i'm not gonna tell anyone,1,0,0.013237186937552386,0.9867628130624476,False,Positive,Negative,Uncoded
bed ear dnt hurt haha,1,0,0.03814000040887764,0.9618599995911223,False,Positive,Negative,Uncoded
damn i wish i paid attention in my biology class i only had time for spaceships in university,1,0,0.06617625356258731,0.9338237464374127,False,Positive,Negative,Uncoded
ouch now i can feel the pain stupid long typing grrr,1,0,0.009040722257246465,0.9909592777427535,False,Positive,Negative,Uncoded
mhmm it's okay i'll deal lt 3,0,1,0.942814898227299,0.942814898227299,False,Negative,Positive,Uncoded
i knw soz bowt that i've been sooo fucking busy with coursework and exams school sux i'll tweet more after next week,1,0,0.06605120804208867,0.9339487919579114,False,Positive,Negative,Uncoded
good christ,0,1,0.9374232271963401,0.9374232271963401,False,Negative,Positive,Uncoded
day 2 affilico israel all rested up good thing 9am speaking slot,0,1,0.9043688920436793,0.9043688920436793,False,Negative,Positive,Uncoded
damn wrong valley,1,0,0.035279318842384264,0.9647206811576158,False,Positive,Negative,Uncoded
yeah i dont think i want a desktop anymore i'm spoiled by my laptop,1,0,0.050428997596047284,0.9495710024039528,False,Positive,Negative,Uncoded
hey that was watching the eurovision song contest and tweeting with my brits at the same time it was awsome fun,0,1,0.982376482515144,0.982376482515144,False,Negative,Positive,Uncoded
that's not so bad but will security police still stop you,1,0,0.0696193239198504,0.9303806760801496,False,Positive,Negative,Uncoded
actually should be working however not so much ps rte 1 in the morning biggg mistake,1,0,0.08043483953951513,0.9195651604604849,False,Positive,Negative,Uncoded
he's so not impressed isnt he,1,0,0.06454816522386395,0.935451834776136,False,Positive,Negative,Uncoded
working 12 8 when its soooo hot outside boooo got 2 5hrs off midway through the day though,1,0,0.030439641831468855,0.9695603581685311,False,Positive,Negative,Uncoded
okay as long as it stays were it is we will be fine yay it moved,0,1,0.9572994742436227,0.9572994742436227,False,Negative,Positive,Uncoded
ha ha loving the ford taurus action on conan nothing like that ever happens to me when i'm driving my ford escort around los angeles,0,1,0.9323802517288249,0.9323802517288249,False,Negative,Positive,Uncoded
is very tired after a restless night and cant go to bed early as i have people coming over for some alcohlic berverages and some movies,1,0,0.08623597837165073,0.9137640216283492,False,Positive,Negative,Uncoded
my back is veryyy sore from yesterday but it will not stop me from hockey,1,0,0.058782518383701896,0.9412174816162981,False,Positive,Negative,Uncoded
word u couldn't invite me,1,0,0.0941488741388097,0.9058511258611903,False,Positive,Negative,Uncoded
bit slow today sorry,1,0,0.04826239615108339,0.9517376038489166,False,Positive,Negative,Uncoded
thx the riot starts this afternoon and i have 2 play nice girl when we go to our friends later urk,0,1,0.9413223625452176,0.9413223625452176,False,Negative,Positive,Uncoded
aw c'mon leave the poor little boy alone,1,0,0.006896671657138385,0.9931033283428616,False,Positive,Negative,Uncoded
probably not chris has been tired and not feeling too well lately and we are financially strapped isn't life fun lol,1,0,0.03584137616707565,0.9641586238329244,False,Positive,Negative,Uncoded
this sounds like a good match i bet it looks even better,0,1,0.9363361024253752,0.9363361024253752,False,Negative,Positive,Uncoded
and to think she wasn't even trying to let me help her,1,0,0.06782002610613994,0.9321799738938601,False,Positive,Negative,Uncoded
oh that's a shame i really wanted to meet the face behind the posts,1,0,0.027561335607635823,0.9724386643923641,False,Positive,Negative,Uncoded
i want finger paints waiting to fall back into reality,1,0,0.09452872008862365,0.9054712799113763,False,Positive,Negative,Uncoded
good morning woke up still tired i need my dang sleep no more late nights blah blah blah,1,0,0.043028672960958775,0.9569713270390412,False,Positive,Negative,Uncoded
sorry to ask but can anyone spare a ride mid day 2morrow amp help me transport some boxes to a self storage spot on clark much obliged,1,0,0.0855730687515802,0.9144269312484198,False,Positive,Negative,Uncoded
twenty20 cricket beer and sunshine very good well apart from the beer cause i'm on tablets,0,1,0.91545623424878,0.91545623424878,False,Negative,Positive,Uncoded
kstew and ma still together happy or not lol im happy if kristen is happy,0,1,0.9788723120735281,0.9788723120735281,False,Negative,Positive,Uncoded
mahn so damn bored,1,0,0.09479995997437952,0.9052000400256205,False,Positive,Negative,Uncoded
yes,0,1,0.9402305369441872,0.9402305369441872,False,Negative,Positive,Uncoded
vacation's so over argh wishing for extension,1,0,0.045644465807815476,0.9543555341921846,False,Positive,Negative,Uncoded
dangzz tht halftime story blows cuz it really touchd my heart but lakers need to close it out 2noche period,1,0,0.0766410986505958,0.9233589013494042,False,Positive,Negative,Uncoded
lol perhaps i just like to go out of my way to make a girl smile but only if she deserves it cuz some play too much,0,1,0.9365927240528013,0.9365927240528013,False,Negative,Positive,Uncoded
lol i think you should lol damn i hate been sick i was supposed to study css today instead i'm cuffing my ass off s,1,0,0.014891031856145959,0.9851089681438541,False,Positive,Negative,Uncoded
a that's so sweet i'd love to hear more about it did you face challenges with immigration marriage i'm worried,0,1,0.9035158552503809,0.9035158552503809,False,Negative,Positive,Uncoded
so i wanted to take the 710 n to stop by for a jumbo jack 710 is closed god really cares about my diet he's really looking out for me,1,0,0.08999046733364151,0.9100095326663585,False,Positive,Negative,Uncoded
yey i'm off to school x bye,0,1,0.9025445796768323,0.9025445796768323,False,Negative,Positive,Uncoded
he is so mad at me,1,0,0.028215919359233566,0.9717840806407665,False,Positive,Negative,Uncoded
unfortunately there's not a bar around where i'm at right now or else,1,0,0.031522759403994016,0.968477240596006,False,Positive,Negative,Uncoded
you get all the love,0,1,0.9129480594373893,0.9129480594373893,False,Negative,Positive,Uncoded
parteyyy i passed the exam now i have to learn history and then i have a test not cool at all,1,0,0.04608959203364273,0.9539104079663573,False,Positive,Negative,Uncoded
yay congrats can't wait to see the video of mr rob d how about the fans in the other country we can't go 2 d event,0,1,0.9614390784000578,0.9614390784000578,False,Negative,Positive,Uncoded
the result of my sleep experiment was excited about it gt couldn't sleep finally fell asleep only to wake up 2 hrs too early fail,1,0,0.01560491303644837,0.9843950869635516,False,Positive,Negative,Uncoded
sorry m8 my mistake sorry m8,1,0,0.040447890688882666,0.9595521093111173,False,Positive,Negative,Uncoded
gahh i cant belive i havnt revised all day sheesh im going to fail i blame myself really haha,1,0,0.05189599236536976,0.9481040076346302,False,Positive,Negative,Uncoded
no problem then i shall read it on my quot tomorrow quot,0,1,0.9687445270007096,0.9687445270007096,False,Negative,Positive,Uncoded
i wish i could d but unfortunately i need the moneys from work but i'm working on coming up for hp,1,0,0.010566667240140213,0.9894333327598598,False,Positive,Negative,Uncoded
i know your sorry you asked i will feel better soon it's all just sad and sucks,1,0,0.013480194976403848,0.9865198050235962,False,Positive,Negative,Uncoded
i'm supposed to be bug fixing and i'm twittering too it's not good enough it's twitter or work bug fixing will have to go,1,0,0.08627149457459399,0.9137285054254061,False,Positive,Negative,Uncoded
oh no nikki what happened to mom hope everything's ok i'm assuming so cuz ur posting pics she's in my prayers sis,1,0,0.030870979033311485,0.9691290209666885,False,Positive,Negative,Uncoded
i worked a long shift was supposed to be 9 hrs but they cut me loose a little early how'saboutyou,1,0,0.013601514193964326,0.9863984858060357,False,Positive,Negative,Uncoded
ahh thx for the reminder,0,1,0.9750949597746468,0.9750949597746468,False,Negative,Positive,Uncoded
went to sleep hungry last night no lunch dinner now i can't stop shoving food in my face,1,0,0.08372890778661535,0.9162710922133847,False,Positive,Negative,Uncoded
haha thats fact,0,1,0.9808479854439407,0.9808479854439407,False,Negative,Positive,Uncoded
hayley make some music for new moon soundtrack come on,0,1,0.961816636174435,0.961816636174435,False,Negative,Positive,Uncoded
sad granny much worse than b4 but hopefully she will be home soon love that old lady miss u,1,0,0.03243872694175146,0.9675612730582486,False,Positive,Negative,Uncoded
do it i think i'm gonna keep it simple not too simple but i think i'mma pass on the blackberry,0,1,0.9195666528364305,0.9195666528364305,False,Negative,Positive,Uncoded
man thas a full load i sure can wait til i start shoot lol 1 more week,0,1,0.9021299477346434,0.9021299477346434,False,Negative,Positive,Uncoded
no sadness happiness instead,1,0,0.017912266953016794,0.9820877330469832,False,Positive,Negative,Uncoded
miss danger think the same of miss president,1,0,0.0203186745818487,0.9796813254181513,False,Positive,Negative,Uncoded
7 weeks until my tattoo just got off holidays and already missing them i need to draw some more,1,0,0.08907432208048671,0.9109256779195133,False,Positive,Negative,Uncoded
summer is so not fun,1,0,0.022597042511067544,0.9774029574889325,False,Positive,Negative,Uncoded
dear summer i hate you i miss winter,1,0,0.07615003453154674,0.9238499654684532,False,Positive,Negative,Uncoded
yasmina has lost already stupid idea me thinks,1,0,0.07762615225025396,0.9223738477497461,False,Positive,Negative,Uncoded
my hot chocolate not so hot aksually lol thanks to and well worth it tho haha,0,1,0.9267773474750325,0.9267773474750325,False,Negative,Positive,Uncoded
where are you i miss your tweets,1,0,0.0775874365256797,0.9224125634743203,False,Positive,Negative,Uncoded
uploading more pictures to flickr i'm addicted lol,0,1,0.912122150796387,0.912122150796387,False,Negative,Positive,Uncoded
no more rain here peeps,1,0,0.02804520234727532,0.9719547976527246,False,Positive,Negative,Uncoded
my eye hurts and its all megans fault lol i shouldnt hit on dotti lmao they all belived mem,1,0,0.0512871694916243,0.9487128305083757,False,Positive,Negative,Uncoded
being a hungover pile of poop,1,0,0.07478141752417199,0.925218582475828,False,Positive,Negative,Uncoded
haha totally agree,0,1,0.9388085622944914,0.9388085622944914,False,Negative,Positive,Uncoded
im so unbusy its sad lt amazing gt,1,0,0.09655443181414779,0.9034455681858522,False,Positive,Negative,Uncoded
f1 lt 3 raikkonen lets go massa now eating with the fam,0,1,0.9480028302831686,0.9480028302831686,False,Negative,Positive,Uncoded
yeah ive two uts for this week you have also good luck to you and me haha,0,1,0.9290667144133851,0.9290667144133851,False,Negative,Positive,Uncoded
is doing nothing watching tts then work at 11 30 don't want to get up out of bed,1,0,0.07796049000660113,0.9220395099933989,False,Positive,Negative,Uncoded
thanks that makes me feel better ps good to see you embracing your ranganess i hate rangas in disguise,0,1,0.9403805826262005,0.9403805826262005,False,Negative,Positive,Uncoded
ok homework isn't that bad found out i already had most of it,1,0,0.09438295926122667,0.9056170407387734,False,Positive,Negative,Uncoded
back to reality tomorrow,1,0,0.05927115049464106,0.940728849505359,False,Positive,Negative,Uncoded
woo woo c sinclair,0,1,0.9475190612341624,0.9475190612341624,False,Negative,Positive,Uncoded
when i can't sleep 'cause i'm nervous or something i think of her and i feel better lt 3,1,0,0.06830583931392527,0.9316941606860747,False,Positive,Negative,Uncoded
girl i parked at one of those lots trying to be cheap damn shuttle took forever got here too late to check my bag,1,0,0.06445769959719139,0.9355423004028086,False,Positive,Negative,Uncoded
they don't do them in my size how r u,1,0,0.07628969549750307,0.9237103045024969,False,Positive,Negative,Uncoded
doing homework on a friday night and not even complaining,1,0,0.09834305176483495,0.9016569482351651,False,Positive,Negative,Uncoded
i love that song hope i can hear him sing it k nighty night now sweet glambert dreams,0,1,0.9731744184731097,0.9731744184731097,False,Negative,Positive,Uncoded
please please please answer me,1,0,0.07304680255515027,0.9269531974448497,False,Positive,Negative,Uncoded
i found my missing jeans,1,0,0.07446853180641777,0.9255314681935822,False,Positive,Negative,Uncoded
lol it isssssss i'm addicted,0,1,0.9413072284897787,0.9413072284897787,False,Negative,Positive,Uncoded
going on msn talking to somewhone pretending that i'm happy,0,1,0.947866199611321,0.947866199611321,False,Negative,Positive,Uncoded
how come i cant upload my pic hhhmm night night every1 x,1,0,0.04725587349039325,0.9527441265096067,False,Positive,Negative,Uncoded
confused about using twitter haven t found anyone i know here yet working on my contacts now,1,0,0.06730822600787051,0.9326917739921294,False,Positive,Negative,Uncoded
am getting more hungover as the day goes on that shouldn't be possible but at least i don't have to get up for work tomorrow,1,0,0.04603671547813594,0.9539632845218641,False,Positive,Negative,Uncoded
y the fuk is jay z in trending topics hes an ugly wank stain hu if u havnt noticed i dont like,1,0,0.07398897832675848,0.9260110216732416,False,Positive,Negative,Uncoded
cleaning obsessively for the party tomorrow i don't know why i'm bothering im going to miss the first 2 hours coz of work,1,0,0.017650198390753075,0.9823498016092469,False,Positive,Negative,Uncoded
i really excited make good start and finish fp2 ahead of so happy he almost smile 'nando still make me look bad,0,1,0.9682665168670418,0.9682665168670418,False,Negative,Positive,Uncoded
i heard you are feeling tired the blockhead crowd will energize you good luck tonight i know you will do great,0,1,0.9404773081692118,0.9404773081692118,False,Negative,Positive,Uncoded
i'm honored to be the subject of your 1st tweet congratulations on the wedding although i will be on holiday at the time,0,1,0.9587248640222151,0.9587248640222151,False,Negative,Positive,Uncoded
ohh hush you know im hatin right now lol wish i was there miss you much roomie,1,0,0.0710618761002929,0.9289381238997071,False,Positive,Negative,Uncoded
getting ready for work i wish i didn't have to can't wait till next week,1,0,0.02389505826032732,0.9761049417396727,False,Positive,Negative,Uncoded
i haven't seen you in sooo long i miss you,1,0,0.024970903139822163,0.9750290968601778,False,Positive,Negative,Uncoded
feel's summeriee,1,0,0.019052793771156828,0.9809472062288431,False,Positive,Negative,Uncoded
thanks for unfollowing unfriend ben,0,1,0.9175592450893882,0.9175592450893882,False,Negative,Positive,Uncoded
she left me,1,0,0.04051686329173292,0.9594831367082671,False,Positive,Negative,Uncoded
party was an upset no one showed up it was lame still having fun though i want to watch rent,1,0,0.023690096741103676,0.9763099032588963,False,Positive,Negative,Uncoded
is it sad that actually know how to play it,1,0,0.012389057755362847,0.9876109422446372,False,Positive,Negative,Uncoded
my last tweet dedicated to the apprentice of 2009 it has been a good three months good luck to all ppl involved apprentice,0,1,0.9626926534834699,0.9626926534834699,False,Negative,Positive,Uncoded
ughh no at my abuelitas,1,0,0.067358844151052,0.932641155848948,False,Positive,Negative,Uncoded
there are no boundarieeeeeeeees,1,0,0.07422339086564093,0.9257766091343591,False,Positive,Negative,Uncoded
hopefully the worst of the storm is over now newyorkcity this fall,1,0,0.04475335290491983,0.9552466470950802,False,Positive,Negative,Uncoded
mmmmm cookies gimme am on my way thank cruncjie it's friday,0,1,0.9754630532473352,0.9754630532473352,False,Negative,Positive,Uncoded
quot be the change you want to see in the world quot,0,1,0.9088306773673163,0.9088306773673163,False,Negative,Positive,Uncoded
i think it's a third of the entire cost of my trip next week ouch research trips have small budgets,1,0,0.07220896699175587,0.9277910330082442,False,Positive,Negative,Uncoded
internet is down in my house so sad at least my iphone doesn't need to rely on wireless,1,0,0.0013799776700573045,0.9986200223299427,False,Positive,Negative,Uncoded
first you have awesome shorts second im going since ive been in the quot lounge quot since 9,0,1,0.9203435087339473,0.9203435087339473,False,Negative,Positive,Uncoded
my workout pants seem to be getting too big within weeks this 'pants' thing is turning into an expensive habit,1,0,0.07209242225970508,0.927907577740295,False,Positive,Negative,Uncoded
at work honey bun dropped me off and im feeling better woo hoo sad y,1,0,0.011987238511420275,0.9880127614885797,False,Positive,Negative,Uncoded
i'm still pissed they killed j d on harper's island i really liked him also i didn't get to see 'up' tonight but i'm going tomorrow,1,0,0.03818498628208593,0.9618150137179141,False,Positive,Negative,Uncoded
yuh bumbo i know u laughing lol lol,0,1,0.9573378801198524,0.9573378801198524,False,Negative,Positive,Uncoded
hey you how long will you be on thx hehehe yw yeah they're not,0,1,0.9654226222524512,0.9654226222524512,False,Negative,Positive,Uncoded
good morning friends rainy rainy day in chicago wish i could just stay home and read but lots to do,1,0,0.09485282587390562,0.9051471741260944,False,Positive,Negative,Uncoded
we already did hoppusday and barkerday delongeday,0,1,0.9152431725100664,0.9152431725100664,False,Negative,Positive,Uncoded
lol yes i loved it needs more good stxi,0,1,0.9329947010468196,0.9329947010468196,False,Negative,Positive,Uncoded
alan wake well worth the wait but spring 2010 it looks amazing,0,1,0.9037941585964845,0.9037941585964845,False,Negative,Positive,Uncoded
i am now from iran too iranelection,1,0,0.01632972976961062,0.9836702702303893,False,Positive,Negative,Uncoded
in music class lol bored tho ugh shut down the damn skool swine flu chelsea is kool ahaha,1,0,0.04764892259002372,0.9523510774099763,False,Positive,Negative,Uncoded
home in glasgow so tired though,1,0,0.06203678623844433,0.9379632137615557,False,Positive,Negative,Uncoded
where are you submitting hate the stress too,1,0,0.04737444776454899,0.952625552235451,False,Positive,Negative,Uncoded
thanks for the shout out you might be right about the starving thing little lol,0,1,0.964991149799731,0.964991149799731,False,Negative,Positive,Uncoded
laziness decreases health and wealth igo ko dah hehe,0,1,0.9110640058639896,0.9110640058639896,False,Negative,Positive,Uncoded
i wonder if you will ever say hello to me,0,1,0.9099033320452209,0.9099033320452209,False,Negative,Positive,Uncoded
c can i,1,0,0.008360529930088163,0.9916394700699118,False,Positive,Negative,Uncoded
i know but i was chillin with my girl stella lol,0,1,0.907745789691049,0.907745789691049,False,Negative,Positive,Uncoded
that's a bit harsh i'm a very chatty cathy but i'm not automated please don't unfollow,1,0,0.07767039636918815,0.9223296036308118,False,Positive,Negative,Uncoded
cleaning not fun why does family have to come haha,1,0,0.013877212902077,0.986122787097923,False,Positive,Negative,Uncoded
i've just woken up i need to do my stupid homework for tomorrow damn it,1,0,0.021772935231547014,0.978227064768453,False,Positive,Negative,Uncoded
ok i will watch,0,1,0.9296849232927032,0.9296849232927032,False,Negative,Positive,Uncoded
grrrr i hate subo c'mon hollie,1,0,0.04075996563806925,0.9592400343619307,False,Positive,Negative,Uncoded
mum's piano actually plays well now not so much of a headache,1,0,0.05236836528740291,0.947631634712597,False,Positive,Negative,Uncoded
all done off to work now after that im buying batteries and bandages nice combo huh lol have a nice day,0,1,0.9381485238896623,0.9381485238896623,False,Negative,Positive,Uncoded
thank you mama,0,1,0.9874684243725873,0.9874684243725873,False,Negative,Positive,Uncoded
driving to sopo for work they can all try but the kid shift working can't ever seem to find me to pull me over such slackers,1,0,0.09427384174068834,0.9057261582593117,False,Positive,Negative,Uncoded
wow boring,1,0,0.05610427664923563,0.9438957233507643,False,Positive,Negative,Uncoded
that taco truck is good,0,1,0.9063570011587739,0.9063570011587739,False,Negative,Positive,Uncoded
i m home i hate school now im going to do do something fun because i have very boring i want to have something to eat soon back,1,0,0.06616043169121762,0.9338395683087823,False,Positive,Negative,Uncoded
see you there,0,1,0.9264830487430757,0.9264830487430757,False,Negative,Positive,Uncoded
we love you jess,0,1,0.919671490480075,0.919671490480075,False,Negative,Positive,Uncoded
all this twilight hating needs to stop asap,1,0,0.03575179158479247,0.9642482084152075,False,Positive,Negative,Uncoded
with tootkache,0,1,0.9677912123207978,0.9677912123207978,False,Negative,Positive,Uncoded
hugs yay for no sinus headache,1,0,0.044582045352861324,0.9554179546471386,False,Positive,Negative,Uncoded
i'm back tried to go on to twitter last night when we were driving up but no luck think i had the wrong password,1,0,0.010821354984378988,0.989178645015621,False,Positive,Negative,Uncoded
just in case jahiem,0,1,0.9486945574961856,0.9486945574961856,False,Negative,Positive,Uncoded
chillin in la still dont know when i'm goin home yet damn you bryce,1,0,0.08860678266182687,0.9113932173381731,False,Positive,Negative,Uncoded
at work ugh,1,0,0.009077785681266637,0.9909222143187334,False,Positive,Negative,Uncoded
i just got a job and i didn't even need my phone to do it woo still no phone but i got a job,1,0,0.02415083981535761,0.9758491601846424,False,Positive,Negative,Uncoded
unfortunately this week so far has been filled with cold sore throats and sniffly noses but my glass is half full,1,0,0.024257986365754516,0.9757420136342455,False,Positive,Negative,Uncoded
well if you can't love me for whats on the inside i'll stick with the fish shorts,0,1,0.9287393932799446,0.9287393932799446,False,Negative,Positive,Uncoded
i wanted to get sims 3 but i have to slpit the money with me and my friend 30 30,1,0,0.07103870334420045,0.9289612966557995,False,Positive,Negative,Uncoded
cant decide whats next sure the vicar wont have been offended was concerned aboutmy hair but she has me in much worse states,1,0,0.020722370689477385,0.9792776293105226,False,Positive,Negative,Uncoded
woke up with a smile on my face and in a few minutes it was goneeeee,0,1,0.9240860869461691,0.9240860869461691,False,Negative,Positive,Uncoded
watching heartbeat,0,1,0.9021367539841284,0.9021367539841284,False,Negative,Positive,Uncoded
haha yeah,0,1,0.9504425125467145,0.9504425125467145,False,Negative,Positive,Uncoded
i am so sad i can't be with you guys best regards from vilnius to tbilisi,1,0,0.024806469130338207,0.9751935308696618,False,Positive,Negative,Uncoded
is back to work,1,0,0.07404109367965794,0.9259589063203421,False,Positive,Negative,Uncoded
chocolate cures migrains why didnt i think of that earlier in the day rather than having to suffer from pounding headaches doh,1,0,0.04779651078112841,0.9522034892188715,False,Positive,Negative,Uncoded
sonny with a chance is so cool i hope you can reply,0,1,0.9346426556448483,0.9346426556448483,False,Negative,Positive,Uncoded
i m at school it s boring,1,0,0.09666771167377423,0.9033322883262258,False,Positive,Negative,Uncoded
if i ever got a tom conrad print i would honestly be the happiest girl in the world,0,1,0.9003958165521444,0.9003958165521444,False,Negative,Positive,Uncoded
why so sick party too much last nite,1,0,0.017603474112034202,0.9823965258879658,False,Positive,Negative,Uncoded
doing work homework that is 1 wk left before finals its crunch time,1,0,0.06915883801542604,0.930841161984574,False,Positive,Negative,Uncoded
your welcome someone has just ditch me,0,1,0.9312642383058913,0.9312642383058913,False,Negative,Positive,Uncoded
i'm not going out either i'm too tired i need some rest besides i have to save money for my trip,1,0,0.08354670231565514,0.9164532976843449,False,Positive,Negative,Uncoded
aah so out of the loop with literally everything been holed up for the past week revising stressful times,1,0,0.049308395646192535,0.9506916043538075,False,Positive,Negative,Uncoded
i hate not being able to breathe through my nose mouth breathing like someone hahaha,1,0,0.07884772067928603,0.921152279320714,False,Positive,Negative,Uncoded
put the copyright crap in the description i dont think it needs to be on the video cuz its aired on dc,1,0,0.08758769528885466,0.9124123047111453,False,Positive,Negative,Uncoded
boooo cindy,1,0,0.05431049279133947,0.9456895072086605,False,Positive,Negative,Uncoded
meeeee tooooo i needed the laugh keep it up i'm following u now so i expect the jokes to continue,0,1,0.9662319961126385,0.9662319961126385,False,Negative,Positive,Uncoded
i am aren't i,1,0,0.0664100386651775,0.9335899613348225,False,Positive,Negative,Uncoded
today dan bought me bio dome and the reality bites soundtrack needless to say he gets mayjah points also my tummy is not happy boo,1,0,0.04174654901079648,0.9582534509892036,False,Positive,Negative,Uncoded
what what did you miss live shoot i am so slow sunday,1,0,0.053974253478502175,0.9460257465214978,False,Positive,Negative,Uncoded
hahaha i wisshhhhh i could go for your lovely bbq,0,1,0.9470466514095778,0.9470466514095778,False,Negative,Positive,Uncoded
thank you but doesnt work from the iphone been there done that no flash with this baby,1,0,0.078587244108,0.921412755892,False,Positive,Negative,Uncoded
that's an awful expensive rubber band,1,0,0.0230901072031614,0.9769098927968386,False,Positive,Negative,Uncoded
i am not nice to my body coke and no sleep sorrrryyy,1,0,0.07102053505422092,0.9289794649457791,False,Positive,Negative,Uncoded
take care andy lt 3,0,1,0.9564817944322414,0.9564817944322414,False,Negative,Positive,Uncoded
thanks and good luck with your search it is actually pretty tough these days,0,1,0.9366911429085402,0.9366911429085402,False,Negative,Positive,Uncoded
making really funny videos with friends and little sister help me,0,1,0.9099908189739544,0.9099908189739544,False,Negative,Positive,Uncoded
unfortunately i guess i'd have to find a sponsor before i could afford that,1,0,0.007372158907667137,0.9926278410923328,False,Positive,Negative,Uncoded
aww bless him barney hates thunder and lightening he's got me sat on the floor with him x,1,0,0.09331178279884306,0.906688217201157,False,Positive,Negative,Uncoded
whoop just had a sale on ebay not a big one but it's something been terribly slow for weeks now hope this is a trend,1,0,0.062017274302010206,0.9379827256979898,False,Positive,Negative,Uncoded
the rain hasn't stopped for a minute ugh my hair was a disaster lol had to get creative i look a bit decent now,1,0,0.06899612655915288,0.9310038734408471,False,Positive,Negative,Uncoded
writing report cards soooo tired but what an amazing day check it out on fb soon,0,1,0.9314463323322014,0.9314463323322014,False,Negative,Positive,Uncoded
looking forward to the concert tonight keep your fingers crossed that i get some front row tix otherwise it's the nosebleed section,0,1,0.9139227819636726,0.9139227819636726,False,Negative,Positive,Uncoded
my ipod won't turn on i've tried everything nothing worked must be the battery,1,0,0.04268850110702736,0.9573114988929726,False,Positive,Negative,Uncoded
woow my head hurts,1,0,0.0315846085632941,0.9684153914367059,False,Positive,Negative,Uncoded
hiii guysss ugh this weather is yucky,1,0,0.09412553385213676,0.9058744661478633,False,Positive,Negative,Uncoded
hi sam d how are you when you come i have to go abd the other way around maybe we can get together sometime xx,0,1,0.9284914420666837,0.9284914420666837,False,Negative,Positive,Uncoded
me game with michelle first taking the train amp the damn subway alone sad sad,1,0,0.005189662142105063,0.994810337857895,False,Positive,Negative,Uncoded
i'm sick today which stinks but at least i didn't have to go to school and had time to make this account,1,0,0.01327632452615051,0.9867236754738495,False,Positive,Negative,Uncoded
glad he is doing better tho and yay for free wifi,0,1,0.9729512739037884,0.9729512739037884,False,Negative,Positive,Uncoded
i'm still up so you can text me if you want,0,1,0.9263357307091578,0.9263357307091578,False,Negative,Positive,Uncoded
aiyooooo maybe chocolate will help chocolate helps in most situations,0,1,0.9326949620862914,0.9326949620862914,False,Negative,Positive,Uncoded
on my way to work in a very to busy train would rather be in bed,1,0,0.07373964014366938,0.9262603598563306,False,Positive,Negative,Uncoded
gigs i should hard when you have no one to watch with most of my friends are married and not into the rock scene anymore,1,0,0.06585224059799086,0.9341477594020091,False,Positive,Negative,Uncoded
will do lt 3,0,1,0.9226961176837962,0.9226961176837962,False,Negative,Positive,Uncoded
same here and his name is archibald which is an awesome bonus,0,1,0.9515976580320716,0.9515976580320716,False,Negative,Positive,Uncoded
wow sent us some awesome zanzibar options for our 7day trip in sept very impressed now to choose just 1,0,1,0.9186234882844069,0.9186234882844069,False,Negative,Positive,Uncoded
so sad i cant post my comment here it is amp i printscreen ed it,1,0,0.011238799122675832,0.9887612008773242,False,Positive,Negative,Uncoded
yearbooks are sick this year,1,0,0.03440919462193164,0.9655908053780684,False,Positive,Negative,Uncoded
still chugging along trying to get to edinburg so many things going wrong i wish them well,1,0,0.06993316038609275,0.9300668396139072,False,Positive,Negative,Uncoded
it's not my fault i get confused,1,0,0.051678097711952274,0.9483219022880477,False,Positive,Negative,Uncoded
for the first time in histoey i'm the only person on time last breakfast at leipzig makes me sad,1,0,0.017421097232152752,0.9825789027678472,False,Positive,Negative,Uncoded
its not looking too good outside if this continues i feel a movie night coming on,1,0,0.05969774730851668,0.9403022526914833,False,Positive,Negative,Uncoded
not too bad heard from her already emma jammies were in her bedding,1,0,0.07732180851545697,0.922678191484543,False,Positive,Negative,Uncoded
falling in love is easy staying there is the challenge,0,1,0.9287336682270573,0.9287336682270573,False,Negative,Positive,Uncoded
just added on myspace lol gonna turn in night twitbitchez,0,1,0.9651633829100776,0.9651633829100776,False,Negative,Positive,Uncoded
aww thanks ashley i appreciate that i just really liked him,0,1,0.9488098393878452,0.9488098393878452,False,Negative,Positive,Uncoded
what a wonderful day sun is shining what more could you ask oh arsenal in the fa cup final would be a start,0,1,0.9464915900462891,0.9464915900462891,False,Negative,Positive,Uncoded
sighs futsal tourney was disappointing but it was a good experience,1,0,0.08664376758278228,0.9133562324172178,False,Positive,Negative,Uncoded
nothing new one of the hardest working poets i know how it going besides busy,1,0,0.09464242455224323,0.9053575754477567,False,Positive,Negative,Uncoded
a closed mouth gathers no foot,1,0,0.0012381191536338394,0.9987618808463662,False,Positive,Negative,Uncoded
charter bus down to derby hopefully it won't be tooooo muddy in the infield,1,0,0.09084696587775484,0.9091530341222451,False,Positive,Negative,Uncoded
what happened to koalasrcute are they not cute anymore hey remember jennennifer don't know why i did just then,1,0,0.030894984425483062,0.9691050155745169,False,Positive,Negative,Uncoded
missing you so much i think you still dreaming lol you can sleep all day right miss u,1,0,0.06777548426381402,0.9322245157361859,False,Positive,Negative,Uncoded
i broke my computer the power button literally came off in my hand yup my life,1,0,0.09490026818073807,0.905099731819262,False,Positive,Negative,Uncoded
hope your hay fever isn't so bad today,1,0,0.02338575646430127,0.9766142435356987,False,Positive,Negative,Uncoded
you too off to london,0,1,0.9136283520900733,0.9136283520900733,False,Negative,Positive,Uncoded
good question i have to get up at 6 30 am awesome all those people are wonderful glad you had fun good night,0,1,0.9728118082461586,0.9728118082461586,False,Negative,Positive,Uncoded
i'm pissed i broke my camera tho oh well back to disposables lol i have classes to pay for,1,0,0.007298738558979123,0.9927012614410209,False,Positive,Negative,Uncoded
horrible headache and i have work after the dance show blehh last night was fun tho,1,0,0.022085255622101896,0.9779147443778982,False,Positive,Negative,Uncoded
so tired do not wanna take my final,1,0,0.02763752964098707,0.9723624703590129,False,Positive,Negative,Uncoded
buried under more paperwork not minding it so much,1,0,0.07146309526853864,0.9285369047314613,False,Positive,Negative,Uncoded
i have to revise my math test and i read slashs where's the problem,1,0,0.03352994334684832,0.9664700566531517,False,Positive,Negative,Uncoded
dum di dum cant sleeep and can not do the stanky leg fml,1,0,0.07008733220197316,0.9299126677980268,False,Positive,Negative,Uncoded
i'm trying to get her agreement not to put me in a nursing home because the diaper changing needs to be recipocated,1,0,0.08680576773418033,0.9131942322658196,False,Positive,Negative,Uncoded
good work i love u never forget it please tc i hope to see u later bye,0,1,0.9782856700408411,0.9782856700408411,False,Negative,Positive,Uncoded
hahaha i love it that was sooo funny i just got out of church learned about how to live my mission yea i'm behind,0,1,0.9542336781320232,0.9542336781320232,False,Negative,Positive,Uncoded
im crying of jealosy this is the first tour of hers i will miss i'm dying of jealousy,1,0,0.00702697955666704,0.9929730204433329,False,Positive,Negative,Uncoded
going to work soon,1,0,0.09006177091139438,0.9099382290886057,False,Positive,Negative,Uncoded
yum yeah east cowes at its' best some might tell you it's the seaweed but the locals know otherwise,0,1,0.9409395202167685,0.9409395202167685,False,Negative,Positive,Uncoded
not in the mood but i have to get my finances done bad night the day has got to be better,1,0,0.04871090522739923,0.9512890947726008,False,Positive,Negative,Uncoded
lol sad but true,1,0,0.09999162368180933,0.9000083763181906,False,Positive,Negative,Uncoded
im sat in my garden relaxing sorry i mean revising no really im doing maths revision dreading tomorrow but loving the sun,1,0,0.07223157726684075,0.9277684227331593,False,Positive,Negative,Uncoded
oh knee toe doing gooood but has to write a dumb essay,1,0,0.017764859444329616,0.9822351405556704,False,Positive,Negative,Uncoded
drat gmail is having issues this morning that's not allowed,1,0,0.031049537713153212,0.9689504622868468,False,Positive,Negative,Uncoded
bad things,1,0,0.06818056285730353,0.9318194371426964,False,Positive,Negative,Uncoded
thanks liz if you have any recommendations for vancouver would love to hear them,0,1,0.9534455976937319,0.9534455976937319,False,Negative,Positive,Uncoded
is going out because motivation has been lost no use in trying when you don't want to,1,0,0.037095920778904425,0.9629040792210956,False,Positive,Negative,Uncoded
sh t 35km my poor legs wouldn't make it boa noite para ti tamb m beijo,1,0,0.0804971769473432,0.9195028230526568,False,Positive,Negative,Uncoded
ya ok quit rubbing it in like we don't put up with enuff of a winter that it just doesn't want to come to an end,1,0,0.02803678983193263,0.9719632101680674,False,Positive,Negative,Uncoded
great night yesterday awake at 1 p m still a little tired should have seen j today but no news from him for 2 days,1,0,0.0845585660584718,0.9154414339415282,False,Positive,Negative,Uncoded
whoa be sure to moisturize really well,0,1,0.9817969065740584,0.9817969065740584,False,Negative,Positive,Uncoded
you're so hip it hurts,1,0,0.03573462485258694,0.9642653751474131,False,Positive,Negative,Uncoded
i tried but could not fall asleep i was so angry hahaha,1,0,0.036622199306528644,0.9633778006934713,False,Positive,Negative,Uncoded
omg i can t believe it he had lost his 2 handy and now he crie so much hahah,1,0,0.090359861102893,0.909640138897107,False,Positive,Negative,Uncoded
friends have gone home now watching britains got talent stavros flatley rule too grand is too cute and flawless should win,0,1,0.9352559078768717,0.9352559078768717,False,Negative,Positive,Uncoded
thanks just saw the post we're still figuring out twitter don't laugh lol,0,1,0.9580967104784325,0.9580967104784325,False,Negative,Positive,Uncoded
we miss everyone there too,1,0,0.08240420132241827,0.9175957986775818,False,Positive,Negative,Uncoded
having an emo moment going through a hard time need some fun tired of tennis shoulder hurts damn volleys needs a hug stayin strong,1,0,0.02134679644499318,0.9786532035550068,False,Positive,Negative,Uncoded
planning supper for the girls who are coming to spend the night pep talking myself how i used to do w t keep positive spirit faith,0,1,0.9525367796735118,0.9525367796735118,False,Negative,Positive,Uncoded
aw no dont cry that makes me cry every word was true though i know like i wish i could fast forward the next month we,1,0,0.021143129075074797,0.9788568709249252,False,Positive,Negative,Uncoded
bebrands by simon hammond good branding book read it when i was gonna rock the world with my food talents the world awaits,0,1,0.9239394196761961,0.9239394196761961,False,Negative,Positive,Uncoded
i didn't go to mexico btw but if i could i wouldve,1,0,0.06709794511624562,0.9329020548837543,False,Positive,Negative,Uncoded
mini beach week myrtle til tuesday the 6 hour drive home alone won't be fun though,1,0,0.09890929180587167,0.9010907081941283,False,Positive,Negative,Uncoded
has nothing to do today,1,0,0.09697609539443712,0.9030239046055629,False,Positive,Negative,Uncoded
me too i was very sad when i woke up this morning and couldn't see belle isle or the white party sign,1,0,0.01712853655486854,0.9828714634451314,False,Positive,Negative,Uncoded
pfft i never said i was depressed just lazy,1,0,0.08378716212721363,0.9162128378727864,False,Positive,Negative,Uncoded
wants a muffin,1,0,0.06418755178235785,0.9358124482176422,False,Positive,Negative,Uncoded
yes the grossness of late night drunk eating,0,1,0.9052908993953939,0.9052908993953939,False,Negative,Positive,Uncoded
still at nerinx been stuck here for a few hours why don't i call someone cause it's pretty out,1,0,0.041552282798733735,0.9584477172012663,False,Positive,Negative,Uncoded
ha i'll teach you to cruelly reject me as you did yesterday i would've enjoyed a day out with the girls,0,1,0.938843970528846,0.938843970528846,False,Negative,Positive,Uncoded
ugh i hate disco lol,1,0,0.02000895858575293,0.9799910414142471,False,Positive,Negative,Uncoded
bored bored bored what can i do later soccer time but now bored,1,0,0.07239613665798214,0.9276038633420178,False,Positive,Negative,Uncoded
way to stop by and say hey,0,1,0.9566356508550408,0.9566356508550408,False,Negative,Positive,Uncoded
hori i was scared that you got that terrible bug take careeee,1,0,0.031208868512309074,0.9687911314876909,False,Positive,Negative,Uncoded
lol this nutcracker killed my head so bad ugh i needa try and sleep it offfff goodnight,1,0,0.09626004466242555,0.9037399553375745,False,Positive,Negative,Uncoded
i find that i shed uncontrollable tears when my hair is removed by shears,1,0,0.04677449640955642,0.9532255035904436,False,Positive,Negative,Uncoded
school tomorrow it doesn't feel right without my lucky lt 3 unlike nadine i have finshed my dt homework good luck 8,1,0,0.045515771173703326,0.9544842288262967,False,Positive,Negative,Uncoded
misses my husband so i'm leaving greenville tomorrow,1,0,0.058937998879531585,0.9410620011204684,False,Positive,Negative,Uncoded
studying for finals all this week college is almost over,1,0,0.04472068098224661,0.9552793190177534,False,Positive,Negative,Uncoded
was that supposed to be a sad post if it is cheer up demi,1,0,0.09801503316072499,0.901984966839275,False,Positive,Negative,Uncoded
don't lie u wouldn't kno fractions even if u were not on cold meds dayquil has no alcohol in it yo i checked,1,0,0.06222249948710694,0.9377775005128931,False,Positive,Negative,Uncoded
listening to morrissey greatest hits scant consolation looking forward to catching up on holliegate that i have heard so much about,0,1,0.9198403704044859,0.9198403704044859,False,Negative,Positive,Uncoded
getting ready for 2morrow i just no im going to be so tired but happy to be spending time with my girls,0,1,0.9194653421736438,0.9194653421736438,False,Negative,Positive,Uncoded
work didn't suck,1,0,0.016821638073722483,0.9831783619262775,False,Positive,Negative,Uncoded
follow peter hes awesome dr carlisle needs lots ov love,0,1,0.9127455049253218,0.9127455049253218,False,Negative,Positive,Uncoded
smh i cant leave u one second without u talking about sex can i lmao,1,0,0.06719838970807299,0.932801610291927,False,Positive,Negative,Uncoded
o my god i had my play last night it was so fun a huge audience i was not nervice at all sarah and mike went mom didnt she sick,1,0,0.06570709021426704,0.934292909785733,False,Positive,Negative,Uncoded
oh well he can tell me hes sorry we missed eachother tomorrow i just might accept his apology,1,0,0.06072568395300768,0.9392743160469923,False,Positive,Negative,Uncoded
hello world another day of downtimes in network getting be flustrated good luck for a day,0,1,0.9532305837153752,0.9532305837153752,False,Negative,Positive,Uncoded
goodbye everybody,1,0,0.09213351524258596,0.907866484757414,False,Positive,Negative,Uncoded
tell those girls your clocking out lol,0,1,0.9125771006537334,0.9125771006537334,False,Negative,Positive,Uncoded
p s sailor moon is the best fricken show ever made man,0,1,0.9079037364412945,0.9079037364412945,False,Negative,Positive,Uncoded
well aren't you just the kindest people in the world unfortunately i have no such enquiries,1,0,0.0997900266992051,0.9002099733007949,False,Positive,Negative,Uncoded
is talking to the coolest boys marco robin and taj ps big day tomorrow,0,1,0.9540283754501031,0.9540283754501031,False,Negative,Positive,Uncoded
haterrrrr i told u hating is not an attractive trait boo,1,0,0.03386167110935437,0.9661383288906457,False,Positive,Negative,Uncoded
hmm ok then didn't think i was that bad you should see some of the nutters i follow,0,1,0.9140627696123416,0.9140627696123416,False,Negative,Positive,Uncoded
hand is still pretty weak i cant like punch anyone out yet or turn knobs but it doesnt hurt much,1,0,0.04374151064919689,0.9562584893508032,False,Positive,Negative,Uncoded
no,1,0,0.0008430049894551118,0.9991569950105449,False,Positive,Negative,Uncoded
i'm using paint net x64 and it's running crazily fast can't afford cs4 unfortunately yet,1,0,0.028332323557056942,0.971667676442943,False,Positive,Negative,Uncoded
pity it runs windows,1,0,0.06517955083840835,0.9348204491615917,False,Positive,Negative,Uncoded
i could have been over 300 followers today but im not gonna accept u if ur just a spam bot sorry all my followers are 100,1,0,0.055058076658381486,0.9449419233416185,False,Positive,Negative,Uncoded
thinking of accepting a job offer in media city its good pay nice ppl but a 2 hr travel one way,0,1,0.9138797290323876,0.9138797290323876,False,Negative,Positive,Uncoded
he is so cute lol,0,1,0.9690411805707712,0.9690411805707712,False,Negative,Positive,Uncoded
going to bed now probably get on that trusty ol' hiptop of mine wish for my missing all time low tickets please me hearties argh,1,0,0.0889538763512826,0.9110461236487174,False,Positive,Negative,Uncoded
its not,1,0,0.045721017236755084,0.954278982763245,False,Positive,Negative,Uncoded
there was nothin wrong wid my audio the pcm control was muted thts why my speakers were giving flickerin sound now its alrite,1,0,0.08638879722714671,0.9136112027728533,False,Positive,Negative,Uncoded
that i have still stuff to do not enough hours in the day,1,0,0.06996666718586325,0.9300333328141368,False,Positive,Negative,Uncoded
i am having a serious bad hair day oh well off to see the klevers,1,0,0.08656381749579253,0.9134361825042074,False,Positive,Negative,Uncoded
quot,0,1,0.934436987715823,0.934436987715823,False,Negative,Positive,Uncoded
i just made poking yourself in the eye with a plug unintenionally possible,0,1,0.9002686415869944,0.9002686415869944,False,Negative,Positive,Uncoded
ucb selling 3 1free from tomorrow 12 5pm ucb fans bad news no ucs on sale,1,0,0.03525599732078789,0.9647440026792121,False,Positive,Negative,Uncoded
aaaand lost time how sad is it that i'm excited i've only seen it about 3 times though unlike the chuck pilot,1,0,0.06218143977157055,0.9378185602284295,False,Positive,Negative,Uncoded
think about a wonderful person lt 3 i miiss you,0,1,0.928403028687443,0.928403028687443,False,Negative,Positive,Uncoded
i will adopt this adorable little dude someday i can't wait to play with him again,0,1,0.926492166003906,0.926492166003906,False,Negative,Positive,Uncoded
at morongo but not gambling lame ok well on the road again,1,0,0.09785098583259624,0.9021490141674038,False,Positive,Negative,Uncoded
thanks i ended up deleting 2 other awesome pics,0,1,0.9206844983253987,0.9206844983253987,False,Negative,Positive,Uncoded
lol we had fun yesterday watching all that old school stuff ball go down the hooooole,0,1,0.9429470268525156,0.9429470268525156,False,Negative,Positive,Uncoded
mine too i love that song,0,1,0.9220016741962034,0.9220016741962034,False,Negative,Positive,Uncoded
good morning back ya have a safe flight oh btw it's hot as hell here on the east coast enjoy lol,0,1,0.9137842802703504,0.9137842802703504,False,Negative,Positive,Uncoded
oh god now i want pancakes,1,0,0.06862715715368202,0.9313728428463179,False,Positive,Negative,Uncoded
eggheads asks can they be beaten on every show when they have lost before and they have evident on tape they never learn tho,1,0,0.0702870531975509,0.9297129468024491,False,Positive,Negative,Uncoded
wow long time thank you,0,1,0.9679523302857456,0.9679523302857456,False,Negative,Positive,Uncoded
still watching twitter online by the way how was i a dork haha,0,1,0.9775999202458493,0.9775999202458493,False,Negative,Positive,Uncoded
off to the norfolk broads for a bit of r amp r and a bit of diy too have a good one warren and enjoy the weather,0,1,0.9283790028161711,0.9283790028161711,False,Negative,Positive,Uncoded
wishing large mac screen was in fact small mac book so could go work in the sun so hot and its only 10 30,1,0,0.06193803826780445,0.9380619617321956,False,Positive,Negative,Uncoded
hey amy i'm not excited about the wait either i'll send you a song or two before then to hold you over,0,1,0.9095733952984848,0.9095733952984848,False,Negative,Positive,Uncoded
na not too bad my hands still swollen n feels stiff but i have my hand back what you up to,1,0,0.038334093098919685,0.9616659069010803,False,Positive,Negative,Uncoded
thanks,0,1,0.9996426389244277,0.9996426389244277,False,Negative,Positive,Uncoded
okay do it your way then p,0,1,0.9510758289121984,0.9510758289121984,False,Negative,Positive,Uncoded
has a headache and keeps receiving twitter updates,1,0,0.04011054867046086,0.9598894513295392,False,Positive,Negative,Uncoded
goodmorning tweeters early morning out to breakfast w my boys then the mall w the mercedes but its a good day,0,1,0.9750072353030023,0.9750072353030023,False,Negative,Positive,Uncoded
everyone thats sad depressed unhappy sad cheer upp please its the last week of school be happy everyone,1,0,0.0036125815538919277,0.9963874184461081,False,Positive,Negative,Uncoded
goodnight twitter friends the movie awards was not that great,0,1,0.9312916052327278,0.9312916052327278,False,Negative,Positive,Uncoded
sorry but the party's over,1,0,0.09832060863200323,0.9016793913679968,False,Positive,Negative,Uncoded
gladi perpisahan i have no idea where it is i think i'm not a good jambinese,1,0,0.08049359168993586,0.9195064083100641,False,Positive,Negative,Uncoded
lmao im sorry i get sidetracked on here and miss people's tweets nothing against you pal,1,0,0.07318870705392837,0.9268112929460717,False,Positive,Negative,Uncoded
i didn't see it lol it was sold out but i ate at pink taco,1,0,0.019704021930754663,0.9802959780692453,False,Positive,Negative,Uncoded
it might hav to cost u a history essay,1,0,0.07501561614485401,0.924984383855146,False,Positive,Negative,Uncoded
we cute baby otters are an endangered species you know smooches,0,1,0.9272294416459832,0.9272294416459832,False,Negative,Positive,Uncoded
man why do niggas like mark follow me i dont like none of you fake niggas man try me blocked my balls ur mouth,1,0,0.048046065250739275,0.9519539347492607,False,Positive,Negative,Uncoded
i want some bees but not near of me,1,0,0.028166493604108077,0.9718335063958919,False,Positive,Negative,Uncoded
a thanks,0,1,0.9996426389244277,0.9996426389244277,False,Negative,Positive,Uncoded
he he version 1 6 0 is very good current i use it for local on company use 1 4 4,0,1,0.9401558802599489,0.9401558802599489,False,Negative,Positive,Uncoded
just dropped stingray off,1,0,0.09263557299670802,0.907364427003292,False,Positive,Negative,Uncoded
sounds like curdling fun,0,1,0.9556658959180281,0.9556658959180281,False,Negative,Positive,Uncoded
i dont know why,1,0,0.07371886111742956,0.9262811388825705,False,Positive,Negative,Uncoded
dont diss guz it's a wicked place wish i was still a student there so i could come to the ball,1,0,0.06723680943168946,0.9327631905683106,False,Positive,Negative,Uncoded
the game you just lost it i feel like i crashed a party tonight,1,0,0.05610584709475219,0.9438941529052478,False,Positive,Negative,Uncoded
quot you do seem like a very interesting and attractive geeky redhead quot i don't even have red hair muppet,0,1,0.9150751578986916,0.9150751578986916,False,Negative,Positive,Uncoded
oh damn i missed it i'm sorry glad it was good though,1,0,0.034729938421362704,0.9652700615786373,False,Positive,Negative,Uncoded
i would bt that wack ass quot we're sorry quot is nt wht i'm tryin to hear right now i'd rather hear the waiter at ruchi's,1,0,0.08773922995406473,0.9122607700459353,False,Positive,Negative,Uncoded
you calm yourself i was kidding,0,1,0.9474077747889498,0.9474077747889498,False,Negative,Positive,Uncoded
thanks i never got my wisdom teeth out and they're impacted and giving me a fever and making me soooo nauseous,1,0,0.01775989457899047,0.9822401054210095,False,Positive,Negative,Uncoded
best day ever wosrt morning ever,0,1,0.9122544714609928,0.9122544714609928,False,Negative,Positive,Uncoded
the bad news i dropped so much money today on cloths i feel sick about it bleh the good news i saw my christie most of the day,1,0,0.0054979976934489815,0.9945020023065511,False,Positive,Negative,Uncoded
yeah and making us miss a train one time and waiting for 3 hours this wont be a problem lol,1,0,0.07667007554846923,0.9233299244515307,False,Positive,Negative,Uncoded
idk why i cant sleep im going to regret it tomorrow when im breaking my new horse but it will all be worth it in the end,1,0,0.09996465410960945,0.9000353458903906,False,Positive,Negative,Uncoded
another rainy day,1,0,0.05541891687550985,0.9445810831244902,False,Positive,Negative,Uncoded
soooo sad to be leaving tammy's its never long enough love ya girlfriend,1,0,0.019901582167130595,0.9800984178328694,False,Positive,Negative,Uncoded
we'll see,0,1,0.9322963366235083,0.9322963366235083,False,Negative,Positive,Uncoded
it's tuesday at work with major back pain and wishing i was back at the beach,1,0,0.03991444853974348,0.9600855514602565,False,Positive,Negative,Uncoded
whats great my dude sorry bout yesterday dude i was so zoned out i swear i looked at you but i didnt see you ya mean,1,0,0.08321711907228563,0.9167828809277143,False,Positive,Negative,Uncoded
have fun guys,0,1,0.9118373976509563,0.9118373976509563,False,Negative,Positive,Uncoded
amazing no rain no back to school traffic,1,0,0.07902071071804906,0.9209792892819509,False,Positive,Negative,Uncoded
cleaning my room took down posters goodbye joe jonas kevin jonas and nick jonas hello metro station i wish my room was red,1,0,0.09096678061162466,0.9090332193883753,False,Positive,Negative,Uncoded
a dangerous fever that's intense i hope the hospital staff were kindly i always get the officious pricks get well soon,1,0,0.09682922682145333,0.9031707731785467,False,Positive,Negative,Uncoded
yeah keep voting please,0,1,0.9100694547937801,0.9100694547937801,False,Negative,Positive,Uncoded
i was thinking about getting rid of my xbox 360 i guess i'm not going to now,1,0,0.08089077326679382,0.9191092267332062,False,Positive,Negative,Uncoded
last night in hawaii but to cool off our unofficial hi jam quot i've heard this song quot collie buddz quot she gimme luv quot,0,1,0.9255359553439009,0.9255359553439009,False,Negative,Positive,Uncoded
pity bart simpson is 10 not 8,1,0,0.08354583266458548,0.9164541673354145,False,Positive,Negative,Uncoded
i haven't slept much and feel like a zombie have to get ready for work good morning,1,0,0.07746349406971344,0.9225365059302866,False,Positive,Negative,Uncoded
take care,0,1,0.9274733553866457,0.9274733553866457,False,Negative,Positive,Uncoded
wakey wakey lemon shakeyyyy haha goin' 2 schooliooo it's raining ugh guess where i wish i can be right now california,1,0,0.08106325387796502,0.918936746122035,False,Positive,Negative,Uncoded
fol ah let's get ice cream,0,1,0.9173033178108196,0.9173033178108196,False,Negative,Positive,Uncoded
new fashion update iheartsl com,0,1,0.956223667457302,0.956223667457302,False,Negative,Positive,Uncoded
seriously took so much effort twitter did not want us to be friends thursday is so soon,1,0,0.07838217643743721,0.9216178235625628,False,Positive,Negative,Uncoded
my internet hotspots in no particular order fb twitter cnn google wiki i think that is all i use the internet for sad smh,1,0,0.04477827187408931,0.9552217281259107,False,Positive,Negative,Uncoded
i want some,1,0,0.09472070951291398,0.905279290487086,False,Positive,Negative,Uncoded
10 laps to go and it looks like another win for button is in the bag shame about barrichello though the race is over for him,1,0,0.0774696805645542,0.9225303194354458,False,Positive,Negative,Uncoded
are you missing argentina argentina is missing u so much come back soon,1,0,0.016540453461312592,0.9834595465386874,False,Positive,Negative,Uncoded
my itouch died so no meryl on the tube for me today boo but i have my phone doubt trailer,1,0,0.0034763015149060434,0.9965236984850939,False,Positive,Negative,Uncoded
i don't think i want to come back,1,0,0.08033694705940227,0.9196630529405977,False,Positive,Negative,Uncoded
who you are beautiful,0,1,0.9817504923663923,0.9817504923663923,False,Negative,Positive,Uncoded
share the love,0,1,0.9326872849890465,0.9326872849890465,False,Negative,Positive,Uncoded
looking for good job websites i want an avaya job but i don't want to move to the us,1,0,0.061536691990860926,0.9384633080091391,False,Positive,Negative,Uncoded
had a great night with the girlies have fun leah and shannon now time to study,0,1,0.9170531908926215,0.9170531908926215,False,Negative,Positive,Uncoded
happy mothers day to my mum who is on the other side of the world lol,0,1,0.9253987243232784,0.9253987243232784,False,Negative,Positive,Uncoded
ugh really really sick ihop shud fix it,1,0,0.014397321674772715,0.9856026783252273,False,Positive,Negative,Uncoded
myweakness his name is bobby,0,1,0.9464208851705329,0.9464208851705329,False,Negative,Positive,Uncoded
three words spring to mind 'chimps' 'tea' and 'party',0,1,0.9456424247358448,0.9456424247358448,False,Negative,Positive,Uncoded
hope so don't like it when you unhappy hugs,1,0,0.0721306999079028,0.9278693000920972,False,Positive,Negative,Uncoded
i'm sorry sister just think you get to see your man in a bit that should make you happy you guys should call me tonigh,0,1,0.9202396247109723,0.9202396247109723,False,Negative,Positive,Uncoded
it's raining,1,0,0.05374989438622861,0.9462501056137714,False,Positive,Negative,Uncoded
i miss you i think,1,0,0.024594537394188026,0.975405462605812,False,Positive,Negative,Uncoded
elohim noten egozim lemi she'ein sina'im i'm dying for a macbook wanna trade no windows ubuntu problems here,1,0,0.09144673666588159,0.9085532633341185,False,Positive,Negative,Uncoded
i love you x,0,1,0.9370865056751565,0.9370865056751565,False,Negative,Positive,Uncoded
phuu i just thought my vm with all my work in it crashed an could not be started anymore should really backup it more frequently,1,0,0.03332640889788295,0.966673591102117,False,Positive,Negative,Uncoded
lol my ipod hates me meant roni,1,0,0.0940123713343719,0.9059876286656281,False,Positive,Negative,Uncoded
we got there and there were no grey ones weren't any at manc either booo no doubt see you at a summer show xx,1,0,0.06666225799383796,0.933337742006162,False,Positive,Negative,Uncoded
at circle k ohh i remember someone who likes orange c1000 and strawberry pocky,0,1,0.9240373318387899,0.9240373318387899,False,Negative,Positive,Uncoded
didn't get quot called quot to be a jury member oh well i still get paid for going,1,0,0.09618166001404536,0.9038183399859546,False,Positive,Negative,Uncoded
damn cold game tell adam i hope he feels better,1,0,0.07760571932921792,0.9223942806707821,False,Positive,Negative,Uncoded
no more hassle with vintage instruments good thing you the band help keep the flame alive,0,1,0.9410271687153214,0.9410271687153214,False,Negative,Positive,Uncoded
you don't claim poor calvin,1,0,0.058586456417409005,0.941413543582591,False,Positive,Negative,Uncoded
i like nearly failed my exams ohhhh thats sad buh i didnt so its alritee hehe,1,0,0.009653611110529956,0.99034638888947,False,Positive,Negative,Uncoded
thank you for checking on me lol,0,1,0.9221468210521921,0.9221468210521921,False,Negative,Positive,Uncoded
no mam cant sleep had a great day until i got to baja i left with a migraine but tomorrow will be better,1,0,0.03822611631276973,0.9617738836872303,False,Positive,Negative,Uncoded
suck a fun nightt going to lay down with the dudes although i wish my gf was in my bed with me instead of them haha,1,0,0.08958947661575851,0.9104105233842414,False,Positive,Negative,Uncoded
good morning quot today is going to be a great productive day quot despite the fact it is raining yet again,0,1,0.9088478806589538,0.9088478806589538,False,Negative,Positive,Uncoded
that's all i needed to hear you'd think i'd have got over my nerves by now but still not,1,0,0.06992560339380058,0.9300743966061994,False,Positive,Negative,Uncoded
oh you can always see the scans believe me they are worth it xxxx,0,1,0.9367979036593418,0.9367979036593418,False,Negative,Positive,Uncoded
uk scientist ritalin safe for adult use en route towards a brave new world,0,1,0.9155570035746237,0.9155570035746237,False,Negative,Positive,Uncoded
aybaybay i'm still at home in bed ducks head in shame,1,0,0.058194438153155746,0.9418055618468443,False,Positive,Negative,Uncoded
yush you are,0,1,0.9780044119035484,0.9780044119035484,False,Negative,Positive,Uncoded
that's kind of cute actually,0,1,0.9512160786890098,0.9512160786890098,False,Negative,Positive,Uncoded
grad practice went well today long but short at the same time i love rick and judy so sad they are leaving t t,1,0,0.09094082612298511,0.9090591738770148,False,Positive,Negative,Uncoded
i like rock n roll jesus it's a good album,0,1,0.9681807503517798,0.9681807503517798,False,Negative,Positive,Uncoded
back to reality work work work what a fantasic day full of l o v e,1,0,0.05348579879644416,0.9465142012035559,False,Positive,Negative,Uncoded
a lot like love one of your pebrets oso,0,1,0.9407265530949684,0.9407265530949684,False,Negative,Positive,Uncoded
work is having a 'pizza party' today i wonder if they will have goodie bags maybe they will have cute hats too pizza parties rule,0,1,0.9285979149543767,0.9285979149543767,False,Negative,Positive,Uncoded
hahahha babe none of my friends from school have a twitter that's bummer but i have you,1,0,0.092610538800839,0.907389461199161,False,Positive,Negative,Uncoded
i love you jenny and no one is fucking with me my sister doesn't allow it lol,1,0,0.07097866947303469,0.9290213305269653,False,Positive,Negative,Uncoded
haha yessss i can't wait either i've missed my fellow matt fangirls,0,1,0.9551214939477001,0.9551214939477001,False,Negative,Positive,Uncoded
tina ann's new song quot lol quot sounds really weird but i enjoy it,0,1,0.9748400492784268,0.9748400492784268,False,Negative,Positive,Uncoded
dont have to go to school tommorow,1,0,0.007017010749522978,0.992982989250477,False,Positive,Negative,Uncoded
yeeeh love it dont forget me t when u go 2 espana,0,1,0.9199023160292755,0.9199023160292755,False,Negative,Positive,Uncoded
t dio 2 i'm going to bed my mom is scaring me here,1,0,0.09664443950856551,0.9033555604914345,False,Positive,Negative,Uncoded
i miss you,1,0,0.003376308070491776,0.9966236919295082,False,Positive,Negative,Uncoded
mine broke i tried that didnt work good luck tho,1,0,0.013294337313312563,0.9867056626866875,False,Positive,Negative,Uncoded
im following u cuz ur completely awesome amp i cant wait for the album stay blessed,0,1,0.9877479672150498,0.9877479672150498,False,Negative,Positive,Uncoded
nope no he didn't what a shame oh well the liberties our country gives people psh,1,0,0.03359762430038785,0.9664023756996122,False,Positive,Negative,Uncoded
i'm really gonna miss the few friends i have out there even if my goodbyes are never tearful at least we always have gchat,1,0,0.029789134866601008,0.9702108651333989,False,Positive,Negative,Uncoded
dun be sad lahh you still have the honey cornflakes,1,0,0.0742848568800952,0.9257151431199048,False,Positive,Negative,Uncoded
why not chernobyl and i don't want montgomery burns having all the power,1,0,0.0448825229490752,0.9551174770509248,False,Positive,Negative,Uncoded
i just made the strongest coffee of all time my goal is to get to sleep around five,0,1,0.948906781840288,0.948906781840288,False,Negative,Positive,Uncoded
couldnt read everything here because my pc nearly broke down when i tried to xd hm happiest and funniest bday ever i think,1,0,0.09962661450403601,0.900373385495964,False,Positive,Negative,Uncoded
sindre tweets for the first time but no one is paying attetion oh well,1,0,0.027980406267317716,0.9720195937326823,False,Positive,Negative,Uncoded
the weekend was a blast i had a great time on saturday now back to the usual routine yay,0,1,0.9048761084118928,0.9048761084118928,False,Negative,Positive,Uncoded
back from hay on wye going off for a cool walk in the woods before co op work fun fun,0,1,0.92982169530673,0.92982169530673,False,Negative,Positive,Uncoded
that sucks and was really rude of them i hope you gave that out of towner a hard time or had charlie growl at him,1,0,0.08396178129055008,0.9160382187094499,False,Positive,Negative,Uncoded
yessssss hahahahahaha,0,1,0.9015924693081938,0.9015924693081938,False,Negative,Positive,Uncoded
i was almost on america's most wanted but we had to cancel due to permit issues i was gonna be crossing the border,1,0,0.012285410786475591,0.9877145892135244,False,Positive,Negative,Uncoded
sorry i took so long to reply my phone got disconnected ha yeah i want to go to ny to study at nyu maybe next year,1,0,0.025858390756287125,0.9741416092437128,False,Positive,Negative,Uncoded
good luck today ull be great well school calls bye,0,1,0.9504863361179681,0.9504863361179681,False,Negative,Positive,Uncoded
2 hours of jogging cant feel my legs but dam i feel good,1,0,0.018431641010113315,0.9815683589898867,False,Positive,Negative,Uncoded
wish i was feeling better i really wanted to go shopping lol,1,0,0.025605074811376787,0.9743949251886233,False,Positive,Negative,Uncoded
didn't get to see the show but i'm pretty sure she'd make me cry and i don't cry easily either,1,0,0.012340661120892988,0.9876593388791071,False,Positive,Negative,Uncoded
goes to musical in a few hours don t want to do my homework don t want to tidy up the kitchen,1,0,0.08753930108795317,0.9124606989120468,False,Positive,Negative,Uncoded
that'd be really cool yeah i thought that'd be the case maybe though we can always hope haha,0,1,0.9452844372420159,0.9452844372420159,False,Negative,Positive,Uncoded
yeah in irvine i wish i could go too,1,0,0.0272959131480838,0.9727040868519162,False,Positive,Negative,Uncoded
don't worry i do i drink lots of stout and beer and cider but i am a wine person,0,1,0.912840642637501,0.912840642637501,False,Negative,Positive,Uncoded
susan boyle i love that sweet dowdy little woman,0,1,0.9868598858712909,0.9868598858712909,False,Negative,Positive,Uncoded
never a problem,1,0,0.0659301963847432,0.9340698036152568,False,Positive,Negative,Uncoded
everyone likes dany and im fergotten with afiq haha nak libatkan afiq plak d,0,1,0.9220899656442324,0.9220899656442324,False,Negative,Positive,Uncoded
i am a night owl extrodinaire sadly insomnia is a bitter sweet omnipotent seductress,1,0,0.09091322650820169,0.9090867734917983,False,Positive,Negative,Uncoded
i'm off to work be sure to add pnollen aka flashunderwear to you tweet have a good day gang,0,1,0.9667269181115445,0.9667269181115445,False,Negative,Positive,Uncoded
never boring when i'm there,1,0,0.09516853925160193,0.904831460748398,False,Positive,Negative,Uncoded
not really about medium sized she's a 7 month old tabby she's out of jail now she appears to be properly contrite,1,0,0.09685403487610886,0.9031459651238911,False,Positive,Negative,Uncoded
i love the quirky fun loving and humorous why so gloomy today friend smile for me,0,1,0.91773729864099,0.91773729864099,False,Negative,Positive,Uncoded
food has replaced sex in my life now i cant even get into my own pants x,1,0,0.06428933055069949,0.9357106694493005,False,Positive,Negative,Uncoded
heyy about the rev's twitter go on a7xfans com and you'll see that warner brothers have said that it is a fake,0,1,0.9123234687947086,0.9123234687947086,False,Negative,Positive,Uncoded
has been spared the drun k call poor got it tonight,1,0,0.07234175202174907,0.9276582479782509,False,Positive,Negative,Uncoded
i know but i love it haha,0,1,0.9893868946918793,0.9893868946918793,False,Negative,Positive,Uncoded
i wish,1,0,9.53592823024752e-05,0.9999046407176976,False,Positive,Negative,Uncoded
goodness they're sure taking their sweet time,0,1,0.9194106344293956,0.9194106344293956,False,Negative,Positive,Uncoded
no me neither part of my staple diet,1,0,0.06398914266420788,0.9360108573357921,False,Positive,Negative,Uncoded
thanks for the kind words i think i'll survive just another sign that i'm getting older,0,1,0.933167831593606,0.933167831593606,False,Negative,Positive,Uncoded
rearry rip youd never guess what i ate,1,0,0.029170705851245798,0.9708292941487542,False,Positive,Negative,Uncoded
feedback the bonus and promotion to 35 member,0,1,0.9048630931301908,0.9048630931301908,False,Negative,Positive,Uncoded
ill be leaving when you are arriving hope you have fun enjoy the beach and va im sure everyone is excited to see you,0,1,0.9737601866538116,0.9737601866538116,False,Negative,Positive,Uncoded
nothing is inevitable unless no one ever trys,1,0,0.05521069039102363,0.9447893096089763,False,Positive,Negative,Uncoded
fml can't watch quot kendra quot cause if the damn storm uhh tear oh well always does re runs,1,0,0.03136934003403282,0.9686306599659672,False,Positive,Negative,Uncoded
i hope your sleep is better than your day,0,1,0.9260896812276858,0.9260896812276858,False,Negative,Positive,Uncoded
there was food involved too but i didn't get home until 5 30 so lunch pretty much lasted until dinnertime,1,0,0.034092869132176636,0.9659071308678233,False,Positive,Negative,Uncoded
i need a good rub down i miss the touch,1,0,0.032265925748152444,0.9677340742518475,False,Positive,Negative,Uncoded
sad that the weekend is coming to an end but it was a great one,1,0,0.015415878436960715,0.9845841215630393,False,Positive,Negative,Uncoded
i love you,0,1,0.9370865056751565,0.9370865056751565,False,Negative,Positive,Uncoded
that's how i feel it's a bummer b c i like being creative just no time though if only i didn't have a day job too sigh,1,0,0.004834397441666917,0.9951656025583331,False,Positive,Negative,Uncoded
didn't set my alarm last night so now i'm running late to work about an hour late way to star off my week,1,0,0.06487804417882585,0.9351219558211742,False,Positive,Negative,Uncoded
appearance ugh i'm so sorry but meeeeee too i gotta get my graduation tickets night,1,0,0.02375681091896501,0.976243189081035,False,Positive,Negative,Uncoded
listening to candles hey monday,0,1,0.9466738514615528,0.9466738514615528,False,Negative,Positive,Uncoded
i am not a geek lol ok maybe a little x,0,1,0.904768685484342,0.904768685484342,False,Negative,Positive,Uncoded
it wasnt me was it if so i'm sorry anyway,1,0,0.051704002074735286,0.9482959979252648,False,Positive,Negative,Uncoded
have a good time dood,0,1,0.9211750793213793,0.9211750793213793,False,Negative,Positive,Uncoded
gross,1,0,0.022274915183505068,0.9777250848164949,False,Positive,Negative,Uncoded
weather cant believe how fast 2 day has gone i dont wanna go back 2 morrow ',1,0,0.01092144188455868,0.9890785581154413,False,Positive,Negative,Uncoded
reciving the hug i don't wanna be in school right now wanna go hooooooome,1,0,0.023120465358828574,0.9768795346411714,False,Positive,Negative,Uncoded
if you want the 45 euro tasting menu at gresca in bcn you must specify so when you make your reservation otherwise you're s o l,0,1,0.9123560184744784,0.9123560184744784,False,Negative,Positive,Uncoded
didn't sleep that well but i'm not really tired it's too pretty outside today to be lazy and tired,1,0,0.08732453088702297,0.912675469112977,False,Positive,Negative,Uncoded
not mad at all at you i was in kabouterworld trying to fix a bike i didn't have anything to do with suze going to sms it's nina,1,0,0.07435958128344142,0.9256404187165586,False,Positive,Negative,Uncoded
becuz its not u its no austin weger ok,1,0,0.0952477178188629,0.9047522821811371,False,Positive,Negative,Uncoded
tonight's lineup no lugo,1,0,0.08651046634142529,0.9134895336585747,False,Positive,Negative,Uncoded
you know u definitely deserved it i nominate you your fans see it alotta things are based on popularity rather than talent,0,1,0.9443917678898346,0.9443917678898346,False,Negative,Positive,Uncoded
thought deutsche welle had dropped their english service but heard it this morning on 7430 khz shortwave swl,1,0,0.08388284350604466,0.9161171564939553,False,Positive,Negative,Uncoded
up is one of the best movies ever lt 3 i just loved it way too much,0,1,0.915502689801529,0.915502689801529,False,Negative,Positive,Uncoded
me too but i finish work at 11am which is when i normally get up on saturday so i don't really lose my day p,1,0,0.0627045325428814,0.9372954674571186,False,Positive,Negative,Uncoded
sooooo tired have loads to do in the morning ugh night,1,0,0.06471892390721626,0.9352810760927838,False,Positive,Negative,Uncoded
while no chit chat sucks it is also job security even in contract work,1,0,0.050173908452498174,0.9498260915475019,False,Positive,Negative,Uncoded
btw i'm sorry my picture doesnt show up theres like a problem with it i'll try to fix it as soon as i can peaaaaceee lt 3,1,0,0.09912554095415263,0.9008744590458474,False,Positive,Negative,Uncoded
i hate watching scary movies wish i was cuddling ungrounded friday let's party,1,0,0.09232125743538114,0.9076787425646189,False,Positive,Negative,Uncoded
someday i'll wise up 'til then i'ma just love this bagel with honey almond cream cheese,0,1,0.9510729163390879,0.9510729163390879,False,Negative,Positive,Uncoded
i have to do a b n' e,1,0,0.04041399870872165,0.9595860012912784,False,Positive,Negative,Uncoded
oh no i wish those were gone even at the party last night i got some cupcakes to go though,1,0,0.025971338293845393,0.9740286617061547,False,Positive,Negative,Uncoded
my room is now littered with swag from nacba09 and i'm still missing stamps,1,0,0.09619305378545827,0.9038069462145417,False,Positive,Negative,Uncoded
i changed it hahaha happy betch i love you,0,1,0.9657164772445632,0.9657164772445632,False,Negative,Positive,Uncoded
hey hi ci just dropping in before working out usually i don't mind but its soooo hot phew nice cold shower to look forward to though,0,1,0.9553762727430524,0.9553762727430524,False,Negative,Positive,Uncoded
oh how i love that song,0,1,0.9808368406161965,0.9808368406161965,False,Negative,Positive,Uncoded
was having a sad day but now im better,1,0,0.0054884998731125016,0.9945115001268875,False,Positive,Negative,Uncoded
not a quot pinky and the brain quot fan i see,0,1,0.9010308375758141,0.9010308375758141,False,Negative,Positive,Uncoded
um mr deadly sir can you please follow me on twitter,0,1,0.9299543653776585,0.9299543653776585,False,Negative,Positive,Uncoded
rancid's music makes me wanna dance just too bad that i'm to tired at the moment gasp i must poo o,1,0,0.027365393213616456,0.9726346067863836,False,Positive,Negative,Uncoded
yikes that's harsh i wish i could afford international shipping lol but look at it this way only one more day till coffee,1,0,0.09633841116817916,0.9036615888318208,False,Positive,Negative,Uncoded
wants to go swimmin really bad,1,0,0.022296630544785707,0.9777033694552143,False,Positive,Negative,Uncoded
going to watch a film night xoxo,0,1,0.9165765395127268,0.9165765395127268,False,Negative,Positive,Uncoded
man im soooo bored i need a pc to do homework online but don't even have one so i guess ill just go out with some bros,1,0,0.020184338593235294,0.9798156614067647,False,Positive,Negative,Uncoded
you have to dm me your adress so i can post you something on your special day,0,1,0.914522578040985,0.914522578040985,False,Negative,Positive,Uncoded
ummm is that saracasm or sarcasm which one will help me lose followers asks my bad sorry but not really stinker,1,0,0.07616928249879293,0.923830717501207,False,Positive,Negative,Uncoded
i was so worried about my midterms but it's easier than i thought just have to study amp make sure everything is in lock,1,0,0.07542507451661049,0.9245749254833895,False,Positive,Negative,Uncoded
meany got not hot,1,0,0.06305057894517141,0.9369494210548286,False,Positive,Negative,Uncoded
i'm good thanks did you have a good drive careful with your blackberry we don't want you getting screamed at,0,1,0.9045846131379784,0.9045846131379784,False,Negative,Positive,Uncoded
unfortunately i gotta suffer daytime tv all mornin,1,0,0.04334005531184539,0.9566599446881546,False,Positive,Negative,Uncoded
why is your bf an idiot,1,0,0.08294044451769156,0.9170595554823084,False,Positive,Negative,Uncoded
fans always understand we love u,0,1,0.9219992862834377,0.9219992862834377,False,Negative,Positive,Uncoded
yeah i wish,1,0,0.08854015829859738,0.9114598417014026,False,Positive,Negative,Uncoded
haha so funny i missed seeing sara so nice to c her again her hair looks cool like that,0,1,0.9616878762184335,0.9616878762184335,False,Negative,Positive,Uncoded
same here i already dropped a cell phone in a toilet so,1,0,0.05869643948091845,0.9413035605190816,False,Positive,Negative,Uncoded
sorry brian,1,0,0.017716957733140075,0.9822830422668599,False,Positive,Negative,Uncoded
local beauty spot,0,1,0.9505560075722418,0.9505560075722418,False,Negative,Positive,Uncoded
is a tad hungover but nothing that a roast cant fix yum,1,0,0.08705344583176869,0.9129465541682313,False,Positive,Negative,Uncoded
please dont block me,1,0,0.055717381693830184,0.9442826183061698,False,Positive,Negative,Uncoded
just say hi to me and is that hard hahaha we really love you,0,1,0.9348853509920699,0.9348853509920699,False,Negative,Positive,Uncoded
haha i'm actually driving,0,1,0.9640454746765605,0.9640454746765605,False,Negative,Positive,Uncoded
i was begining to think that if you don't mind going alone it's definitely worth it,0,1,0.9033346325622112,0.9033346325622112,False,Negative,Positive,Uncoded
took ammar to work today,1,0,0.051979324013971005,0.948020675986029,False,Positive,Negative,Uncoded
stop crying about it and mooove on boo miss you lol,1,0,0.012654697857515652,0.9873453021424844,False,Positive,Negative,Uncoded
you should launch your cd in brazil,0,1,0.9016021521545599,0.9016021521545599,False,Negative,Positive,Uncoded
good luck man fingers crossed we get the green eh,0,1,0.9264678198604877,0.9264678198604877,False,Negative,Positive,Uncoded
hope you getter better,0,1,0.9018399956085503,0.9018399956085503,False,Negative,Positive,Uncoded
ouch my laptop is hoot waridoo hp this smoke gotta be controlled gt pure water plz lol ps i miss a niggur sniff,1,0,0.016888895430537752,0.9831111045694623,False,Positive,Negative,Uncoded
yes omg lt 333 i fell on the floor crying lt 3 i loveeeeeloveloveveveveveve him,1,0,0.06547074466945156,0.9345292553305484,False,Positive,Negative,Uncoded
hi im glad you had fun at tennis im about to go see dr dorfman last visit though,0,1,0.9008724672226507,0.9008724672226507,False,Negative,Positive,Uncoded
know now sorry emotions,1,0,0.08469880850366088,0.9153011914963392,False,Positive,Negative,Uncoded
its not fair you have so many followers im jealous xo,1,0,0.05038645547480166,0.9496135445251983,False,Positive,Negative,Uncoded
watching celtics magic sana yung lakers rockets na lang daya,0,1,0.9166837364042427,0.9166837364042427,False,Negative,Positive,Uncoded
dang you'll be missed,1,0,0.04081897851535867,0.9591810214846413,False,Positive,Negative,Uncoded
u better not your to close to me i don't want that,1,0,0.07281643297347809,0.9271835670265219,False,Positive,Negative,Uncoded
hey you long time,0,1,0.9411697944681426,0.9411697944681426,False,Negative,Positive,Uncoded
best choreography too,0,1,0.9181906651866312,0.9181906651866312,False,Negative,Positive,Uncoded
ok did not slee at all last nt i am exhausted and will be busy all day what was i thinking last nt,1,0,0.05523580418499534,0.9447641958150047,False,Positive,Negative,Uncoded
no i'm at home but i have to do tons of work,1,0,0.012483274394356545,0.9875167256056434,False,Positive,Negative,Uncoded
i want a labradoodle,1,0,0.0014473894330380317,0.998552610566962,False,Positive,Negative,Uncoded
its almost lunch time for you,0,1,0.9072006450859853,0.9072006450859853,False,Negative,Positive,Uncoded
yes i'm having the same problem with gape not as much spam but considering that it's usually zero even a few is too many,1,0,0.04371755404066903,0.956282445959331,False,Positive,Negative,Uncoded
somewhere nick abel is watching and laughing seven to zip trenton,0,1,0.9505141101232157,0.9505141101232157,False,Negative,Positive,Uncoded
my legs and bum are hurting from exercise yaaaaay its working,1,0,0.09892958121209298,0.9010704187879071,False,Positive,Negative,Uncoded
welcome to my life,0,1,0.9589482951942104,0.9589482951942104,False,Negative,Positive,Uncoded
panicking amp overwhelmed i want someone to come over tomorrow while i pack all my worldly possessions to help me focus call me,1,0,0.0979570989732903,0.9020429010267097,False,Positive,Negative,Uncoded
i miss my girls,1,0,0.0029149776799059935,0.997085022320094,False,Positive,Negative,Uncoded
changing the water on the fish tank they fishies are not happy,1,0,0.06798052380431838,0.9320194761956816,False,Positive,Negative,Uncoded
apparently not sorry i'm rubbish at this there are photos on his site though x,1,0,0.044139741740446735,0.9558602582595532,False,Positive,Negative,Uncoded
lol a are you enjoying the food o o and all in all my day was great,0,1,0.9671971330229748,0.9671971330229748,False,Negative,Positive,Uncoded
i am going it for tests for my sarcoidosis my husband has just lost his job and i'm not going so well send me a message,1,0,0.04435327265939137,0.9556467273406086,False,Positive,Negative,Uncoded
me too even a day without rain would be fine for me i miss the sun,1,0,0.01789491338605621,0.9821050866139438,False,Positive,Negative,Uncoded
oh yeah i know he made our nicholas feel bad let's go rip out her heart like she did to him lol,1,0,0.08637776713284404,0.9136222328671559,False,Positive,Negative,Uncoded
a so sad t t but ur gonna get 2 more an upside,1,0,0.08933986534586932,0.9106601346541306,False,Positive,Negative,Uncoded
if you typo quot hearts quot it could become quot hearst quot wow,0,1,0.9667764821682437,0.9667764821682437,False,Negative,Positive,Uncoded
all the best,0,1,0.9576857475668499,0.9576857475668499,False,Negative,Positive,Uncoded
hubby still not home apparently our date is canceled off to get more done before bed,1,0,0.09674651187018714,0.9032534881298129,False,Positive,Negative,Uncoded
still raining in barrie raining business,1,0,0.06279541259635699,0.937204587403643,False,Positive,Negative,Uncoded
i don't mind people cheering against the cavs as an quot evil empire quot type team as long as we could win a title first,0,1,0.9115566852941914,0.9115566852941914,False,Negative,Positive,Uncoded
cant get to the computer today so no updates also going back to college tomorrow but cant really do with spreadsheets there so boring,1,0,0.007826505156585199,0.9921734948434148,False,Positive,Negative,Uncoded
feeling sick refresh it like crazy til it works,1,0,0.09401141569263834,0.9059885843073616,False,Positive,Negative,Uncoded
omg 5 second rule jess 5 second rule,0,1,0.9081902876991543,0.9081902876991543,False,Negative,Positive,Uncoded
9 days till lvatt i can't wait well in america that is,0,1,0.9505644988937412,0.9505644988937412,False,Negative,Positive,Uncoded
its not very fair havin to work saturdays i feel bad now cos i'm going to unleash the force at the may day rave,1,0,0.054343822770455776,0.9456561772295442,False,Positive,Negative,Uncoded
work again after one day off and its already raining fitting,1,0,0.07198312190614523,0.9280168780938548,False,Positive,Negative,Uncoded
so not fair i have the muscles just not a bendy enough back,1,0,0.05261623766341237,0.9473837623365876,False,Positive,Negative,Uncoded
oh only 3 days for studying programming that's not good i wish i could be strong,1,0,0.020231122993006417,0.9797688770069936,False,Positive,Negative,Uncoded
yay frozen neck shoulder seems to be thawing i can move my head again this morning sore but mobile,1,0,0.0516877597935856,0.9483122402064144,False,Positive,Negative,Uncoded
cape town transit excited,0,1,0.9539670381278977,0.9539670381278977,False,Negative,Positive,Uncoded
no i'm in the us for the weekend not the uk,1,0,0.07395333136257617,0.9260466686374238,False,Positive,Negative,Uncoded
loveee finding hidden sticky notes that jon leaves for me to find,1,0,0.06616421509756706,0.9338357849024329,False,Positive,Negative,Uncoded
so much to do today mike's 30th b day is tomorrow i can't believe he is 30 he defiantly doesn't look it,1,0,0.07443086496523905,0.9255691350347609,False,Positive,Negative,Uncoded
do you read the books they are disappointing me hope true blood doesn't,1,0,0.08549807755915695,0.914501922440843,False,Positive,Negative,Uncoded
a it shouldn't be it should be quot so amazing timeless amp victorious quot,0,1,0.9461648669834899,0.9461648669834899,False,Negative,Positive,Uncoded
oh ok byee xoxo,0,1,0.9014295782546728,0.9014295782546728,False,Negative,Positive,Uncoded
i couldnt watch all her performance i had to turn my tv off i want sean to win,1,0,0.06103349912373355,0.9389665008762664,False,Positive,Negative,Uncoded
haiyaaa i wish i can sleep now i tried but still erm gud part is im no longer workin and start job hunt again,1,0,0.016773436227190526,0.9832265637728095,False,Positive,Negative,Uncoded
haha suuuuure i mena i'm happy to see patrick do quot enchanted quot and quot thriller quot xd buuuuut not as much time to talk to you,0,1,0.9574192509452306,0.9574192509452306,False,Negative,Positive,Uncoded
aww that's so sad,1,0,0.00021582466707061276,0.9997841753329294,False,Positive,Negative,Uncoded
i can only imagine how hard u have it im sorry some people r so hateful and u both rock,1,0,0.08151084060266818,0.9184891593973318,False,Positive,Negative,Uncoded
and i cant type,1,0,0.07289073742654595,0.927109262573454,False,Positive,Negative,Uncoded
no it didnt x,1,0,0.059230776866446844,0.9407692231335532,False,Positive,Negative,Uncoded
i love you too,0,1,0.9548570386996079,0.9548570386996079,False,Negative,Positive,Uncoded
im bored and cassie s net is crap and i want the pictures she took of me being a cat,1,0,0.0802516159058418,0.9197483840941582,False,Positive,Negative,Uncoded
just not in public right,1,0,0.06477489507993242,0.9352251049200676,False,Positive,Negative,Uncoded
mac sux,1,0,0.015210411542465174,0.9847895884575348,False,Positive,Negative,Uncoded
it's a scarf dress actually but i loved it too but it belongs to wardrobe lol,0,1,0.904074732107374,0.904074732107374,False,Negative,Positive,Uncoded
some people don't think twitter is 'about' catching up but i'm an info addict and hate missing posts,1,0,0.03628811984514145,0.9637118801548585,False,Positive,Negative,Uncoded
thanks,0,1,0.9996426389244277,0.9996426389244277,False,Negative,Positive,Uncoded
rain wtf still stoked on my red phone though,1,0,0.09494825767948682,0.9050517423205132,False,Positive,Negative,Uncoded
you are awsome and such an inspiration good lock and god bless,0,1,0.9893213242673777,0.9893213242673777,False,Negative,Positive,Uncoded
i don't know what to do now,1,0,0.05777749437651453,0.9422225056234854,False,Positive,Negative,Uncoded
wishing i had not stayed up until 4 in the morning this midlife crisis is going to kill me,1,0,0.04213709990722565,0.9578629000927743,False,Positive,Negative,Uncoded
yeah not having a tv sucks which is why i'm glad that you can find pretty much anything on the internet,1,0,0.09971433502182703,0.900285664978173,False,Positive,Negative,Uncoded
awww mine too,1,0,0.08579329383581169,0.9142067061641883,False,Positive,Negative,Uncoded
hahaha im broke i need money sighh,1,0,0.09233024781625304,0.9076697521837469,False,Positive,Negative,Uncoded
only male frogs ribbit we are setting our pet frog of a week free haruhi we'll miss you pics first she seems bored and lonely,1,0,0.08068442575748877,0.9193155742425112,False,Positive,Negative,Uncoded
just got stood up on booty call so sad and odd can only reveal to twitter friends my real friends,1,0,0.03064003276345113,0.9693599672365488,False,Positive,Negative,Uncoded
god my head hurts very hung over this morning,1,0,0.04222708178988638,0.9577729182101136,False,Positive,Negative,Uncoded
had planned to go to tawang valley but couldn't go due to bad weather spent time in bomdilla a 5k population town in arunachal awesome,1,0,0.04051784140020907,0.9594821585997909,False,Positive,Negative,Uncoded
went to markets for 20 mins started raining came home aparently rain will only last a hour i may go back before they close,1,0,0.08705300925155006,0.91294699074845,False,Positive,Negative,Uncoded
nope i want a playbill from n2n and i have on from tos which i haven't seen,1,0,0.09144674868862646,0.9085532513113735,False,Positive,Negative,Uncoded
not guilty,1,0,0.010940371556991861,0.9890596284430081,False,Positive,Negative,Uncoded
furniture designs and exploded axons done by friday maybe throw in a mini model too no problem,0,1,0.9038383355170618,0.9038383355170618,False,Negative,Positive,Uncoded
brandy don't feel bad i am 37 and still don't know,1,0,0.008829799528469783,0.9911702004715303,False,Positive,Negative,Uncoded
unfortunately he is too busy to do it for us he will be on the next release though,1,0,0.038084267689274975,0.961915732310725,False,Positive,Negative,Uncoded
major bummer but hey if it doesn't kill me it can only make me stronger viva tough skin,1,0,0.08298339144559785,0.9170166085544021,False,Positive,Negative,Uncoded
hahaha tempting but nvm la i'm quite a klutz i actually fare better with my hp cam lol,0,1,0.9321318992554295,0.9321318992554295,False,Negative,Positive,Uncoded
video killed the radio star was ruined for me by a complete wanker of a boy who i hope dies painfully,1,0,0.057453368976282226,0.9425466310237178,False,Positive,Negative,Uncoded
lol a you sound so desperate but dw in a way its cute hehe taek was never cool shutup trey is way cooler,0,1,0.9528115765580122,0.9528115765580122,False,Negative,Positive,Uncoded
i know and didn't cost a small fortune,1,0,0.0882765117223266,0.9117234882776734,False,Positive,Negative,Uncoded
lol no new diet plan ran late for wrk so didn't hav a chance to make lunch i ate a lot when i got hm,1,0,0.035182508829580156,0.9648174911704198,False,Positive,Negative,Uncoded
btw le 2eme americain sexy s'est foutu de ma guuele pck javais twitter offensee lol,0,1,0.9708895790012502,0.9708895790012502,False,Negative,Positive,Uncoded
home from work my back hurts now its time to go find dinner,1,0,0.04694333299829191,0.9530566670017081,False,Positive,Negative,Uncoded
finally in bed my body hurts tho has to be from wii i lost,1,0,0.016687800848309682,0.9833121991516903,False,Positive,Negative,Uncoded
goodnight everyone,0,1,0.9676444929861345,0.9676444929861345,False,Negative,Positive,Uncoded
watching be cool w the fam minus matt,0,1,0.9225189014495534,0.9225189014495534,False,Negative,Positive,Uncoded
it was perfect 4 me,0,1,0.9255318651305782,0.9255318651305782,False,Negative,Positive,Uncoded
am lso seriously addicted poor keeps getting his phone stolen so i can play it highest score now is 113,1,0,0.03192127422165368,0.9680787257783463,False,Positive,Negative,Uncoded
acordei good morning twitterzinho querido,0,1,0.9919022165221569,0.9919022165221569,False,Negative,Positive,Uncoded
annie's over i loved every minute of it being annie was amazing and everyone loved my performances thank you everyone for your support,0,1,0.9639406425478103,0.9639406425478103,False,Negative,Positive,Uncoded
hi babies ugh i hate this vacation i wanna leave ugh my mama wut r u doing i got u something nice its a secret ilya,1,0,0.05395199307859363,0.9460480069214063,False,Positive,Negative,Uncoded
no lake today how sad graduation tomorrow picking out paint colors on monday,1,0,0.04017726009643272,0.9598227399035673,False,Positive,Negative,Uncoded
is not hungover what a night though,1,0,0.05865215140213167,0.9413478485978684,False,Positive,Negative,Uncoded
almost over,1,0,0.0718973183723803,0.9281026816276197,False,Positive,Negative,Uncoded
i for one welcome our new cyber criminal overlords,0,1,0.9360282952825314,0.9360282952825314,False,Negative,Positive,Uncoded
awake can't sleep leaving to see grandma tomorrow,1,0,0.05864105419306533,0.9413589458069347,False,Positive,Negative,Uncoded
im hella feelin the sad slow songs right now my heart is just eatn it all up,1,0,0.016653659457876422,0.9833463405421236,False,Positive,Negative,Uncoded
the cat we used to have got in a fight once lol it came home all bloody i was so worried ah haha i want a dog,1,0,0.07868676988772576,0.9213132301122743,False,Positive,Negative,Uncoded
why is daz so bad at call duty and he can't deny being terrible,1,0,0.03510606500122907,0.964893934998771,False,Positive,Negative,Uncoded
back at work today only 3 shifts though before holiday,1,0,0.06628494254075454,0.9337150574592454,False,Positive,Negative,Uncoded
video the funniest bit from last night s tonight show i keep quoting it,0,1,0.9123029065448689,0.9123029065448689,False,Negative,Positive,Uncoded
god damn vending machines are so depressing standing at them waiting for your sad little snack like some pavlovian bitch happy tuesday,1,0,0.06068108208185591,0.939318917918144,False,Positive,Negative,Uncoded
enjoyed a nice relaxing day reading love the weekend but it is always too short,0,1,0.9234887821566058,0.9234887821566058,False,Negative,Positive,Uncoded
lol omg you are too funny i wouldn't follow diddy wait i follow diddy let's play another game lol,0,1,0.9836009339791214,0.9836009339791214,False,Negative,Positive,Uncoded
running very late for pride what a surprise probably won't be there too long my bff canceled and i'm sooo hungover,1,0,0.03238179643955804,0.9676182035604419,False,Positive,Negative,Uncoded
my legs are so fucking sore and my feet hurt to walk whataday,1,0,0.02703704670306814,0.9729629532969318,False,Positive,Negative,Uncoded
yes my sweetheart 15 yrs and a whole world lol,0,1,0.9133508059000424,0.9133508059000424,False,Negative,Positive,Uncoded
no i havn't sent it mah phones in the kitchen and i don't feel like going to get it ha i want a oreo,1,0,0.08030962810143714,0.9196903718985628,False,Positive,Negative,Uncoded
thank you very much,0,1,0.9879389016424369,0.9879389016424369,False,Negative,Positive,Uncoded
no i love you,1,0,0.0492758762984576,0.9507241237015424,False,Positive,Negative,Uncoded
i traded what is the first thing to happen i find out he left ringer turned on the hard way sorry office,1,0,0.07638271836633906,0.923617281633661,False,Positive,Negative,Uncoded
shine a light,0,1,0.9490094759993338,0.9490094759993338,False,Negative,Positive,Uncoded
i would too but they aren't releasing it until 2010 sigh i did congratulate them on getting the rights though,1,0,0.05107087600968665,0.9489291239903134,False,Positive,Negative,Uncoded
singin this song about you,0,1,0.936655527959705,0.936655527959705,False,Negative,Positive,Uncoded
workin today off tomorrow wish i had a car,1,0,0.05133949307055372,0.9486605069294463,False,Positive,Negative,Uncoded
i hate cold not even kidding today is going to be a good day i can see it now,1,0,0.08527214170870143,0.9147278582912985,False,Positive,Negative,Uncoded
well right now i'm in washington i'm cold i'm at work telling a bunch of cops where to go i'd rather be in nz,1,0,0.05160305793284523,0.9483969420671547,False,Positive,Negative,Uncoded
so totally not feeling the uni assignment love its kind of killing my spirit but not really,1,0,0.058759549482122864,0.9412404505178771,False,Positive,Negative,Uncoded
good morning richmond maybe we'll meet again some day,0,1,0.95466326569896,0.95466326569896,False,Negative,Positive,Uncoded
have fun on the mutha fuckin boat i'll be on the sho,0,1,0.9028886528044445,0.9028886528044445,False,Negative,Positive,Uncoded
sorry about disappearing earlier having problems with my phone and internet connection it's coming amp going i'm here for now,1,0,0.054996395888999315,0.9450036041110007,False,Positive,Negative,Uncoded
5 2 loss we played a good game considering there one of the best in the teir got a crazy slap shot of but of course it hit the post,0,1,0.9146862515089792,0.9146862515089792,False,Negative,Positive,Uncoded
went chasing this afternoon but didn't get in position 'till the storms were dissipating still fun though,1,0,0.04790278777053959,0.9520972122294604,False,Positive,Negative,Uncoded
haii thur nooo gotta do some shitty guitar show,1,0,0.04613971021105718,0.9538602897889428,False,Positive,Negative,Uncoded
i had to get up at 7 today because i had an early appointment to have my stitches taken out went staight back to bed when i got home,1,0,0.05321143446393315,0.9467885655360668,False,Positive,Negative,Uncoded
that is disgusting so much for lunch,1,0,0.07743584501015904,0.9225641549898409,False,Positive,Negative,Uncoded
2am still can't sleep anyone have a brick,1,0,0.012316410689748753,0.9876835893102512,False,Positive,Negative,Uncoded
nt true mosquitos cant stay away from a hottie cant help it,1,0,0.09705642734797539,0.9029435726520246,False,Positive,Negative,Uncoded
me too maybe i should go to bed i'm gonna be a little to over tired 2moro and the i won't be able to function,1,0,0.05201179008750219,0.9479882099124978,False,Positive,Negative,Uncoded
ha ca has 6 of the worst 10 woohoo well boohoo won't get me any sympathy so what the heck,1,0,0.0917744014954055,0.9082255985045945,False,Positive,Negative,Uncoded
ssp vnext as w other things is still under nda wtf i shouldn't have 2tell u cuz 1 u should know 2 not my job,1,0,0.09585473406570443,0.9041452659342956,False,Positive,Negative,Uncoded
i'm bored hate mondays just realized that i'm like garfield the cat miau,1,0,0.08259048263161657,0.9174095173683834,False,Positive,Negative,Uncoded
you get to watch in on televison we never get it over here i look but nothing and i can imagine not rewinding would be hard,1,0,0.04470462180071599,0.955295378199284,False,Positive,Negative,Uncoded
did you see the lakers i know you're a lakers fan but i'd like to see the finals at least be competitive,0,1,0.93006072094612,0.93006072094612,False,Negative,Positive,Uncoded
freedom thank you drivers ed for being over for today,0,1,0.9106371867276808,0.9106371867276808,False,Negative,Positive,Uncoded
ain beyonce does the birdie song will make things better it fits so well,0,1,0.9020305690092536,0.9020305690092536,False,Negative,Positive,Uncoded
is in the caravan waiting for the shitty rain to go so i can go home and see abbie x x,1,0,0.052007556714960934,0.9479924432850391,False,Positive,Negative,Uncoded
gonna go running because it's cold out and then it won't be so icky be back,1,0,0.06475004184794929,0.9352499581520507,False,Positive,Negative,Uncoded
love it when you had a tour with htl too so funny,0,1,0.9841342368735149,0.9841342368735149,False,Negative,Positive,Uncoded
sick of the bloody weather gna watch transporter 3 in bed,1,0,0.08831261092974846,0.9116873890702515,False,Positive,Negative,Uncoded
i'm needing a girls night wearing sweats watching movies eating chocolate and talking about boys,0,1,0.956010628946367,0.956010628946367,False,Negative,Positive,Uncoded
oh wait i totally just realized tomorrow well today is thursday not friday i don't have to go anywhere in the morning,1,0,0.03073606442384788,0.9692639355761521,False,Positive,Negative,Uncoded
dman that's ages ah well when it's done it will be awesome i don't even know what its about but i'll buy one ahaha,0,1,0.9235462663610609,0.9235462663610609,False,Negative,Positive,Uncoded
hell no i wont,1,0,0.0420507495505277,0.9579492504494723,False,Positive,Negative,Uncoded
that's me on a good day,0,1,0.9701986033176772,0.9701986033176772,False,Negative,Positive,Uncoded
what's a nice girl like you doin in a place like this sociallifefailduetogradschool,0,1,0.9717841749474531,0.9717841749474531,False,Negative,Positive,Uncoded
better not b about me j k,1,0,0.09760762513608207,0.902392374863918,False,Positive,Negative,Uncoded
'the sun is in the sky oh why oh why would i wanna be anywhere else ',1,0,0.08384489055353157,0.9161551094464684,False,Positive,Negative,Uncoded
i really want a ajaybhatt shirt,1,0,0.07408126602565493,0.9259187339743451,False,Positive,Negative,Uncoded
i miss being at the house sooo much i think a sleep over is in order some time soon i need my family,1,0,0.09650482501369365,0.9034951749863064,False,Positive,Negative,Uncoded
if so then sick lol but my myspace computer is being homo so its not showing up for a while lol,1,0,0.095475972363736,0.904524027636264,False,Positive,Negative,Uncoded
you did that is so amazing michael im so proud of you guys miss you,0,1,0.9141391778554919,0.9141391778554919,False,Negative,Positive,Uncoded
officially i believe i am perhaps the bordest person on the planet lol,0,1,0.9407816495513049,0.9407816495513049,False,Negative,Positive,Uncoded
i know but he didnt have to block me im better now,1,0,0.05609136599715436,0.9439086340028456,False,Positive,Negative,Uncoded
hey ure twittering yay it was nice to see u again i missed u mucho,0,1,0.9214041270232649,0.9214041270232649,False,Negative,Positive,Uncoded
i know a place where no1 goes i no a place where no1 cries cryin at all is not allowed not in my castle on a cloud xx,1,0,0.008650478334505253,0.9913495216654947,False,Positive,Negative,Uncoded
home tried college tomo urgh nearly summer,1,0,0.07421777153346795,0.925782228466532,False,Positive,Negative,Uncoded
is iwife expensive and can i uninstall if i don't like it,1,0,0.01786930995740829,0.9821306900425917,False,Positive,Negative,Uncoded
wanna see hangover don't wanna pay however,1,0,0.032482918904222426,0.9675170810957776,False,Positive,Negative,Uncoded
listening to jim jones dipset thinking about picking up some bob dylan new one so much great music,0,1,0.9604487084020532,0.9604487084020532,False,Negative,Positive,Uncoded
might be recording in wuppertal but unsure where it won't be the stadthalle i am afraid,1,0,0.0850968163196962,0.9149031836803038,False,Positive,Negative,Uncoded
whatever you like sayonara,0,1,0.9282585404440289,0.9282585404440289,False,Negative,Positive,Uncoded
i miss you too we're pissed that we're gonna miss the show lol i'm coming to chicago in about 2 weeks guess i'll see u then,1,0,0.032544034875284296,0.9674559651247157,False,Positive,Negative,Uncoded
fix up for single moms hmm that would be a great show idea just need a web cam lookin' for deals someday will get 1,0,1,0.9541489146430173,0.9541489146430173,False,Negative,Positive,Uncoded
woke up at 11 00 today i'm not gonna do anything today,1,0,0.08693876065303373,0.9130612393469663,False,Positive,Negative,Uncoded
i may join you,0,1,0.9274239741926827,0.9274239741926827,False,Negative,Positive,Uncoded
bored i want june to come already,1,0,0.09625691472643974,0.9037430852735603,False,Positive,Negative,Uncoded
going to see up in 3d later i heard it's reallysad,0,1,0.9364119804080172,0.9364119804080172,False,Negative,Positive,Uncoded
nice i knew youd come to your senses but you need a full body armour to come with us to our red planet,0,1,0.9208656904914087,0.9208656904914087,False,Negative,Positive,Uncoded
suddenly wanna watch quot 1 litoru no namida quot again,1,0,0.05812177036808751,0.9418782296319125,False,Positive,Negative,Uncoded
yup right out of twitterville for now it's hard to leave but nothing ever happened without some action later,1,0,0.08102040245123485,0.9189795975487651,False,Positive,Negative,Uncoded
sweet thanks so much guess it's just me,0,1,0.9457424915883019,0.9457424915883019,False,Negative,Positive,Uncoded
missing somebody,1,0,0.00047241857274966036,0.9995275814272503,False,Positive,Negative,Uncoded
oh real funny nice to know they don't even care lol,0,1,0.9144889281514264,0.9144889281514264,False,Negative,Positive,Uncoded
imho if you've seen quot waterworld quot you've seen the quot re imagined quot romulans in the new quot trek quot film,0,1,0.9635808118747008,0.9635808118747008,False,Negative,Positive,Uncoded
cut her bangs they are spiffy straight bangs now not retarded sad side bangs,1,0,0.02617584901875336,0.9738241509812466,False,Positive,Negative,Uncoded
i'm not gonna go to school today huge normus head ache all i wanna do is curl up with a bottle of advil my ipod and hope to god i live,1,0,0.06397929069256038,0.9360207093074396,False,Positive,Negative,Uncoded
sucks isn't it to have my old acc disappeared unlucky,1,0,0.008889802682337394,0.9911101973176626,False,Positive,Negative,Uncoded
yes,0,1,0.9402305369441872,0.9402305369441872,False,Negative,Positive,Uncoded
its your decision my love if you choose to stay as you are will you still be my wife,0,1,0.9280029447974967,0.9280029447974967,False,Negative,Positive,Uncoded
stomach hurts spicy chicken wings yesterday tooo much work err sunday,1,0,0.05440886319215613,0.9455911368078439,False,Positive,Negative,Uncoded
i miss you too al i really miss you p,1,0,0.016954161158632807,0.9830458388413672,False,Positive,Negative,Uncoded
i'm celebrating the day with my friends at divine savior,0,1,0.9439214354554398,0.9439214354554398,False,Negative,Positive,Uncoded
absent from now have to wirte a letter for my english homework,1,0,0.06808160291700233,0.9319183970829976,False,Positive,Negative,Uncoded
good morning tweeps im running a bit late,0,1,0.9079219166107725,0.9079219166107725,False,Negative,Positive,Uncoded
is not ready to australia yet actually she doesn't like packing,1,0,0.05395371583567117,0.9460462841643288,False,Positive,Negative,Uncoded
quot i'm sorry dave i'm afraid i can't do that quot wolframalpha needs help,1,0,0.07635024765536715,0.9236497523446329,False,Positive,Negative,Uncoded
back in the smog filled city of toronto no speeding tix for me,1,0,0.05589784700828389,0.9441021529917161,False,Positive,Negative,Uncoded
bb now i wish i'd gone downtown and peeked in through the window,1,0,0.0861406495520516,0.9138593504479484,False,Positive,Negative,Uncoded
in couple of hours tomorrow will be hitting the calendar again thankfully i finally memorized qwerty,0,1,0.9342435938736309,0.9342435938736309,False,Negative,Positive,Uncoded
for the first time watching a soccer game in australia unfortunately they don't like soccer here it's very hard see a soccer game on tv,1,0,0.05557033812872107,0.944429661871279,False,Positive,Negative,Uncoded
is it sad that i took forever to decide what to wear to a graduation that technically has nothing to do with me,1,0,0.01944847733207772,0.9805515226679222,False,Positive,Negative,Uncoded
miss you too i only get on this from my phone now,1,0,0.09996145508684551,0.9000385449131545,False,Positive,Negative,Uncoded
i looooove you toooo i will and i hope you have fun with everyone haha,0,1,0.9844725907638285,0.9844725907638285,False,Negative,Positive,Uncoded
i need a code,1,0,0.07984962271148045,0.9201503772885196,False,Positive,Negative,Uncoded
stuck n lost where am i last time at mangga dua alone i want my senayan hahahaha,1,0,0.00201695392128975,0.9979830460787102,False,Positive,Negative,Uncoded
say 1 263 point say 2 248 point,0,1,0.9285030895101677,0.9285030895101677,False,Negative,Positive,Uncoded
mmm 27 sneezes ahhh i love spring,0,1,0.9339186438335514,0.9339186438335514,False,Negative,Positive,Uncoded
i tried that doesn't work i can't sleep not until the sun is up but go ahead i'll text u in the am nite,1,0,0.04905538531430396,0.950944614685696,False,Positive,Negative,Uncoded
hi it's nice to see you twittering it is hot as hell here in arizona,0,1,0.9715947929859565,0.9715947929859565,False,Negative,Positive,Uncoded
yes please,0,1,0.9245825605732423,0.9245825605732423,False,Negative,Positive,Uncoded
fuck finals gsh im donde i wanna go to cancun mx plz,1,0,0.0418901565494628,0.9581098434505372,False,Positive,Negative,Uncoded
thankss,0,1,0.9090789053470916,0.9090789053470916,False,Negative,Positive,Uncoded
hi demi i love so muhc please say 'hello' to me,0,1,0.9185913053441526,0.9185913053441526,False,Negative,Positive,Uncoded
yo i am not in the airport yet,1,0,0.05214408953928519,0.9478559104607148,False,Positive,Negative,Uncoded
bored shitless cant move sooo sore tho sports day was brill,1,0,0.02533676954808204,0.9746632304519179,False,Positive,Negative,Uncoded
i'm so happy that tomorrow is finally wednesday the past couple of days dragged,0,1,0.9226316045016072,0.9226316045016072,False,Negative,Positive,Uncoded
gettin ready to board plane to baltimore nose is stuffy wish it was not bwi at 1 42 praying for sunshine,1,0,0.0745558867991947,0.9254441132008053,False,Positive,Negative,Uncoded
yes you win,0,1,0.9541486697622149,0.9541486697622149,False,Negative,Positive,Uncoded
stiiill cannot sleeep ugh still lving the dublyfe tilll wed,1,0,0.02532708575017114,0.9746729142498288,False,Positive,Negative,Uncoded
thanks for all of the bday shout out folks i feel old haha,0,1,0.9333640422925749,0.9333640422925749,False,Negative,Positive,Uncoded
no i miss you,1,0,0.01084274907461781,0.9891572509253822,False,Positive,Negative,Uncoded
yeah haha its gone my eyes now look funny hahaha amp in hte pic they are blue hahaha,0,1,0.9050198882228024,0.9050198882228024,False,Negative,Positive,Uncoded
lip still hurts but it doesnt look too bad today shall be a better day,1,0,0.026931210926599232,0.9730687890734008,False,Positive,Negative,Uncoded
haha i hvent recieved one xd haha jk,0,1,0.9211343064380539,0.9211343064380539,False,Negative,Positive,Uncoded
ahhh thought it was some man u one jeez and he still didn't get elected,1,0,0.0601605134162123,0.9398394865837877,False,Positive,Negative,Uncoded
when did your hear go missing rooney,1,0,0.0876718622038696,0.9123281377961304,False,Positive,Negative,Uncoded
working all day missin my love,1,0,0.004071158007753313,0.9959288419922467,False,Positive,Negative,Uncoded
hey beautiful xoxo,0,1,0.9793582963392333,0.9793582963392333,False,Negative,Positive,Uncoded
my phone died charger blew out but it was the rebirth and now it works,1,0,0.01863679417775935,0.9813632058222407,False,Positive,Negative,Uncoded
what happened don't leave us hanging,1,0,0.027065418897609585,0.9729345811023904,False,Positive,Negative,Uncoded
aww poor jumpnow but they're all pretty cool,1,0,0.0803975800602731,0.9196024199397269,False,Positive,Negative,Uncoded
i don't think anyone's died from a toothache i could be wrong,1,0,0.005211772556403123,0.9947882274435969,False,Positive,Negative,Uncoded
aww thanks and i hope you feel better,0,1,0.9288328206033784,0.9288328206033784,False,Negative,Positive,Uncoded
what a bummer i couldn't give next time i will be prepared,1,0,0.06009875821470919,0.9399012417852908,False,Positive,Negative,Uncoded
wow really you really think that that's i'm stunned speechless,0,1,0.9038850587637197,0.9038850587637197,False,Negative,Positive,Uncoded
with a motorcycle you never get stuck in a traffic jam motorcycles are so awesome,1,0,0.08768813836719185,0.9123118616328082,False,Positive,Negative,Uncoded
plzz w rite back miley it would make me so happy im going to ur concert in portland im so stoked im flying out there just4u,0,1,0.9363996040393305,0.9363996040393305,False,Negative,Positive,Uncoded
i won't be alone,1,0,0.011892428392221828,0.9881075716077782,False,Positive,Negative,Uncoded
i have no idea sorry,1,0,0.044227752365540274,0.9557722476344597,False,Positive,Negative,Uncoded
well im up and just here on twitter and watching some tv just here at home i have a tummy ache i think i miss my bby just alil lot,1,0,0.06435743993405187,0.9356425600659481,False,Positive,Negative,Uncoded
those pictures are amazing thank you i miss jb like crazy now haha,0,1,0.9327945077193505,0.9327945077193505,False,Negative,Positive,Uncoded
later gator i have haven't been my usual chipper self sorry,1,0,0.09926813850450289,0.9007318614954971,False,Positive,Negative,Uncoded
thanks for the credit,0,1,0.9817119148835516,0.9817119148835516,False,Negative,Positive,Uncoded
i know i saw that i am glad she is ok thank god,0,1,0.9249759000180049,0.9249759000180049,False,Negative,Positive,Uncoded
good morning kiddies shall we see what the day brings went to see the new terminator movie wait to rent it on dvd,0,1,0.9789287059668663,0.9789287059668663,False,Negative,Positive,Uncoded
jailbreak iphone tether to macbook 3g connection win,1,0,0.06704311270107967,0.9329568872989203,False,Positive,Negative,Uncoded
glad to know your night is as much of a resounding success as mine,0,1,0.9816239377179219,0.9816239377179219,False,Negative,Positive,Uncoded
oh stop it making me so jealous i guess that's the problem it having the time to go there,1,0,0.07147130339009622,0.9285286966099038,False,Positive,Negative,Uncoded
i thought fathers day had already been i made richard hammond sign his book for my dad,1,0,0.07708486570090231,0.9229151342990977,False,Positive,Negative,Uncoded
just got home from park it was fun andrea the baby loved it byebye,0,1,0.9735074361931787,0.9735074361931787,False,Negative,Positive,Uncoded
thank you enjoy your last day of highschool,0,1,0.9657011756104522,0.9657011756104522,False,Negative,Positive,Uncoded
not going to cracker 2nite s too wet amp rainy and bec's foot stuffed haha can you walk s are you coming monday,1,0,0.09846254068723188,0.9015374593127681,False,Positive,Negative,Uncoded
also lion brand snapdragon the coolest green ever,0,1,0.9578633145716205,0.9578633145716205,False,Negative,Positive,Uncoded
glad to hear it good to see you i haven't been around much,0,1,0.9814599120965057,0.9814599120965057,False,Negative,Positive,Uncoded
are there not here,1,0,0.06344746397720892,0.9365525360227911,False,Positive,Negative,Uncoded
yeaaa manng sorry i couldnt come tho n but i hope you had fun without me,1,0,0.019830336475040688,0.9801696635249593,False,Positive,Negative,Uncoded
short stack i dont want them in mah belleh hahah oh man im fucken hungry i would kill someone for pizza right now,1,0,0.09974248710868776,0.9002575128913123,False,Positive,Negative,Uncoded
ahhhhh i want to go to rehab tomorrow to see tiesto ive never even been there before and i dont have to work,1,0,0.01250554582734138,0.9874944541726586,False,Positive,Negative,Uncoded
tryin' to fall asleep but im so freakin' excited great now i have to pee this is gonna be harder than i thought no pun intended,1,0,0.09949674651929011,0.9005032534807099,False,Positive,Negative,Uncoded
welcome back u misd the sun here n com back 2rain hope u had a gud time,0,1,0.9580921417801642,0.9580921417801642,False,Negative,Positive,Uncoded
dear chad i dont want to move anymore please finish,1,0,0.06493121280637394,0.9350687871936261,False,Positive,Negative,Uncoded
lol poor guy he's got it rough not,1,0,0.08701045369003475,0.9129895463099652,False,Positive,Negative,Uncoded
grrr my black berry keeps messing up i am gonna have to call my carrier to send me a new one,1,0,0.030979471401318022,0.9690205285986819,False,Positive,Negative,Uncoded
i must get to work for sp slovenia site but i'm too sleepy,1,0,0.08477669300618153,0.9152233069938185,False,Positive,Negative,Uncoded
my head hurts like a headache i notice a lot of have one today but it's all the beautiful fresh air,1,0,0.0796509776694431,0.9203490223305569,False,Positive,Negative,Uncoded
done with term a now onto term b,0,1,0.9143780187279594,0.9143780187279594,False,Negative,Positive,Uncoded
no news from u,1,0,0.07106534403818945,0.9289346559618106,False,Positive,Negative,Uncoded
same hear i don't want to sleep,1,0,0.07238762482445846,0.9276123751755415,False,Positive,Negative,Uncoded
thank you for mocking me,0,1,0.9257073226952542,0.9257073226952542,False,Negative,Positive,Uncoded
whoever just called me from a blocked number call me back i'm off the train now,1,0,0.0971925047801512,0.9028074952198488,False,Positive,Negative,Uncoded
your secret crush on matrixx will be concealed for another night then,0,1,0.9263676579901052,0.9263676579901052,False,Negative,Positive,Uncoded
yeah but i wont have a curfew anymore coz exam period is gone and i can focus on drving and passing my test before you,1,0,0.03876217993108635,0.9612378200689137,False,Positive,Negative,Uncoded
oh miss kina do you have that video ready i'm still waiting,1,0,0.07087522045392672,0.9291247795460733,False,Positive,Negative,Uncoded
i don t have anythng to do,1,0,0.07851387726218984,0.9214861227378102,False,Positive,Negative,Uncoded
can ellen degeneres guest quot the bathroom girl quot on her show puhleeeese amazing vocals,0,1,0.9240606905199422,0.9240606905199422,False,Negative,Positive,Uncoded
3wordsaftersex good job righty,0,1,0.9478875225765954,0.9478875225765954,False,Negative,Positive,Uncoded
pshhh you and jordan better make some room for meeeee,0,1,0.9136187010670165,0.9136187010670165,False,Negative,Positive,Uncoded
no followfriday love,0,1,0.9538779912639035,0.9538779912639035,False,Negative,Positive,Uncoded
hey frnds im so sorry i cant reply ur cmmnts msgs n rqsts coz i dont have mch tym 2 go ol kinda busy w school n i ll face fnl exms,1,0,0.061309739465248224,0.9386902605347518,False,Positive,Negative,Uncoded
wow thanks for that one,0,1,0.988817423748713,0.988817423748713,False,Negative,Positive,Uncoded
i love the lovely and happy comic too but it's soooo time consuming haha about ric's galaga and the effect of alcohol upon it,0,1,0.9504496487245271,0.9504496487245271,False,Negative,Positive,Uncoded
schooool last full weekkk and then amandas to study for physics ugh,1,0,0.03247632259298325,0.9675236774070167,False,Positive,Negative,Uncoded
home alone again today only 2 more weeks til my mom finishes work,1,0,0.09063548246569494,0.909364517534305,False,Positive,Negative,Uncoded
bored i don't want to study moooore good luck in argentina mcfly,1,0,0.07628382893663423,0.9237161710633658,False,Positive,Negative,Uncoded
oh dear,1,0,0.05489284251824471,0.9451071574817553,False,Positive,Negative,Uncoded
doing my 9 wks test for math since i wont be at school a day tomorrow and i wont be there thur sun becuz im going on the band trip,1,0,0.059169748686636645,0.9408302513133634,False,Positive,Negative,Uncoded
shaved his hair off urgh got work in abit,1,0,0.07646844964967091,0.9235315503503291,False,Positive,Negative,Uncoded
lucky i might go in july hope you have fun and that you love it,0,1,0.980960916757768,0.980960916757768,False,Negative,Positive,Uncoded
awkk lol bout to eat dinner,0,1,0.9128824021403721,0.9128824021403721,False,Negative,Positive,Uncoded
i am judging dog competitions on sunday but i now have to be a man,1,0,0.07586178929423444,0.9241382107057655,False,Positive,Negative,Uncoded
wish i could see hey monday again,1,0,0.04176107723837604,0.9582389227616239,False,Positive,Negative,Uncoded
hey thanks for the comment just replied i have felt threatened by drunks on my way home at times,0,1,0.9250245073459549,0.9250245073459549,False,Negative,Positive,Uncoded
but andys awesome lol,0,1,0.9284600380998069,0.9284600380998069,False,Negative,Positive,Uncoded
wow what an a m a z i n g night disappointed to miss bgt's last semi final but had a wicked time with the lads tonight u rock xxx,1,0,0.09269664186183811,0.9073033581381619,False,Positive,Negative,Uncoded
it seems like most of my twitter fam has taken the night off i don't feel bad for clocking in late afterall,1,0,0.050752278011753235,0.9492477219882468,False,Positive,Negative,Uncoded
is listening to t a t u's albums they were amazing,0,1,0.9637144186190444,0.9637144186190444,False,Negative,Positive,Uncoded
my troat hurts fing a i miss myra wtf man wtf go shazam,1,0,0.00229717099308836,0.9977028290069117,False,Positive,Negative,Uncoded
no have you and what's your favorite rhcp song,0,1,0.9272591652011748,0.9272591652011748,False,Negative,Positive,Uncoded
welcome to my world,0,1,0.9410373657150475,0.9410373657150475,False,Negative,Positive,Uncoded
hoping it doesn't rain this afternoon round 2 of moving after work and i do not want a drench fest like thursday almost fully moved in,1,0,0.08128413730966855,0.9187158626903315,False,Positive,Negative,Uncoded
i think so i'll blame you anyway,0,1,0.9624879574125247,0.9624879574125247,False,Negative,Positive,Uncoded
noo u are,1,0,0.024661097831239775,0.9753389021687602,False,Positive,Negative,Uncoded
family guy is awesome,0,1,0.9687864672596526,0.9687864672596526,False,Negative,Positive,Uncoded
definitely agree dexter rules can't wait till the new season comes out just have to be patient,0,1,0.9406866433836519,0.9406866433836519,False,Negative,Positive,Uncoded
morning tom going to school now haha see you live on saturday have a fun day xx,0,1,0.9209106824175406,0.9209106824175406,False,Negative,Positive,Uncoded
lol,0,1,0.9848921840750716,0.9848921840750716,False,Negative,Positive,Uncoded
anyone want to help me pick some movies for netflix movie night make me happy,0,1,0.9254296930711552,0.9254296930711552,False,Negative,Positive,Uncoded
white tiger is my favorite animal don't laugh at it well those and monkeys haha,0,1,0.9505212891000063,0.9505212891000063,False,Negative,Positive,Uncoded
i can't wait to see it it looks really good camp rock 2 will be awesome too when it comes out like next year,0,1,0.9696395873495305,0.9696395873495305,False,Negative,Positive,Uncoded
you two have loads of fun for me and keep me in mind on the june 19th cause its my birthday lt 33,0,1,0.9302591550240192,0.9302591550240192,False,Negative,Positive,Uncoded
why does my temperature drop so much after a run i'm always bloody cold afterwards,1,0,0.026393439970514444,0.9736065600294855,False,Positive,Negative,Uncoded
attractive orange tinge on my head yummy hehe,0,1,0.980073497574009,0.980073497574009,False,Negative,Positive,Uncoded
wow i am very envious of you so glad that you are doing a great where you are all i saw today was a dead badger,0,1,0.9194895730079867,0.9194895730079867,False,Negative,Positive,Uncoded
i'll try that tonight and see how it works out thanks,0,1,0.9715086268797768,0.9715086268797768,False,Negative,Positive,Uncoded
good point but spanish banks is one of my favs,0,1,0.9102558246075162,0.9102558246075162,False,Negative,Positive,Uncoded
meeee tooooo but it's freezing outside and i don't want to miss this i have a job to do,1,0,0.002623816306090847,0.9973761836939091,False,Positive,Negative,Uncoded
i had a horrible case of hiccups tonight yet i managed to not drunk dial tweet anybody including,1,0,0.056857694781388926,0.9431423052186111,False,Positive,Negative,Uncoded
no its not an ankle problem its a foot problem it cant be fixed my stretching and shit like that,1,0,0.08289280562045528,0.9171071943795447,False,Positive,Negative,Uncoded
enjoyed twist but i so wanted a hanger steak too bad the kitchen was closed but the bar wasn't,1,0,0.010000106933294726,0.9899998930667053,False,Positive,Negative,Uncoded
oh i miss my boyfriend already and and i cant wait for transformers ii to come out,1,0,0.04088210081832834,0.9591178991816717,False,Positive,Negative,Uncoded
yeah i figured it hasn't really slowed down my pc much but i just don't like resource hogging apps very much,1,0,0.07139064214841243,0.9286093578515876,False,Positive,Negative,Uncoded
is missing my american crackberry,1,0,0.012219076685330768,0.9877809233146693,False,Positive,Negative,Uncoded
just a shout out i love olive i really miss pushing daisy i'm very happy to hear u will be on glee go olive go kristen,0,1,0.9154327163197499,0.9154327163197499,False,Negative,Positive,Uncoded
you can't follow yourself dayyummm,0,1,0.9600533643701128,0.9600533643701128,False,Negative,Positive,Uncoded
removed my external keyboard and monitor i can make it without them,1,0,0.09961212366105258,0.9003878763389475,False,Positive,Negative,Uncoded
sorry's not good enough,1,0,0.006909529355872678,0.9930904706441274,False,Positive,Negative,Uncoded
temperature is down but the pain is still bad hoping antibiotics kick in soon thanks for asking,1,0,0.04309927932692022,0.9569007206730797,False,Positive,Negative,Uncoded
hope you had fun,0,1,0.9777977316715681,0.9777977316715681,False,Negative,Positive,Uncoded
going to the final third year discipleship then off to bowl and eat ice cream with the gtaustin staff the great day,0,1,0.9139983808159409,0.9139983808159409,False,Negative,Positive,Uncoded
got my geulis car back got my e71 back still no money still no good mood still not well but i'm alive,1,0,0.004475450616064555,0.9955245493839354,False,Positive,Negative,Uncoded
lush day and off to work gutted should be quiet though,1,0,0.04747103671100501,0.952528963288995,False,Positive,Negative,Uncoded
i didn't even go out last night time to go to work,1,0,0.023852610222060394,0.9761473897779396,False,Positive,Negative,Uncoded
loved the sound of the grumble when i'd accelarate ha ha ha,0,1,0.954591262793891,0.954591262793891,False,Negative,Positive,Uncoded
i had the worst headache all day i'm surprised i dont have side effects from overdosing on exedrin amp tylenol off to bed goooodniteee,1,0,0.028114675300964113,0.9718853246990359,False,Positive,Negative,Uncoded
i dont knw if i can or i cant bt i love them so cnt do without them i just hope i dont become fat else wud have to stop,1,0,0.049788451468804604,0.9502115485311954,False,Positive,Negative,Uncoded
wishing jacques brel wasn't such a messed up person beautiful music though,1,0,0.035360536022699486,0.9646394639773005,False,Positive,Negative,Uncoded
very so sleepy tho may laze on beach o what's that your working bummer sucks to be you muhaha jokes but seriously,1,0,0.07494563150639431,0.9250543684936057,False,Positive,Negative,Uncoded
i hate coffee,1,0,0.019011714992868627,0.9809882850071314,False,Positive,Negative,Uncoded
but im away to play fifa where i can play football and not get sunburnt,1,0,0.0637146501582372,0.9362853498417628,False,Positive,Negative,Uncoded
so happy i survived the crazy thunderstorms last night,0,1,0.9743622769689789,0.9743622769689789,False,Negative,Positive,Uncoded
aww thats awesome i live in a false reality i like 2 think i can sing but i cant doesn't stop me from beltin it out n my car,1,0,0.09777561663136011,0.9022243833686399,False,Positive,Negative,Uncoded
sorry i'm getting hungry again too p,1,0,0.03072113579495968,0.9692788642050403,False,Positive,Negative,Uncoded
i feel like i was hit by a bus,1,0,0.062017191717177865,0.9379828082828221,False,Positive,Negative,Uncoded
i hate doin laundry and i am so hungry lol,1,0,0.0518718476916981,0.9481281523083019,False,Positive,Negative,Uncoded
dammit must come over these holidays,1,0,0.07717751053989558,0.9228224894601045,False,Positive,Negative,Uncoded
again aw xx,1,0,0.07349210128627777,0.9265078987137222,False,Positive,Negative,Uncoded
goin back to work next week so not looking forward to waking up early and commuting but i need da money goin to buy a new car yeepee,1,0,0.016664350968633397,0.9833356490313666,False,Positive,Negative,Uncoded
ow ow ow surprisingly there's no traffic in sudirman at this time wooohhhoooooooo,1,0,0.08062048482019804,0.919379515179802,False,Positive,Negative,Uncoded
l word is laaaav i'll miss my favorite show,1,0,0.05670441292112092,0.9432955870788791,False,Positive,Negative,Uncoded
we shall see,0,1,0.948994852458626,0.948994852458626,False,Negative,Positive,Uncoded
damn i hate arts it's the worst lesson on school please entertain me,1,0,0.02852531592982425,0.9714746840701758,False,Positive,Negative,Uncoded
sorry about it,1,0,0.020477665641206722,0.9795223343587933,False,Positive,Negative,Uncoded
playing wii with nephew n niece i'm such a looooseeeeeer,0,1,0.9226079386915528,0.9226079386915528,False,Negative,Positive,Uncoded
nice of you to say hello in steam chat you bastard,0,1,0.9552105570321968,0.9552105570321968,False,Negative,Positive,Uncoded
damn i was hoping to get a free prezzy,1,0,0.08765809830661228,0.9123419016933877,False,Positive,Negative,Uncoded
cough cough o my chest hurts i hate being ill i'm too much of a wuss to cope well yellow day in work today i hate yellow,1,0,0.0034040338383585166,0.9965959661616415,False,Positive,Negative,Uncoded
hi tom how are you please tweet back just to make my day,0,1,0.9108888788806521,0.9108888788806521,False,Negative,Positive,Uncoded
i wanna go to paris,1,0,0.09029414619688558,0.9097058538031144,False,Positive,Negative,Uncoded
sitting waiting wishing,1,0,0.07045431976825596,0.929545680231744,False,Positive,Negative,Uncoded
oh thanks,0,1,0.9050177118155315,0.9050177118155315,False,Negative,Positive,Uncoded
lmfao yes i did and we all kno its the truth lol,0,1,0.92359243400565,0.92359243400565,False,Negative,Positive,Uncoded
ohhh my backkk going to bed goodnight twitter,0,1,0.9165954970309873,0.9165954970309873,False,Negative,Positive,Uncoded
did not get to watch night no spoiler comments,1,0,0.07572587985915682,0.9242741201408432,False,Positive,Negative,Uncoded
xpressmusic phones aren't the same quality as the nseries yeah those side buttons sucks,1,0,0.09621270402187482,0.9037872959781252,False,Positive,Negative,Uncoded
sooo sad i didn't see your invite till this morning since your baby is so cute it might not help my baby itch,1,0,0.019382617065430947,0.980617382934569,False,Positive,Negative,Uncoded
what's good phil you haven't hit me up in forever lets get social toya,0,1,0.9309885468086241,0.9309885468086241,False,Negative,Positive,Uncoded
well bags of fun i'm going to have burning this lot off tonight,0,1,0.9038319969361392,0.9038319969361392,False,Negative,Positive,Uncoded
oh sorry yr not exhibiting i misunderstood,1,0,0.0684849376221992,0.9315150623778008,False,Positive,Negative,Uncoded
good morning not feeling too bad considering sorry if i offended last night got carried away with the red wine xx,1,0,0.06912540445529444,0.9308745955447055,False,Positive,Negative,Uncoded
new moon trailer omg i love it crazy to watch hills finale,0,1,0.9269668910380782,0.9269668910380782,False,Negative,Positive,Uncoded
crappy,1,0,0.00410579533876247,0.9958942046612376,False,Positive,Negative,Uncoded
i'm not even sad i don't get abc i have all the harry potter movies on dvd i can fast forward cedric quot going to sleep quot,1,0,0.05349315039490519,0.9465068496050948,False,Positive,Negative,Uncoded
it never fails i always have to go back to work tomorrow good night,1,0,0.074050131156209,0.925949868843791,False,Positive,Negative,Uncoded
yeah like 100 f i love the heat,0,1,0.9077935108234305,0.9077935108234305,False,Negative,Positive,Uncoded
that's too bad,1,0,0.021171272690082073,0.9788287273099179,False,Positive,Negative,Uncoded
oh so you're not looking for someone to telecommute,1,0,0.03281212315468386,0.9671878768453162,False,Positive,Negative,Uncoded
dont mean to be difficult by why also what if the next version is more expensive me has budget hehe seriously why,1,0,0.038453951222971405,0.9615460487770287,False,Positive,Negative,Uncoded
i amm my nose is just messed up,1,0,0.04210481276397095,0.9578951872360291,False,Positive,Negative,Uncoded
i'm having the most terrible cramps ever in my life rj is home safe,1,0,0.07729723628814777,0.9227027637118522,False,Positive,Negative,Uncoded
oh sweetie happy birthday text me if you need to talk vent okay ily lt 3,0,1,0.9572094324593765,0.9572094324593765,False,Negative,Positive,Uncoded
love you lady,0,1,0.9023771422206478,0.9023771422206478,False,Negative,Positive,Uncoded
lmao wooooop but yes dingles,0,1,0.9063392336277257,0.9063392336277257,False,Negative,Positive,Uncoded
i wish i could sleep forever,1,0,0.032911914441277536,0.9670880855587225,False,Positive,Negative,Uncoded
mj just called my week has been made i miss my cuz so much,1,0,0.02889127935747382,0.9711087206425262,False,Positive,Negative,Uncoded
i miiiiiiss you muchito u u,0,1,0.9968691219023424,0.9968691219023424,False,Negative,Positive,Uncoded
wow you guys have really outdone yourself awesome but too bad i have to wish my summer away,1,0,0.015784885726725754,0.9842151142732742,False,Positive,Negative,Uncoded
haha i thought you did that from the start haha i think i'm officially obsessed with you guys haha xoxoxo,0,1,0.9702145773664261,0.9702145773664261,False,Negative,Positive,Uncoded
suddenly realized i have left lara c all alone up in the arctic my god what was i thinking i'd better go help her outta there,1,0,0.04443620795960652,0.9555637920403934,False,Positive,Negative,Uncoded
negative you are not allowed to leave cville,1,0,0.07417115135263984,0.9258288486473601,False,Positive,Negative,Uncoded
ok i better go get ready for the school run catch you all later xx,0,1,0.9521446009066292,0.9521446009066292,False,Negative,Positive,Uncoded
although in my poor post college days i has a suite of dried out cheese amp limp veggies recipes nasty stuff,1,0,0.09435956856182741,0.9056404314381726,False,Positive,Negative,Uncoded
ritza thought u was coming to calebs thing miss u,1,0,0.00936082935922145,0.9906391706407786,False,Positive,Negative,Uncoded
up warly on a saturday morning cuz i got a freaking meeting to go to smh aboutta smoke this blunt,1,0,0.07334529442670928,0.9266547055732908,False,Positive,Negative,Uncoded
never ended up going to the festival people had complications oh wells its not like i don't see enough live music,1,0,0.08981213258692815,0.9101878674130719,False,Positive,Negative,Uncoded
3 youtube loves my hd videos well maybe,0,1,0.9062237845598498,0.9062237845598498,False,Negative,Positive,Uncoded
you've got to love the internet hatton fight downloaded in minutes oooh look who's that jowly cock in the audience oh it's p diddy,0,1,0.9554121839380361,0.9554121839380361,False,Negative,Positive,Uncoded
im still not really better hopefully this sick would repeal my last sin,1,0,0.024099479343927255,0.9759005206560727,False,Positive,Negative,Uncoded
on my way home glad sad its over but i met james,1,0,0.07828343741029006,0.9217165625897099,False,Positive,Negative,Uncoded
a last time i was on caltrain was month ago b did not re check schedule after 511ing yestdy c bit me,1,0,0.06579894175474293,0.9342010582452571,False,Positive,Negative,Uncoded
i'm wondering if i should do something similar but have no time writechat,1,0,0.07890937598020595,0.921090624019794,False,Positive,Negative,Uncoded
i just realized that since i'm using identi ca my blog is dying a slow sad death ah well i haven't got much to say anyways,1,0,0.007918245607292667,0.9920817543927073,False,Positive,Negative,Uncoded
not yet disappointed there's no singalongfriday going on here,1,0,0.006142788277334774,0.9938572117226653,False,Positive,Negative,Uncoded
i'm working,1,0,0.049633130622856535,0.9503668693771434,False,Positive,Negative,Uncoded
yes i did also i miss you sorry for the caps its probably annoying,1,0,0.09351225107561893,0.9064877489243811,False,Positive,Negative,Uncoded
what about me,1,0,0.04819943404251595,0.9518005659574841,False,Positive,Negative,Uncoded
really i'm sitting under air condition and still no help i hate this weather,1,0,0.003487151388443817,0.9965128486115562,False,Positive,Negative,Uncoded
was not me my chest is no where as big as yours,1,0,0.06954389660749585,0.9304561033925042,False,Positive,Negative,Uncoded
and a good morning form utrecht holland busy day,0,1,0.940288176658289,0.940288176658289,False,Negative,Positive,Uncoded
lol we're so exciting how bout brought home food 5 min 2late i was really looking forward 2 those carne asada fries,0,1,0.9230163554012638,0.9230163554012638,False,Negative,Positive,Uncoded
no english i hate that but it's funny,1,0,0.053662298153275445,0.9463377018467245,False,Positive,Negative,Uncoded
i miss you tooooo you arent too far a,1,0,0.019766307092541912,0.9802336929074581,False,Positive,Negative,Uncoded
floorball marathon only 3hrs 15mins left am fucked,1,0,0.09546452387827603,0.9045354761217239,False,Positive,Negative,Uncoded
hate to bug u but when do we get to at least see promos of the new season of psych its hard to wait,1,0,0.07636162225685071,0.9236383777431493,False,Positive,Negative,Uncoded
i miss u already slash hate u,1,0,0.0017484678613814205,0.9982515321386186,False,Positive,Negative,Uncoded
well gutted at missing summer bash last night but excited for apprentice final,1,0,0.07380103858454029,0.9261989614154598,False,Positive,Negative,Uncoded
he's like me a total insomniac my problem is that i have to work in the morning,1,0,0.057487475536513274,0.9425125244634868,False,Positive,Negative,Uncoded
make that a,0,1,0.9037880664554946,0.9037880664554946,False,Negative,Positive,Uncoded
'm plannong on going there tomorrow morning if that guy doesn't have it no one has tried the curry masala there,1,0,0.09906293497725276,0.9009370650227473,False,Positive,Negative,Uncoded
goodluck on your tour play your heart out cant wait 4 the next time ur in oz hope you have fun touring so whish i was going,0,1,0.9365227642815576,0.9365227642815576,False,Negative,Positive,Uncoded
hi marek good to meet you i like trilobites too and have personally collected marine fossils from new jersey no tbs,0,1,0.9304671999457368,0.9304671999457368,False,Negative,Positive,Uncoded
finally on plane shouldve boarded an hour ago seated in last row so no leaning back but also no seat getting kicked and by window,1,0,0.06755705781471241,0.9324429421852876,False,Positive,Negative,Uncoded
lol,0,1,0.9848921840750716,0.9848921840750716,False,Negative,Positive,Uncoded
all these retweets of my typo quot our photo editor quot btw lots of credit goes to photo stringer alan dep for many a great shot,0,1,0.9083285374510105,0.9083285374510105,False,Negative,Positive,Uncoded
ok people should be more optimistic lol,0,1,0.9599240536318472,0.9599240536318472,False,Negative,Positive,Uncoded
remember to label boxes didn't and still can't find anything four years later or my wife has thrown all my stuff away,1,0,0.053772700729374755,0.9462272992706252,False,Positive,Negative,Uncoded
it is very sad,1,0,0.0006459316801081244,0.9993540683198919,False,Positive,Negative,Uncoded
still have the cold hwever busy week ahead and cant dwell on the bad things,1,0,0.023945844575761658,0.9760541554242383,False,Positive,Negative,Uncoded
only has a psychology exam tomorrow,1,0,0.08091930281672029,0.9190806971832797,False,Positive,Negative,Uncoded
a who's loving ur lover,0,1,0.9918223559567536,0.9918223559567536,False,Negative,Positive,Uncoded
morning all i know i only work like 2 days a week but work on a saturday is so cruel looking 4ward to tonite though,1,0,0.08255944108881035,0.9174405589111897,False,Positive,Negative,Uncoded
still feeling pretty shitty but going to clean the iced coffee out of my car,1,0,0.048433514675537456,0.9515664853244625,False,Positive,Negative,Uncoded
damn p nk is too good just can't stop listening,1,0,0.062142938721894934,0.9378570612781051,False,Positive,Negative,Uncoded
hi twitter i miss you today no time sorry maybe later this evening,1,0,0.05546731369935255,0.9445326863006475,False,Positive,Negative,Uncoded
i'm now the proud owner of a nikon d60 dslr woo i'd head out to take some photos if my car started,0,1,0.9287198941257515,0.9287198941257515,False,Negative,Positive,Uncoded
am i not ingeniously,1,0,0.07577593479654328,0.9242240652034567,False,Positive,Negative,Uncoded
uhm i'm dreaming as always,0,1,0.9167446495284489,0.9167446495284489,False,Negative,Positive,Uncoded
i didn't know i was praying for you but i can start,1,0,0.08596826409036978,0.9140317359096302,False,Positive,Negative,Uncoded
omg i am so stressed because i have 2 exams tomorrow and another one the next day but then im done,1,0,0.052266961978870485,0.9477330380211295,False,Positive,Negative,Uncoded
isn't part of the super crazy aj rafael hype but doesn't think he's too bad,1,0,0.04903324187118295,0.950966758128817,False,Positive,Negative,Uncoded
being the most perfect child i haven't i've left about quarter but mum had a go at me because she wanted a half left,1,0,0.09162151628687397,0.908378483713126,False,Positive,Negative,Uncoded
somehow i ended up at pinkberry wasn't i supposed to be in bed,1,0,0.07779400436882497,0.922205995631175,False,Positive,Negative,Uncoded
just got back from the ball time for just a few hours of sleep but had a great and interesting evening meeting nice new people,0,1,0.9591975136633428,0.9591975136633428,False,Negative,Positive,Uncoded
new moon new moon new moon november faster come,0,1,0.9176280935282503,0.9176280935282503,False,Negative,Positive,Uncoded
but i only have like 1 500 right now we have to go with our moms 'cause i can't shop without my mom teehee,1,0,0.04683531307328104,0.953164686926719,False,Positive,Negative,Uncoded
quot she looked beautiful as your wallpaper quot taylor swift goodnight f m l,0,1,0.9701403639804175,0.9701403639804175,False,Negative,Positive,Uncoded
lol poor cubbies brewers on a roll my rangers lost but my leafs won,1,0,0.0802664584252051,0.9197335415747949,False,Positive,Negative,Uncoded
i'm out of here back later i have work to do unfortunately,1,0,0.023521496765458443,0.9764785032345416,False,Positive,Negative,Uncoded
nooooo kutner was my favorite on house's new team i'm so sad but i can't wait for the next thing you're in,1,0,0.07432401556710719,0.9256759844328928,False,Positive,Negative,Uncoded
this wasn't a lame day afterall had fun on the last period a while ago but too bad we already got assignments pffff,1,0,0.07020328226587805,0.929796717734122,False,Positive,Negative,Uncoded
have you seen the one baked in the loaf that just posted up i think i'm off pre prepared food for good now,0,1,0.9021421529217509,0.9021421529217509,False,Negative,Positive,Uncoded
sang the tmbg song too,0,1,0.9018667770915829,0.9018667770915829,False,Negative,Positive,Uncoded
waiting to see a doctor i broke my toe lol gt lt,1,0,0.050403605002278216,0.9495963949977217,False,Positive,Negative,Uncoded
i started followin u days ago and u still not followin me smh,1,0,0.03267046288307242,0.9673295371169276,False,Positive,Negative,Uncoded
going to bed now night all,0,1,0.9537186465079899,0.9537186465079899,False,Negative,Positive,Uncoded
mmmm excited for taco salad and getting ready to go to san diego this week but i worry for my little garden in my absence,0,1,0.9126889818558365,0.9126889818558365,False,Negative,Positive,Uncoded
sigh wish i could have a gmic meeting here in san diego spoke to johanna already she said it was great,1,0,0.05860289843859824,0.9413971015614018,False,Positive,Negative,Uncoded
getting shitty,1,0,0.007278002453495571,0.9927219975465045,False,Positive,Negative,Uncoded
lmfao sumbody asked y didn't i go on mtv engaged amp undergaged lmao answer cuz i aint lost my mind just yet ahahha,1,0,0.09602210688667659,0.9039778931133234,False,Positive,Negative,Uncoded
i apologize ps i love how we are sitting next to each other,0,1,0.9130645235003205,0.9130645235003205,False,Negative,Positive,Uncoded
good thing we have lots of college ministry taking place at 2 year schools sarcasm,0,1,0.9187942896095562,0.9187942896095562,False,Negative,Positive,Uncoded
and hec yea im bout 2 crash where is it,1,0,0.08701585085283299,0.912984149147167,False,Positive,Negative,Uncoded
aha i just seen ur comment to davina bet she'll reply to you aswell haha ur goin to win this,0,1,0.933645050806606,0.933645050806606,False,Negative,Positive,Uncoded
wow sick,1,0,0.001654606737152515,0.9983453932628474,False,Positive,Negative,Uncoded
getting ready for work ughh it's monday all ready at least i only have to work 4 days this week,1,0,0.04264086705995833,0.9573591329400417,False,Positive,Negative,Uncoded
i wish i knew brother,1,0,0.029251624571100115,0.9707483754288999,False,Positive,Negative,Uncoded
just kidding but don't be too sad okay huggles,1,0,0.08075127753878271,0.9192487224612172,False,Positive,Negative,Uncoded
yeap linguistics here actually efl so a lot of linguistics i m geek for real literature sounds lovely,0,1,0.92157613982754,0.92157613982754,False,Negative,Positive,Uncoded
itz a shame i cant go to sleep lol but it really doesnt matter freaks come out at nite lmao jus kiddin m j m ne,1,0,0.08654868136165841,0.9134513186383416,False,Positive,Negative,Uncoded
they are now hahaha i blush easy what can i say i was listening to your music then the flicks roro got red cheeks,0,1,0.9653784569257505,0.9653784569257505,False,Negative,Positive,Uncoded
back to rain amp storms the one thing scottsdale doesn't have cozy,1,0,0.026664246141333336,0.9733357538586667,False,Positive,Negative,Uncoded
weather gorgeous garden looking lovely family in happy sunshine mood me about to spend 4hrs in car,0,1,0.9033285773941394,0.9033285773941394,False,Negative,Positive,Uncoded
yay going to plastic on thursday,0,1,0.9418229164086312,0.9418229164086312,False,Negative,Positive,Uncoded
not going to school tomorrow,1,0,0.013586267778170267,0.9864137322218297,False,Positive,Negative,Uncoded
tear not teat lol,1,0,0.00950460423905657,0.9904953957609435,False,Positive,Negative,Uncoded
it has but i was sooo sick but i might have lost a pound,1,0,0.04204558269052122,0.9579544173094787,False,Positive,Negative,Uncoded
goodnight everyone,0,1,0.9676444929861345,0.9676444929861345,False,Negative,Positive,Uncoded
is bummed she has to go to work soon but glad she got to enjoy the hot summer day,1,0,0.06901139297497465,0.9309886070250254,False,Positive,Negative,Uncoded
i wont let her go i cant for now,1,0,0.05400138999394236,0.9459986100060577,False,Positive,Negative,Uncoded
what are you up to lol,0,1,0.944564931841789,0.944564931841789,False,Negative,Positive,Uncoded
you haven't even sais hello to some of your older followers,0,1,0.9075049587444081,0.9075049587444081,False,Negative,Positive,Uncoded
very very tired,1,0,0.0984396100125962,0.9015603899874038,False,Positive,Negative,Uncoded
i'm not fake thats why you know i don't like you without me having to say a word,1,0,0.08364908410333866,0.9163509158966614,False,Positive,Negative,Uncoded
bad headache today but doing great now 6 aspirin and a 2 hour nap worked wonders,1,0,0.07777403333847943,0.9222259666615206,False,Positive,Negative,Uncoded
lucky i want to be in london,1,0,0.09476072207228632,0.9052392779277136,False,Positive,Negative,Uncoded
but u have no choice,1,0,0.027780360850801468,0.9722196391491985,False,Positive,Negative,Uncoded
have to wake up early i need to sleep yay i'm getting on your nerves aren't i shit hate me,1,0,0.06358936350111324,0.9364106364988868,False,Positive,Negative,Uncoded
there's a stabbing pain in my eye hope today doesn't bring rain shopping saturday,1,0,0.054072817982540114,0.9459271820174598,False,Positive,Negative,Uncoded
omggg today was so good i got burnt a little but no where near as much as hannah she looks like mr crabs lol,1,0,0.0620882399400844,0.9379117600599156,False,Positive,Negative,Uncoded
found a spanish magazine on 38 with an interview with my favourite artist richard hamilton i only understand the words tate and modern,0,1,0.9083166589614153,0.9083166589614153,False,Negative,Positive,Uncoded
did you get stung the bees and bugs in the south are horrible hope you weren't attacked too badly,1,0,0.0215265089662718,0.9784734910337282,False,Positive,Negative,Uncoded
quot i may not have gone where i intended to go but i think i have ended up where i needed to be quot,1,0,0.0801365004028697,0.9198634995971303,False,Positive,Negative,Uncoded
reading my old yearbook good times,0,1,0.9022284611101853,0.9022284611101853,False,Negative,Positive,Uncoded
awesome bminca day found the best new restaurant and went to artomatic which rocked now to go to work,0,1,0.9099101704637318,0.9099101704637318,False,Negative,Positive,Uncoded
indeed,0,1,0.9075690258997069,0.9075690258997069,False,Negative,Positive,Uncoded
wishin thee dude was here wit me sigh maybe a day apart wont hurt i think hes n a bad mood i havent got a call all day luv u,1,0,0.010238396013456618,0.9897616039865433,False,Positive,Negative,Uncoded
shame i'm so sorry to hear that but there will be more i'm sure hang in there k,1,0,0.015550165674653203,0.9844498343253468,False,Positive,Negative,Uncoded
i don't know how to work this at all,1,0,0.04203346553739335,0.9579665344626066,False,Positive,Negative,Uncoded
queens bday yuss no stats but its so cold wtf stupid nz weather gt lt,1,0,0.0057831048831855246,0.9942168951168144,False,Positive,Negative,Uncoded
man i have no clue how to use this not much to say except but love music hate racism was big,1,0,0.0920133920425971,0.9079866079574029,False,Positive,Negative,Uncoded
just as beautiful as you are it's so pitiful what you really are,0,1,0.9538450093171573,0.9538450093171573,False,Negative,Positive,Uncoded
returns till i go home nice sick feeling please go away logan will not care if his mommy is sick he will want to play play play,1,0,0.08944626392732251,0.9105537360726775,False,Positive,Negative,Uncoded
wish i was there,1,0,0.0060189847879961785,0.9939810152120038,False,Positive,Negative,Uncoded
fml fml fml wastttee somone wanna talk im pissy anyone wanna hear how i hate to world step right up,1,0,0.05703519354569324,0.9429648064543068,False,Positive,Negative,Uncoded
u know it's bad when u burn the mexicans we went out on the boat sunday and i am blistering i am burnt so fuckin bad,1,0,0.030666402859438703,0.9693335971405613,False,Positive,Negative,Uncoded
still have ur cold ugh sorry that glad weather is moderately warm doctors can b a good idea,1,0,0.05440693832290937,0.9455930616770907,False,Positive,Negative,Uncoded
is back from england and now has to study for the last 3 exams,1,0,0.08879989130551869,0.9112001086944813,False,Positive,Negative,Uncoded
hahahh yay i'm so glad you're doing it again i felt like the odd one out i go in tomorrow so we'll see haha i just,0,1,0.9902374969428018,0.9902374969428018,False,Negative,Positive,Uncoded
huh none of the tweets i sent from my phone today seem to have gone through damn some of them were hawt,1,0,0.07937683484684718,0.9206231651531528,False,Positive,Negative,Uncoded
i love to laugh but i don't laugh recently but your laughing make me happy,0,1,0.9389422512580652,0.9389422512580652,False,Negative,Positive,Uncoded
i want to get swine flu,1,0,0.09886629579445612,0.9011337042055438,False,Positive,Negative,Uncoded
awww make sure you take lots of photos if you can have fun x,0,1,0.9818926557541632,0.9818926557541632,False,Negative,Positive,Uncoded
i miss u so much,1,0,0.006006373696433233,0.9939936263035668,False,Positive,Negative,Uncoded
i had a crap math teacher that almost made me fail,1,0,0.04964454427132129,0.9503554557286787,False,Positive,Negative,Uncoded
who celebrated d day let's remember that battle,0,1,0.9270857349944375,0.9270857349944375,False,Negative,Positive,Uncoded
ahhhhhh no humidity,1,0,0.03896013845699868,0.9610398615430014,False,Positive,Negative,Uncoded
song of the day before the storm jonas brothers featuring miley cyrus lvatt,0,1,0.9391479720535832,0.9391479720535832,False,Negative,Positive,Uncoded
you belong with me taylor swift the song of my life,0,1,0.9243979307535586,0.9243979307535586,False,Negative,Positive,Uncoded
back to work,1,0,0.014130019991834358,0.9858699800081656,False,Positive,Negative,Uncoded
they aregoing because hayden's iphone is messed up,1,0,0.031926067219103925,0.968073932780896,False,Positive,Negative,Uncoded
take care,0,1,0.9274733553866457,0.9274733553866457,False,Negative,Positive,Uncoded
heyy loserrr thanks for hitting me back have fun with your wonderful mix thoughhh,0,1,0.9760306140993004,0.9760306140993004,False,Negative,Positive,Uncoded
i'm listenin' to one of my new fave songs lady gaga poker face doin' some psy hw,0,1,0.9150092554502317,0.9150092554502317,False,Negative,Positive,Uncoded
we both know we are i'm lost sorry,1,0,0.06329145639405963,0.9367085436059404,False,Positive,Negative,Uncoded
hey tom are u ok i can't wait for the new cd say hello please i've been trying since you made a twitter xx,0,1,0.905643684456974,0.905643684456974,False,Negative,Positive,Uncoded
song of the day bananna pancakes by jack johnson it suits the weather and my mood check it out,0,1,0.9408306319521561,0.9408306319521561,False,Negative,Positive,Uncoded
feels like crap after last night even though it was a great party leah i truly hope i do not end up coming back to school this week,1,0,0.07787355663732023,0.9221264433626798,False,Positive,Negative,Uncoded
goodnight peeps have a great night,0,1,0.9903080588105659,0.9903080588105659,False,Negative,Positive,Uncoded
i might not even be in it lol then it wont matter,1,0,0.054340871097389096,0.945659128902611,False,Positive,Negative,Uncoded
im tired but i dont want to sleep stomach ache for 2 days which wont go and i just feel crapppppppp urgh skin urgh legs urgh hair,1,0,0.002317793045747254,0.9976822069542527,False,Positive,Negative,Uncoded
ahhh well thank you for your support anyway,0,1,0.9755037513969693,0.9755037513969693,False,Negative,Positive,Uncoded
your up too why can't i be no fair,1,0,0.012580343456344076,0.9874196565436559,False,Positive,Negative,Uncoded
for the 1st time all week i'm bored at work i'm bored not helping with the time i wanna start my vaca,1,0,0.04633454273195758,0.9536654572680424,False,Positive,Negative,Uncoded
boo apparently not going to ichiban anymore my bro is sick so at home we stay bonfire tonight still though,1,0,0.0073087011005701545,0.9926912988994299,False,Positive,Negative,Uncoded
ironic i cancelled my trip to orlando today because felt something wrong with dad,1,0,0.06543095283004588,0.9345690471699541,False,Positive,Negative,Uncoded
i asked a friend why she was staring at a bottle of orange juice she stopped amp looked up at me and said 'it says concentrate ' humor,1,0,0.09517782270659993,0.9048221772934001,False,Positive,Negative,Uncoded
aww im sorry if u were here or close i would have invited you,1,0,0.05601349520683476,0.9439865047931653,False,Positive,Negative,Uncoded
my mom wishes she could choose the guys i date but i won't let her do that,1,0,0.04890663660943212,0.9510933633905678,False,Positive,Negative,Uncoded
i don t like the futbol but argentina win,1,0,0.06500953340049051,0.9349904665995095,False,Positive,Negative,Uncoded
made my ytube account just becos the episode was so sad i just had to comment sigh family violence always leads to problems,1,0,0.014596065512099046,0.985403934487901,False,Positive,Negative,Uncoded
noooo we missed u today soooo quiet and i didn't get to watch anyone play tetris,1,0,0.04094073194694508,0.959059268053055,False,Positive,Negative,Uncoded
no i only see her in magazines,1,0,0.08778415928746955,0.9122158407125305,False,Positive,Negative,Uncoded
friends is the absolute best show ever can never get enough of this show its insanely funny the best thing ever school tom,0,1,0.9265057640487502,0.9265057640487502,False,Negative,Positive,Uncoded
35mins through the 1hr 20mins google wave demo that looks a lot of fun would love to test it though,0,1,0.9299005689230538,0.9299005689230538,False,Negative,Positive,Uncoded
off to uni to work on a group assignment i was meant to be there at 9 but 'my car broke down',1,0,0.007159820091710678,0.9928401799082893,False,Positive,Negative,Uncoded
u ain't got spotify then is awesome well worth a look and it's free,0,1,0.9729698418816284,0.9729698418816284,False,Negative,Positive,Uncoded
i don't wanna study hard anymore i wanna study smart,1,0,0.049150893210175586,0.9508491067898244,False,Positive,Negative,Uncoded
watching the original land of the lost despite the horrible acting and cheap effects it still can transport me to another world sigh,1,0,0.06847825440936069,0.9315217455906393,False,Positive,Negative,Uncoded
y not,1,0,0.0011381503087000467,0.9988618496913,False,Positive,Negative,Uncoded
got my happy little fix last night thank god now off to school,0,1,0.9243469554165069,0.9243469554165069,False,Negative,Positive,Uncoded
what happened to the monitor,1,0,0.05716871962722155,0.9428312803727784,False,Positive,Negative,Uncoded
morning breath,0,1,0.9377412576058598,0.9377412576058598,False,Negative,Positive,Uncoded
wishes it would rain,1,0,0.0697869381463622,0.9302130618536378,False,Positive,Negative,Uncoded
me either not too excited about the new guy but i'm happy moffat is showrunner at least we'll have good scripts,0,1,0.9825647437948192,0.9825647437948192,False,Negative,Positive,Uncoded
dope stars inc lt 3 i still remember you,0,1,0.9435568166777758,0.9435568166777758,False,Negative,Positive,Uncoded
just one night of peace would be great thanks,0,1,0.9709968148533402,0.9709968148533402,False,Negative,Positive,Uncoded
i hate when that happens,1,0,0.04523464542047946,0.9547653545795205,False,Positive,Negative,Uncoded
thanks,0,1,0.9996426389244277,0.9996426389244277,False,Negative,Positive,Uncoded
there's a girl here who looks like daisy from quot rock of love 2 quot lol,0,1,0.9315328301009685,0.9315328301009685,False,Negative,Positive,Uncoded
finally not feeling so hungover,1,0,0.013810613673569339,0.9861893863264306,False,Positive,Negative,Uncoded
really dont want to go to work esp since i have to be on storybook and sherry amp ryan said they were gonna come bug me blah,1,0,0.02021498090451192,0.9797850190954881,False,Positive,Negative,Uncoded
sounded pretty exciting move went smooth it's the re organizing that's the killer still going at it,0,1,0.9499039198825283,0.9499039198825283,False,Negative,Positive,Uncoded
i want read new moon in this moment but i can t c i don t have yet s,1,0,0.06968814715271889,0.9303118528472811,False,Positive,Negative,Uncoded
hey miss miss,1,0,0.03697379912466176,0.9630262008753382,False,Positive,Negative,Uncoded
um i guess don't know sorry,1,0,0.045360841514089166,0.9546391584859109,False,Positive,Negative,Uncoded
i woke up with a horrible hangover,1,0,0.018250972744685633,0.9817490272553143,False,Positive,Negative,Uncoded
methinks i have to get up earlier sorry i missed u silly git just noiced i'm rubbish at typing,1,0,0.014996129088427772,0.9850038709115723,False,Positive,Negative,Uncoded
u no there was no point pointing it out yesterday and ppl had 2 wait til midnight they were kinda pissed,1,0,0.07033107568717718,0.9296689243128228,False,Positive,Negative,Uncoded
grabbed some pics upload miss my friends,1,0,0.062020812968654804,0.9379791870313452,False,Positive,Negative,Uncoded
wow i wish i was there,1,0,0.04631484377511227,0.9536851562248877,False,Positive,Negative,Uncoded
at the bldg til 9 if you're in bg then you need to come visit me and frankie,0,1,0.9293113603469291,0.9293113603469291,False,Negative,Positive,Uncoded
i miss my crystal iphone i should send it to be fixed,1,0,0.052607820407704134,0.9473921795922958,False,Positive,Negative,Uncoded
so tired from yesterday my whole body hurts my arms aren't used to carrying around a 1 year old practice for the future though,1,0,0.043334573739676537,0.9566654262603235,False,Positive,Negative,Uncoded
playing sorry with and i'm winning and drunk sorry about it no,1,0,0.09170845038030048,0.9082915496196995,False,Positive,Negative,Uncoded
sean is all alone in whitespace someone come keep me company,1,0,0.08093194182736055,0.9190680581726395,False,Positive,Negative,Uncoded
i got a little bit of rug burn thanks hahah,0,1,0.9062932301344834,0.9062932301344834,False,Negative,Positive,Uncoded
has extremely itchy feet i've gotta get out of here,1,0,0.06811425384220852,0.9318857461577915,False,Positive,Negative,Uncoded
it doesn't fit me either anymore keeps riding up doesn't mean i'm not gonna wear it though,1,0,0.026729750704915213,0.9732702492950848,False,Positive,Negative,Uncoded
just woke up thanks nessyyy getting ready then beachin it,0,1,0.9561764308125461,0.9561764308125461,False,Negative,Positive,Uncoded
hi howard i'm totally jealous amsterdam wow i'm taking summer courses have a wonderful time see you soon,0,1,0.9307678797267112,0.9307678797267112,False,Negative,Positive,Uncoded
i know i wish i could go to the last show too our next amp last one this tour is memphis unless my sis decides on another 1,1,0,0.02090745484982344,0.9790925451501765,False,Positive,Negative,Uncoded
now back to reality,1,0,0.06074902931874247,0.9392509706812575,False,Positive,Negative,Uncoded
all looped out on allergy meds something's got to work this attack my eyes are watering i'm outta control,1,0,0.047846927342360165,0.9521530726576398,False,Positive,Negative,Uncoded
quite disgusting i bet it stinks and i double bet it's a health code violation,1,0,0.0951148845598649,0.9048851154401351,False,Positive,Negative,Uncoded
sleep was fruitful through no fault of your room didn't make it to klute no great loss,1,0,0.03352158123676124,0.9664784187632388,False,Positive,Negative,Uncoded
hey good night best friend,0,1,0.9838495398766236,0.9838495398766236,False,Negative,Positive,Uncoded
oh dear god i have an ashlee simpson song stuck in my head and it won't go away this really puts the rest of my life in perspective,1,0,0.05498447089671017,0.9450155291032898,False,Positive,Negative,Uncoded
so my wrist hurts from a stupid dog being put back into a cage i might have to get a cast and then bash people in the head w it,1,0,0.031132979072337502,0.9688670209276625,False,Positive,Negative,Uncoded
going to joshuas all we do is watch movies i rely on you to entertain me,0,1,0.9171759815079804,0.9171759815079804,False,Negative,Positive,Uncoded
i want to watch antm too but i don't have time,1,0,0.030775233254328065,0.9692247667456719,False,Positive,Negative,Uncoded
very interesting tutorials vith ollie chanarin and peter fraser and elephant project handed in yeah now citpj,0,1,0.9013785199041078,0.9013785199041078,False,Negative,Positive,Uncoded
we didn't see each other yesterday,1,0,0.07921451433962237,0.9207854856603777,False,Positive,Negative,Uncoded
so jealous you all got to hang out today i still feel like someone punched me in the stomach from last night,1,0,0.0277987093762861,0.9722012906237139,False,Positive,Negative,Uncoded
nope so i'll keep you company haha so whats crackin that was lame lol,0,1,0.9137909876419437,0.9137909876419437,False,Negative,Positive,Uncoded
chocked on the wonderful sweet tasting rainbow iskitel,0,1,0.9836379821948589,0.9836379821948589,False,Negative,Positive,Uncoded
stuck in prep only 40 minutes left tho,1,0,0.08702811825276506,0.912971881747235,False,Positive,Negative,Uncoded
yessir it certainly looks that way,0,1,0.9049636561965297,0.9049636561965297,False,Negative,Positive,Uncoded
has work thursday neerrrvvoousss,1,0,0.09591013843422143,0.9040898615657785,False,Positive,Negative,Uncoded
what theme did you decide for the event considering the original one well ya know,0,1,0.9338233532666207,0.9338233532666207,False,Negative,Positive,Uncoded
no sorry that is always my biggest problem,1,0,0.07937937887461777,0.9206206211253822,False,Positive,Negative,Uncoded
where is bob we them miss,1,0,0.04117194317870629,0.9588280568212937,False,Positive,Negative,Uncoded
so far summer has been kinda slow and i really do miss all my friends but i shouldn't rush it,1,0,0.06274822770476907,0.9372517722952309,False,Positive,Negative,Uncoded
chilling its a beautiful day out there today gonna go enjoy it somehow after laundry,0,1,0.9425901112662297,0.9425901112662297,False,Negative,Positive,Uncoded
sounds like u need a hug,1,0,0.0871108826280553,0.9128891173719447,False,Positive,Negative,Uncoded
i'm so not looking forward to school tommorow,1,0,0.01064246585412759,0.9893575341458725,False,Positive,Negative,Uncoded
off to leesburg tomorrow to see the in laws fun fun fun,0,1,0.9044262706763518,0.9044262706763518,False,Negative,Positive,Uncoded
lol thanks for making me smile crazy day,0,1,0.9896246333077704,0.9896246333077704,False,Negative,Positive,Uncoded
vou me afundar em bublle wrap whoooa happy fletcherday,0,1,0.9339111835940386,0.9339111835940386,False,Negative,Positive,Uncoded
nothing beats 8 bit music,0,1,0.9423047414096992,0.9423047414096992,False,Negative,Positive,Uncoded
looks like we're suffering from the same disease at the moment i'm opting for no design solve prob,1,0,0.09105655962296738,0.9089434403770327,False,Positive,Negative,Uncoded
congratulations on ur big win you looks amazing and deserved it p s hannah monatana is amazing ill miss watching it x,0,1,0.9435114788699623,0.9435114788699623,False,Negative,Positive,Uncoded
so bored seriously and im procrastinating,1,0,0.07766394876148261,0.9223360512385174,False,Positive,Negative,Uncoded
we will miss your tweets x,1,0,0.054668870999424767,0.9453311290005753,False,Positive,Negative,Uncoded
yes i sure am,0,1,0.9061574466096216,0.9061574466096216,False,Negative,Positive,Uncoded
why is nobody tweeting and why is everybody sleeping,1,0,0.055902528464614486,0.9440974715353855,False,Positive,Negative,Uncoded
was very annoyed that my phone was not working today argh it is now though,1,0,0.004307506720813642,0.9956924932791864,False,Positive,Negative,Uncoded
yes,0,1,0.9402305369441872,0.9402305369441872,False,Negative,Positive,Uncoded
omg jackie we have missed u where have u been twitter is no fun when ur not on luv zoey,1,0,0.021497134698961175,0.9785028653010388,False,Positive,Negative,Uncoded
that's terrible i hope you feel better soon i'm glad my husband did not have a fever rest and no more tweeting,1,0,0.02747849510736129,0.9725215048926387,False,Positive,Negative,Uncoded
lol nice of you to admit that you were talking about me,0,1,0.9605977816092863,0.9605977816092863,False,Negative,Positive,Uncoded
you love this video to your song please watch it,0,1,0.9820502716383555,0.9820502716383555,False,Negative,Positive,Uncoded
last day of schoooolll,1,0,0.06373391360180991,0.9362660863981901,False,Positive,Negative,Uncoded
so difficult 2 disconnect i'm wrkn in bd the laptop nevr sleeps gonna logoff but dont wanna wish i could shutdown my brain,1,0,0.010219239844309806,0.9897807601556902,False,Positive,Negative,Uncoded
i only had 5 hrs of sleep shoot me i'm so tired and cold why the fudge is it cold i hate the weather about to shower,1,0,0.006264768451519989,0.99373523154848,False,Positive,Negative,Uncoded
have recently heard the news of air france plane missing so don't wanna put someone's lyf at stake along wid me,1,0,0.012571305882474593,0.9874286941175254,False,Positive,Negative,Uncoded
i had a nightmare with parallels they haven't been able to solve my problem for 6 months now using virtual box,1,0,0.05897813068987021,0.9410218693101298,False,Positive,Negative,Uncoded
talking to jesse i miss him like crazy,1,0,0.050199200657472895,0.9498007993425271,False,Positive,Negative,Uncoded
yea thanks for the tip im taking it in today to see if they do anything else for it thanks for the effort aj,0,1,0.9510126900895279,0.9510126900895279,False,Negative,Positive,Uncoded
not cool trish not cool,1,0,0.01507766354676821,0.9849223364532318,False,Positive,Negative,Uncoded
i wish i lived in chester,1,0,0.06624168197730645,0.9337583180226936,False,Positive,Negative,Uncoded
i'm so lucky i was never sued i fell kicked and clutzed on more than one customer,1,0,0.07869355577799698,0.921306444222003,False,Positive,Negative,Uncoded
vet has described buttons as a miracle cat and he doesn't want to see him for another 3 months,1,0,0.03150991661663824,0.9684900833833617,False,Positive,Negative,Uncoded
revising for media exam im not dead,1,0,0.09288141099513472,0.9071185890048653,False,Positive,Negative,Uncoded
having my morning coffee what a night,0,1,0.9354803630977498,0.9354803630977498,False,Negative,Positive,Uncoded
i was called mighty mouse by ex getting dog proofing the house feeling better about stupid selfish ex so not worth the heart ache,1,0,0.05430364304577886,0.9456963569542212,False,Positive,Negative,Uncoded
wish i really was a vampire so that i'd never sleep well i already don't it'd be nice if i didn't need to though,1,0,0.06652372356265825,0.9334762764373418,False,Positive,Negative,Uncoded
i don't like physics too thnk u,1,0,0.025052392962839093,0.9749476070371609,False,Positive,Negative,Uncoded
i know i'm so slow its horrible don't tell on me,1,0,0.025601263654290884,0.9743987363457092,False,Positive,Negative,Uncoded
i want to go to that irvine show sooooo bad it's been way too long since i've been to a blink show,1,0,0.05499666112648496,0.9450033388735151,False,Positive,Negative,Uncoded
i'll try not to mention in around king sirius,0,1,0.9338675761162692,0.9338675761162692,False,Negative,Positive,Uncoded
miss you,1,0,0.003376308070491776,0.9966236919295082,False,Positive,Negative,Uncoded
is quite disappointed,1,0,0.03565780974731683,0.9643421902526832,False,Positive,Negative,Uncoded
hahaha that's so sad poor mom have you seen coraline ahh i really want to meet lyn z she's great,1,0,0.041549508461128495,0.9584504915388715,False,Positive,Negative,Uncoded
tocotronic hi freaks timecheck,0,1,0.955543967993942,0.955543967993942,False,Negative,Positive,Uncoded
let's see what's on the calendar for today oh yeah study,0,1,0.9346571838066788,0.9346571838066788,False,Negative,Positive,Uncoded
mmm,0,1,0.9502294785880598,0.9502294785880598,False,Negative,Positive,Uncoded
wish freddie would have sung that,1,0,0.09819006524768689,0.9018099347523131,False,Positive,Negative,Uncoded
i realize im going home freakin tired and feeling sick wish i could stay but i just cant any longer awesome show tnite great job,1,0,0.029671683013463745,0.9703283169865362,False,Positive,Negative,Uncoded
wishes she could tweet daily specials for philpotts but you can find out the info at amp order online,1,0,0.0924801739231396,0.9075198260768604,False,Positive,Negative,Uncoded
half rotten and killing i has a joke inside i forgot but it was there,1,0,0.03344461554949178,0.9665553844505083,False,Positive,Negative,Uncoded
plus mushmanski the a team is surprisingly enjoyable it has more cheese than avery's arse but it works,0,1,0.9180805501007494,0.9180805501007494,False,Negative,Positive,Uncoded
im in ill risk a broken arm,1,0,0.04303042978718517,0.9569695702128148,False,Positive,Negative,Uncoded
now we're talking and yes if you can fit,0,1,0.9567407623672223,0.9567407623672223,False,Negative,Positive,Uncoded
and baby when it's love it isn't rough it is not fun,1,0,0.06031224160733793,0.939687758392662,False,Positive,Negative,Uncoded
i am at home but still some work to do for the project which will go online today now if only my vpn would work,1,0,0.09115832375131583,0.9088416762486842,False,Positive,Negative,Uncoded
i love chatting with long time friends 3 months,0,1,0.9342390368425191,0.9342390368425191,False,Negative,Positive,Uncoded
talking on the telephone until i fall asleep i'm completely glad that school is over in two days no more sadness or loss of interest,1,0,0.04855704018807093,0.9514429598119291,False,Positive,Negative,Uncoded
god hates us,1,0,0.0924224818171852,0.9075775181828148,False,Positive,Negative,Uncoded
lennnyy i miss you,1,0,0.003376308070491776,0.9966236919295082,False,Positive,Negative,Uncoded
awww miley why so sad ur making me sad now i lovee u and never forget that,1,0,0.0012440097493009758,0.998755990250699,False,Positive,Negative,Uncoded
excuse me mr brand why on earth are you not on australian t v tonight i miss ponderland fuck my gay life i love you,1,0,0.08193380369239976,0.9180661963076002,False,Positive,Negative,Uncoded
yeah they'll never be at the same school again i almost cried when i realized that then i had chocolate amp felt better,1,0,0.03024491658748732,0.9697550834125127,False,Positive,Negative,Uncoded
dude w ossum belt buckle cut his hair not nice i miss the old hairdo t t but he assured me that it'll grow back in no time,1,0,0.009357737168577396,0.9906422628314226,False,Positive,Negative,Uncoded
i'm playing good because i'm a big baby,0,1,0.9293142273755031,0.9293142273755031,False,Negative,Positive,Uncoded
great night aside from phils loss love dancing friends good times wedding tomorrow the 2nd of 3 this season,0,1,0.9089717356858478,0.9089717356858478,False,Negative,Positive,Uncoded
oh no i hope i'm not contagious i would hate for you to become a klutz like me hope the toes is okay,1,0,0.08032442551268762,0.9196755744873124,False,Positive,Negative,Uncoded
had a somewhat good gym session with chels having some salad for lunch and going to the inn with the ladies later dk in a month,0,1,0.9134424441570541,0.9134424441570541,False,Negative,Positive,Uncoded
ahh mann that song is awesome ive listened to it about 30 times no jokes your world is my world my fight is your fight,0,1,0.9176720537099652,0.9176720537099652,False,Negative,Positive,Uncoded
gonna go eat dinner amp think of a name 4 my blog pls ppl help me pick a good name 4 my blog cuz all the good one are takin lol,0,1,0.9284694988659611,0.9284694988659611,False,Negative,Positive,Uncoded
may you sleep well in your dreams,0,1,0.9791208710062049,0.9791208710062049,False,Negative,Positive,Uncoded
we are terrible its just so boring and there are so many better things to be doing,1,0,0.06209563803208286,0.9379043619679172,False,Positive,Negative,Uncoded
i'm a hater just not a fan and since my grandfather isn't i have to rep for him,1,0,0.04266634784319064,0.9573336521568093,False,Positive,Negative,Uncoded
this is one of the nicest days this summer and i'm not taking advantage of it next weekend off to the lake w mike though so excited,0,1,0.9293124641775135,0.9293124641775135,False,Negative,Positive,Uncoded
glad to see you're keeping up jk when there are 300 defects for new role and abondoning it,0,1,0.9759472840088581,0.9759472840088581,False,Negative,Positive,Uncoded
i dont understand this,1,0,0.09188017931695354,0.9081198206830464,False,Positive,Negative,Uncoded
don't be sad rwk is moved,1,0,0.04086234993620871,0.9591376500637913,False,Positive,Negative,Uncoded
not going to school tomorrow,1,0,0.013586267778170267,0.9864137322218297,False,Positive,Negative,Uncoded
i hate unpacking after being away,1,0,0.024707680900588933,0.975292319099411,False,Positive,Negative,Uncoded
hey great to see you on here you looking forward to et2 in the uk wish i could be there x x,0,1,0.9158842762017068,0.9158842762017068,False,Negative,Positive,Uncoded
no susie not at all,1,0,0.07611181561276606,0.923888184387234,False,Positive,Negative,Uncoded
can't believe how fast today is flying by its 4pm already geez i've had no time to tweet today,1,0,0.054604303343665395,0.9453956966563346,False,Positive,Negative,Uncoded
chrome still having trouble with it that sucks it'll be working soon enough i can't wait for it to go somewhat stable in osx,1,0,0.08280662634567898,0.917193373654321,False,Positive,Negative,Uncoded
i miss you sooooo much,1,0,0.0871392422366627,0.9128607577633373,False,Positive,Negative,Uncoded
given up on homework,1,0,0.08501051531560508,0.9149894846843949,False,Positive,Negative,Uncoded
at work bored and sick cant talk fuck off tomorrow so gonna b on that cod4 today,1,0,0.033687739234658155,0.9663122607653418,False,Positive,Negative,Uncoded
goodbye early night for me you have fun without me,1,0,0.05705888885530408,0.9429411111446959,False,Positive,Negative,Uncoded
the link doesnt work dear try again,1,0,0.06248520891874885,0.9375147910812511,False,Positive,Negative,Uncoded
cant phone is dead and i dont have a charger whats up though are u ok,1,0,0.0033942722375552305,0.9966057277624447,False,Positive,Negative,Uncoded
at work,1,0,0.05012979443807357,0.9498702055619265,False,Positive,Negative,Uncoded
i'm missing my girlfriend hopefully i'll see her soon and she'll feel good today,1,0,0.06202771122275121,0.9379722887772488,False,Positive,Negative,Uncoded
i hate to have to go jogging my couch also says lie down to me,1,0,0.027405488438370835,0.9725945115616291,False,Positive,Negative,Uncoded
bacon i wish c,1,0,0.012684320008444466,0.9873156799915556,False,Positive,Negative,Uncoded
holland wiillaa willa come on to brazil i really like your work i think you very talented i love you,0,1,0.9559876735237973,0.9559876735237973,False,Negative,Positive,Uncoded
thank you days take too long without good competition,0,1,0.9186300034176675,0.9186300034176675,False,Negative,Positive,Uncoded
miley congrats for your award sorry im late diffrent time anyway im so happy for you you go girl,0,1,0.9641446052022709,0.9641446052022709,False,Negative,Positive,Uncoded
i'm at the airport but i'll say goodbye from here try to get by without my hug impact,1,0,0.08747221518337747,0.9125277848166226,False,Positive,Negative,Uncoded
back from funfair woo,0,1,0.9241194358821014,0.9241194358821014,False,Negative,Positive,Uncoded
oy pypants is down with 500s probably no thanks to either,1,0,0.07816388095667814,0.9218361190433219,False,Positive,Negative,Uncoded
why yuh even gettinq mad fuck these biddys tryna get in tha way u no wats qud,1,0,0.07485280826743033,0.9251471917325697,False,Positive,Negative,Uncoded
lol u should follow me now lolz,0,1,0.9485001077658488,0.9485001077658488,False,Negative,Positive,Uncoded
is wondering if i'll get my blackberry working with emails today i had no luck yesterday,1,0,0.023229871157645337,0.9767701288423547,False,Positive,Negative,Uncoded
haha yesss i wanna see you tomorrow,0,1,0.921189131451907,0.921189131451907,False,Negative,Positive,Uncoded
ur lyin 4 attention besides its ur bday,0,1,0.9113762590780423,0.9113762590780423,False,Negative,Positive,Uncoded
at least it started to go crazy when twitter was down so i didn't have to miss you gqmf s too much hugs for all,1,0,0.017583422242707224,0.9824165777572927,False,Positive,Negative,Uncoded
is sick and tired of being sick and tired,1,0,0.00674201584086474,0.9932579841591352,False,Positive,Negative,Uncoded
are you serious i am so ashamed,1,0,0.03536416500568456,0.9646358349943155,False,Positive,Negative,Uncoded
work,1,0,0.00802145212752869,0.9919785478724713,False,Positive,Negative,Uncoded
ugh euro civ exam studio later though,1,0,0.07709347763869319,0.9229065223613068,False,Positive,Negative,Uncoded
didn't complete english coursework so i'm screwed or i'll make up an excuse,1,0,0.09422344033557507,0.9057765596644249,False,Positive,Negative,Uncoded
don't be depressed that's no fun,1,0,0.004467699459175466,0.9955323005408245,False,Positive,Negative,Uncoded
so in other words this is an invitation to get locked up wish i was in trini,1,0,0.09175422054580722,0.9082457794541928,False,Positive,Negative,Uncoded
indeed,0,1,0.9075690258997069,0.9075690258997069,False,Negative,Positive,Uncoded
eating a very late dinner pizza yummy i love vacation time sleeping until 11am and watching tv hubbie is already complaining,0,1,0.9424861117695311,0.9424861117695311,False,Negative,Positive,Uncoded
hehe no need to be bashful i was actually much amused and it's too true lol i'm good attempting to some get work done,0,1,0.9440559550293415,0.9440559550293415,False,Negative,Positive,Uncoded
not lost just lost my phone and only have time at night to check in having a great time xoxo,1,0,0.026700870066331095,0.9732991299336688,False,Positive,Negative,Uncoded
i swear my clothes are never ending ugg i hate unpacking but sop happy to be home,1,0,0.0799499993585935,0.9200500006414065,False,Positive,Negative,Uncoded
good nerd sadness is not allowed,1,0,0.03434013238499754,0.9656598676150024,False,Positive,Negative,Uncoded
yeah i know dc is not there yet par phir bhi main nachoongi,1,0,0.08296969420175239,0.9170303057982476,False,Positive,Negative,Uncoded
waking up at 12pm how sick it is,1,0,0.09592136507142114,0.9040786349285789,False,Positive,Negative,Uncoded
cartoon i want hugh's face hee hee jk,0,1,0.9693011753943651,0.9693011753943651,False,Negative,Positive,Uncoded
robyn i'm not gegging in or nothing but jamie hasn't done anything wrong so leave her the fuck alone,1,0,0.0839963811255151,0.9160036188744849,False,Positive,Negative,Uncoded
so sore pulled a back muscle throwing the ball for my dog today ow getting old and creaky,1,0,0.017554689110844422,0.9824453108891555,False,Positive,Negative,Uncoded
i dont want any os i have all versions of vista,1,0,0.09952986174163334,0.9004701382583666,False,Positive,Negative,Uncoded
hee hee loves it you feeling better im all on my own tonight,0,1,0.9722920026739373,0.9722920026739373,False,Negative,Positive,Uncoded
miss my friends but never miss school xd,1,0,0.007062700810057156,0.9929372991899429,False,Positive,Negative,Uncoded
alamak internet down edi how to work,1,0,0.056462775480148164,0.9435372245198519,False,Positive,Negative,Uncoded
goodsex will have u wakin up saturday morning freakin out bc u didn't set ur alarm thinking ur ate as hell 2 work smh it's happened,1,0,0.053136068839478065,0.9468639311605219,False,Positive,Negative,Uncoded
tee hee happy to remain represented by maoist propaganda poster for time being am v unphotogenic,0,1,0.9713661470549739,0.9713661470549739,False,Negative,Positive,Uncoded
theres been no weeing so far,1,0,0.09120587736468604,0.908794122635314,False,Positive,Negative,Uncoded
sorry about the fever glad it's not keeping him down,1,0,0.0775433277226916,0.9224566722773084,False,Positive,Negative,Uncoded
almost missed the no kill i reference you were up late last night eh,1,0,0.07887236575403875,0.9211276342459612,False,Positive,Negative,Uncoded
wow ohhhhh thanks for the clarification yep i'm aging,0,1,0.9444937344736871,0.9444937344736871,False,Negative,Positive,Uncoded
ahhhhhhhhh i no,1,0,0.0827902489061981,0.9172097510938019,False,Positive,Negative,Uncoded
that's what u get 4 leavin me lol rude,1,0,0.08870062795425976,0.9112993720457403,False,Positive,Negative,Uncoded
i'm watching a documentary about the life of john god he's really the best ever,0,1,0.9032887990843534,0.9032887990843534,False,Negative,Positive,Uncoded
photo iamblessed i was gonna go on that but then i didnt haha good but sad day that,1,0,0.020109263196542593,0.9798907368034574,False,Positive,Negative,Uncoded
ya so my mom brings me my dinner in a peice of foil and says quot heres ur plate quot while she gets a quot fancy quot plate,0,1,0.9034898177776582,0.9034898177776582,False,Negative,Positive,Uncoded
i miss you,1,0,0.003376308070491776,0.9966236919295082,False,Positive,Negative,Uncoded
haha hey hi im bored,0,1,0.9347792429127555,0.9347792429127555,False,Negative,Positive,Uncoded
sidekick is acting up so muchh i want an iphone lol,1,0,0.0729705305332082,0.9270294694667918,False,Positive,Negative,Uncoded
from eating raw oysters and buffet to eating packed food now haha can't wait for those oysters baby,0,1,0.9394620063287892,0.9394620063287892,False,Negative,Positive,Uncoded
raining,1,0,0.012477191369587087,0.9875228086304129,False,Positive,Negative,Uncoded
oh i see well sad for you guys but its not going to stop me from using it we each have our own personal thing were mad at,1,0,0.07554466576278054,0.9244553342372195,False,Positive,Negative,Uncoded
good bbq food good evening bye leanne,0,1,0.9469532755878074,0.9469532755878074,False,Negative,Positive,Uncoded
soz for last night hon my bb went on the blink and wasn't posting my replies again think i tried to post about 50 times,1,0,0.08394984966793557,0.9160501503320644,False,Positive,Negative,Uncoded
hey bebe see you found twitter love ya and late happy birthday sorry,0,1,0.9051774080024938,0.9051774080024938,False,Negative,Positive,Uncoded
follow me its my birthday and thats my present,0,1,0.9176977174173006,0.9176977174173006,False,Negative,Positive,Uncoded
life sucks and then you die i miss reading i need books,1,0,0.013691816839187321,0.9863081831608127,False,Positive,Negative,Uncoded
sorry girl but i have so shit old phone so i cant send direct messages be my follower so i can send those,1,0,0.03877889776068118,0.9612211022393188,False,Positive,Negative,Uncoded
i love ronaldo xxxxxxxxxxxxxxxxx,0,1,0.942781033859713,0.942781033859713,False,Negative,Positive,Uncoded
yay thank you feels like ur yelling at us lol,0,1,0.9311249504064207,0.9311249504064207,False,Negative,Positive,Uncoded
good morning sunshine sleepytown is sleepy,0,1,0.9135985998572751,0.9135985998572751,False,Negative,Positive,Uncoded
i just like her music you know,0,1,0.95088840946845,0.95088840946845,False,Negative,Positive,Uncoded
all the lights went out n i am all alone but i dont really care at all,1,0,0.08307050351857927,0.9169294964814207,False,Positive,Negative,Uncoded
oh definitely don't want to miss that got enough on your plate already by the looks of things get some sleep,1,0,0.05459804480664101,0.945401955193359,False,Positive,Negative,Uncoded
haha sure i dont know who's worth following,0,1,0.9159123402871223,0.9159123402871223,False,Negative,Positive,Uncoded
i haven't told olga tho niggie you should come for the parade yay lakers ima see my kobe haha,0,1,0.9154152143691109,0.9154152143691109,False,Negative,Positive,Uncoded
yes,0,1,0.9402305369441872,0.9402305369441872,False,Negative,Positive,Uncoded
watched some george carlin clips brilliant observer and very funny but marinated in cynicism i wonder if he was happy,0,1,0.9384345903018,0.9384345903018,False,Negative,Positive,Uncoded
goodbye strep throat amp sinus infection i'm finally allllll better,1,0,0.030112108993834763,0.9698878910061652,False,Positive,Negative,Uncoded
what's that lol,0,1,0.9255580966755155,0.9255580966755155,False,Negative,Positive,Uncoded
i have an email and a phone two in fact feel free to vent,0,1,0.9029874171187657,0.9029874171187657,False,Negative,Positive,Uncoded
cant dude am working all week money money money,1,0,0.06549797093516063,0.9345020290648394,False,Positive,Negative,Uncoded
am at work all day but the guys want bbq later but not much else,1,0,0.06498439071143607,0.935015609288564,False,Positive,Negative,Uncoded
i'm feeling so hopeless today that i don't feel like doing anything at all how's that to describe how depressed i am today,1,0,0.0324269870451115,0.9675730129548885,False,Positive,Negative,Uncoded
i dont know why i'm holding my tummy,1,0,0.03954094419023997,0.96045905580976,False,Positive,Negative,Uncoded
hi sleepyhead your buddy lentilsoupbetch is now following me,0,1,0.9263095659362,0.9263095659362,False,Negative,Positive,Uncoded
lol,0,1,0.9848921840750716,0.9848921840750716,False,Negative,Positive,Uncoded
thanks you too although lately it's the pass out no dreams sleep whch isn't always such a bad thing too tired to lie awake,1,0,0.06469469620878031,0.9353053037912197,False,Positive,Negative,Uncoded
for reals i have no homework,1,0,0.08280254388350997,0.9171974561164901,False,Positive,Negative,Uncoded
so you can't come,0,1,0.9270616586440866,0.9270616586440866,False,Negative,Positive,Uncoded
glad to be living in the land of chronic spitters and chronic honkers,0,1,0.9274537776407186,0.9274537776407186,False,Negative,Positive,Uncoded
awe me too i am sad about that too but we can't let it get us down we have to keep our spirits up smile,1,0,0.0948013283241899,0.9051986716758101,False,Positive,Negative,Uncoded
i wish i didn't have to do exams studying kind of sucks make it better with funny sayings,1,0,0.01459047890162124,0.9854095210983788,False,Positive,Negative,Uncoded
work totally hating monday want to go to ny now,1,0,0.02789819128311658,0.9721018087168835,False,Positive,Negative,Uncoded
i'm good had enough sleep but shivering going to see up today so that's making me super happy and i think i'll get some,0,1,0.931330682692655,0.931330682692655,False,Negative,Positive,Uncoded
wow had so much work to do today but the rain made me sleepy in miami fl,1,0,0.06703472985312872,0.9329652701468713,False,Positive,Negative,Uncoded
give t extra love and hugs from paulo and i,0,1,0.9049567435990401,0.9049567435990401,False,Negative,Positive,Uncoded
doggie won't let my mom touch it,1,0,0.05547995624538031,0.9445200437546197,False,Positive,Negative,Uncoded
my eyes want to close but my mind refuses to let them,1,0,0.04756513329790352,0.9524348667020965,False,Positive,Negative,Uncoded
my phone's being gay lol it won't send anything it died earlier,1,0,0.06110425437005936,0.9388957456299406,False,Positive,Negative,Uncoded
come home then not so boring here,1,0,0.044108499687192514,0.9558915003128075,False,Positive,Negative,Uncoded
up is depressing,1,0,0.007441261510119815,0.9925587384898802,False,Positive,Negative,Uncoded
ustream over and my gosh was it filthy i can't believe you missed it,1,0,0.08155144553573265,0.9184485544642673,False,Positive,Negative,Uncoded
you may want to monitor your content more closely once you go full feed people have easier access to steal,0,1,0.9133177402641319,0.9133177402641319,False,Negative,Positive,Uncoded
just got up gonna get fresh then read,0,1,0.9138096493570395,0.9138096493570395,False,Negative,Positive,Uncoded
wants to go to starbucks i am so tired i wanna fo to bed,1,0,0.03948200923131852,0.9605179907686815,False,Positive,Negative,Uncoded
not jealous of glow in the dark golf anymore i'm playing tonight,1,0,0.07719330842878147,0.9228066915712185,False,Positive,Negative,Uncoded
hi my lovely i fly to alaska the 10th are hits doing anything sunday let's go to disneyland,0,1,0.9227448975417056,0.9227448975417056,False,Negative,Positive,Uncoded
me segue no jhennyberger,1,0,0.000805288312825901,0.9991947116871741,False,Positive,Negative,Uncoded
just smashed my finger in a drawer now for school highland games,1,0,0.0713426586312709,0.9286573413687291,False,Positive,Negative,Uncoded
missed the bus for work so had to get a taxi now im early gah panini time,1,0,0.005320980714098209,0.9946790192859017,False,Positive,Negative,Uncoded
i feel old i had to look up what hoppusday was figures it was what i thought it would be,1,0,0.08688799726118115,0.9131120027388189,False,Positive,Negative,Uncoded
we'll keep you company while he is away when does he get back thx for the loan btw,0,1,0.9135864223376837,0.9135864223376837,False,Negative,Positive,Uncoded
omg u must feel loved channel v is was channel pink for the day the 1st perth concert was insane stupid dome ruined da atmosphere,1,0,0.07852270286203163,0.9214772971379683,False,Positive,Negative,Uncoded
i am writing today but i want to be out in the sun somebody please dsitrub me,1,0,0.09957848060235816,0.9004215193976418,False,Positive,Negative,Uncoded
happy crush where are you,0,1,0.9112175198109679,0.9112175198109679,False,Negative,Positive,Uncoded
sitting at home my face is swollen i look like a monster haven an allergy to something sorry for my bad english i can german better,1,0,0.03280301303434833,0.9671969869656517,False,Positive,Negative,Uncoded
last undergrad exam now i just have to efficiently move my ass outta my apt,1,0,0.09605538031470846,0.9039446196852915,False,Positive,Negative,Uncoded
i'm soooooooo irriated why do i have to be such a chiken say hi to christian 4 me,1,0,0.092818816477608,0.907181183522392,False,Positive,Negative,Uncoded
played rounders all afternoon i was the last one still in maybe sports doesnt hate me after all i'm very burnt though lobster,1,0,0.027548474370491516,0.9724515256295085,False,Positive,Negative,Uncoded
iam bored,1,0,0.0946999200548613,0.9053000799451387,False,Positive,Negative,Uncoded
i had a late dinner too its 4 05am here now though l and i cant sleep gt lt whats the time where you are,1,0,0.08989847266532591,0.9101015273346741,False,Positive,Negative,Uncoded
blame my phone the keyboard hates me,1,0,0.08467283809288176,0.9153271619071183,False,Positive,Negative,Uncoded
quot stop your twittering quot maryland cookies bgt,0,1,0.9383188968322417,0.9383188968322417,False,Negative,Positive,Uncoded
it has been forever i'm glad to hear lt 3 good night love i will call you tomorrow or lobo can bite me very lightly,0,1,0.9638026553924772,0.9638026553924772,False,Negative,Positive,Uncoded
hi sis hi sis we dnt hve classes 2morow im pretty excited hahaha i hope i hve lvatt this week,0,1,0.9225975805069812,0.9225975805069812,False,Negative,Positive,Uncoded
maybe not as frustrating as your pyramid maze hate,1,0,0.05936813478766505,0.940631865212335,False,Positive,Negative,Uncoded
slept a little yay train in a few hours x,0,1,0.9111142776789937,0.9111142776789937,False,Negative,Positive,Uncoded
i love ketchup crisps one of my favs after prawn cocktail mmm you got me craving now,0,1,0.9201909782160446,0.9201909782160446,False,Negative,Positive,Uncoded
ab0ut the c0ncert damn d wasz t0 live,1,0,0.08518576612423646,0.9148142338757635,False,Positive,Negative,Uncoded
tomorrow i got no more braces,1,0,0.03135229462343696,0.9686477053765631,False,Positive,Negative,Uncoded
i love 's new album she is so precious,0,1,0.9590788422617897,0.9590788422617897,False,Negative,Positive,Uncoded
hehe i remember that anz rainbow eftpos,0,1,0.9879681426693654,0.9879681426693654,False,Negative,Positive,Uncoded
thats like super old im gonna miss you sammie lt 3,1,0,0.06365887109214677,0.9363411289078533,False,Positive,Negative,Uncoded
hope everything is ok hope you are out of the emergency room soon,1,0,0.07140159412818543,0.9285984058718145,False,Positive,Negative,Uncoded
scary,1,0,0.05248819356484623,0.9475118064351538,False,Positive,Negative,Uncoded
i was at the hospital all day yuck but the baby is cute,1,0,0.08399211467679987,0.9160078853232001,False,Positive,Negative,Uncoded
headache from oversleeping,1,0,0.06376954426336484,0.9362304557366352,False,Positive,Negative,Uncoded
oh thanks,0,1,0.9050177118155315,0.9050177118155315,False,Negative,Positive,Uncoded
oh yes,0,1,0.954985365516466,0.954985365516466,False,Negative,Positive,Uncoded
new comer on twitter guide me around haha xx,0,1,0.9256695598621558,0.9256695598621558,False,Negative,Positive,Uncoded
ow garrett just through a water bottle and hit me in the head but it didn't hurt,1,0,0.09963398830651737,0.9003660116934826,False,Positive,Negative,Uncoded
it is really hard to get them to put the game down but sometimes they have to,1,0,0.09562941941238816,0.9043705805876119,False,Positive,Negative,Uncoded
i like to support my friends it's sad that i'm your only friend though,1,0,0.08533363895915606,0.914666361040844,False,Positive,Negative,Uncoded
yaaaaaay wedding boo being sore and tired and leaving early and totally burning my dinner still overall a plus,1,0,0.06331191550224964,0.9366880844977503,False,Positive,Negative,Uncoded
i hate you i just wasted twenty minutes of my life that i will never get back is it sad some of those remind me of 1202,1,0,0.016840118149271135,0.9831598818507289,False,Positive,Negative,Uncoded
i feel like writing a big essay hii i just heard thunder outside d it scares me i m not a big fan of,1,0,0.06696549921897539,0.9330345007810246,False,Positive,Negative,Uncoded
myspace com mylifeisinblackandwhite gotta find a different avenue to share my music check out quot tides quot,0,1,0.9234143913933188,0.9234143913933188,False,Negative,Positive,Uncoded
mothers are the best too bad for those who doesnt like 'em bcoz they dont know what they're missin' sorry but thats the truth,1,0,0.05321881946969962,0.9467811805303004,False,Positive,Negative,Uncoded
sry about last night i couldnt figure this shit out,1,0,0.06541541469757543,0.9345845853024246,False,Positive,Negative,Uncoded
apparently the big fear over the swine flu has passed no seat on the subway for me this morning,1,0,0.08434800350727734,0.9156519964927227,False,Positive,Negative,Uncoded
cheer up buttercup ill bake you a cake full of rainbows and smiles,0,1,0.9015645581207883,0.9015645581207883,False,Negative,Positive,Uncoded
hate paper work alla e3eeenich 7abooba,1,0,0.02762757951779975,0.9723724204822003,False,Positive,Negative,Uncoded
gonna have to cross york road again last time i almost got hit by a car,1,0,0.032765345856887076,0.9672346541431129,False,Positive,Negative,Uncoded
but i just made an account and discovered i had a web cam good night then reply anyway have fun,0,1,0.9488313612677202,0.9488313612677202,False,Negative,Positive,Uncoded
soooo hungry but i dont wanna eat cuz we are going out to eat mexican in a hour,1,0,0.06802698851437637,0.9319730114856236,False,Positive,Negative,Uncoded
ahhh i miss my g1 in essay at sisters apt hanging out talkiing to emoline,1,0,0.030660412707077513,0.9693395872929225,False,Positive,Negative,Uncoded
colon open bracket cute,0,1,0.9228772055848623,0.9228772055848623,False,Negative,Positive,Uncoded
woohoo so happy 4 u u will totally b missd make sure u get 2 say by 2 us if u can u rock god bless,0,1,0.9941035498602275,0.9941035498602275,False,Negative,Positive,Uncoded
have you cleaned out your followers yet did i make it lol just kidding have a good night um looks clock good morning,0,1,0.9672219845830596,0.9672219845830596,False,Negative,Positive,Uncoded
no i didn't see that part xd beetlejuice and ya i'm alright woke up from a nightmare earlier on but went back to bed,1,0,0.07653896503434421,0.9234610349656558,False,Positive,Negative,Uncoded
ugh i want september to be here already american idol,1,0,0.0591043358914806,0.9408956641085194,False,Positive,Negative,Uncoded
i don't do that anymore the last time i was out of glue stick not good very messy had to use tape and bobby pins still limps,1,0,0.015598735220219845,0.9844012647797802,False,Positive,Negative,Uncoded
feel sorry for those in the history exam right now goodluck i just got out of bed and only need to go to school for chemistry revision,1,0,0.0499318571813688,0.9500681428186312,False,Positive,Negative,Uncoded
yikes hope i don't have to,1,0,0.006766857286688533,0.9932331427133114,False,Positive,Negative,Uncoded
spencer damn im missin' that boy wednesday he's all mine only two more days,1,0,0.07538163588780107,0.9246183641121989,False,Positive,Negative,Uncoded
ouch im inside there is no computer outside,1,0,0.009531625987133249,0.9904683740128668,False,Positive,Negative,Uncoded
day off today didn't feel like it i should be at peace i feel more pissed off grrrr,1,0,0.02933526245440136,0.9706647375455987,False,Positive,Negative,Uncoded
i take it back i'm not getting old,1,0,0.01708288959802958,0.9829171104019704,False,Positive,Negative,Uncoded
i haven't even eaten dinner yet fml yeeeheeee,1,0,0.023170779539276105,0.9768292204607238,False,Positive,Negative,Uncoded
ciaoo fearne listening to show in the garden while getting sun burnt on half my arm bad times,1,0,0.07163139514831442,0.9283686048516856,False,Positive,Negative,Uncoded
if you haven't joined wonhophoto page on facebook you are mean go join now thank you,0,1,0.9662489992203582,0.9662489992203582,False,Negative,Positive,Uncoded
btw rent tomorrow im happy i got that step up 3 money haha,0,1,0.9659174563329035,0.9659174563329035,False,Negative,Positive,Uncoded
courtesy of the bestie i miss her mucho no one like her,1,0,0.0886237037866916,0.9113762962133084,False,Positive,Negative,Uncoded
aww my sister woke up this morning with a bad dream about me and had to call and make sure that i didn't really hate her,1,0,0.020340644292567094,0.9796593557074329,False,Positive,Negative,Uncoded
lol yesss in like 02 i believe,0,1,0.9531275130839463,0.9531275130839463,False,Negative,Positive,Uncoded
ouch 30 is still a few months away for me can i get u an e card,1,0,0.04793274446312985,0.9520672555368701,False,Positive,Negative,Uncoded
just listening to tech on right hook podcast love it no this week tho but on plus side and featured,0,1,0.9211965793261019,0.9211965793261019,False,Negative,Positive,Uncoded
just finished repairing a shower stem valve gasket went bad late last night and i was forced to shutoff water a okay now,1,0,0.09602816156599911,0.9039718384340009,False,Positive,Negative,Uncoded
can't sleep thinking of holidays,1,0,0.07540157513026177,0.9245984248697382,False,Positive,Negative,Uncoded
ditto that feel like an appendage is no longer working where to search how to communicate,1,0,0.05101308384844393,0.9489869161515561,False,Positive,Negative,Uncoded
new moon is shite most depressing fucking book ever,1,0,0.07761858778135364,0.9223814122186463,False,Positive,Negative,Uncoded
can't believe it babysitter has cancelled for tonight how predictable some excuse about broken down car,1,0,0.014481397507387356,0.9855186024926127,False,Positive,Negative,Uncoded
painful but will be worth it sorry no men allowed,1,0,0.07782796715792091,0.922172032842079,False,Positive,Negative,Uncoded
aww i want a bucket of merch,1,0,0.06417086848173216,0.9358291315182679,False,Positive,Negative,Uncoded
the camera won't be on today sorry,1,0,0.06512723739133694,0.934872762608663,False,Positive,Negative,Uncoded
chillin' good day so far just about to do homeowrk love you xx,0,1,0.938171421723057,0.938171421723057,False,Negative,Positive,Uncoded
then what part of you is good lol,0,1,0.971459942387955,0.971459942387955,False,Negative,Positive,Uncoded
im new on here so hiya im off for this power walk in the rain dedication lol xxx,0,1,0.9445863480947534,0.9445863480947534,False,Negative,Positive,Uncoded
on the bus and i forgot to eat breakfast but thank god for poptarts lol yummy cherry lol love ya lambs,0,1,0.9371409036448417,0.9371409036448417,False,Negative,Positive,Uncoded
just got cut from work an hour early h8 my life everything sucks bitch bitch moan moan,1,0,0.033352302679715874,0.9666476973202841,False,Positive,Negative,Uncoded
look what a bird just dropped off too bad i won't be the lucky one to start building,1,0,0.04220161247552416,0.9577983875244759,False,Positive,Negative,Uncoded
4th year is officially over o no more physics,1,0,0.05126883155715134,0.9487311684428487,False,Positive,Negative,Uncoded
just got home from mcdonalds last week was my fat week damn it i've been eating too much the gym is awaiting for me,1,0,0.0750383857024942,0.9249616142975058,False,Positive,Negative,Uncoded
i wanna go to the partiess,1,0,0.02873937000105233,0.9712606299989477,False,Positive,Negative,Uncoded
wutuptho lets catch up when u get a minute,0,1,0.9538633814114327,0.9538633814114327,False,Negative,Positive,Uncoded
i'm jealous of the paris trip not your hayfever hope you took some allergy meds,1,0,0.05988343356944391,0.9401165664305561,False,Positive,Negative,Uncoded
which squeeze page dude my starting with marketing one whats up with it bro lol,0,1,0.9121124932540712,0.9121124932540712,False,Negative,Positive,Uncoded
thanks but both are 403 forbidden but i know what pics your talking about lolz,0,1,0.9061811189394351,0.9061811189394351,False,Negative,Positive,Uncoded
drove ewww studying for finals,1,0,0.05141510620884363,0.9485848937911564,False,Positive,Negative,Uncoded
i can make it rain and stop it too,1,0,0.07950606448537259,0.9204939355146274,False,Positive,Negative,Uncoded
i still haven't gone to bed i'm starting to get a little tired now want to have a chugging contest,1,0,0.02100623303979942,0.9789937669602006,False,Positive,Negative,Uncoded
asot400 thanks for everyone for this unique event hard to understand that it's over,0,1,0.9023954091890707,0.9023954091890707,False,Negative,Positive,Uncoded
my fingers hurt from writing too much i feel like i have done lots of work,1,0,0.06986950470852671,0.9301304952914733,False,Positive,Negative,Uncoded
it'll be a minute kiddo but watching qaf with you right now sounds awesome,0,1,0.915260924338084,0.915260924338084,False,Negative,Positive,Uncoded
no time for twitter poor baby,1,0,0.005636131760300374,0.9943638682396996,False,Positive,Negative,Uncoded
i like his neat hairs,0,1,0.9072467142096737,0.9072467142096737,False,Negative,Positive,Uncoded
insane and intense breaking beds is not cool lol,1,0,0.07455103299764429,0.9254489670023557,False,Positive,Negative,Uncoded
so disappointed that you're looking at the pre i hurt for your iphone,1,0,0.06315560305928895,0.9368443969407111,False,Positive,Negative,Uncoded
i dont graduate til the 21st get this on father's day boo,1,0,0.07601964741024646,0.9239803525897535,False,Positive,Negative,Uncoded
i wanna go too,1,0,0.03943700084005865,0.9605629991599414,False,Positive,Negative,Uncoded
thanks,0,1,0.9996426389244277,0.9996426389244277,False,Negative,Positive,Uncoded
lt 3 so much love it's ridiculous,0,1,0.9293078966644959,0.9293078966644959,False,Negative,Positive,Uncoded
yea that is no fun,1,0,0.05205962883997266,0.9479403711600274,False,Positive,Negative,Uncoded
good morning,0,1,0.9919022165221569,0.9919022165221569,False,Negative,Positive,Uncoded
hey wii we should comfort david,0,1,0.945156503105695,0.945156503105695,False,Negative,Positive,Uncoded
sandals broke ductaped them i need these bad boys for tour,1,0,0.06786644788877287,0.9321335521112272,False,Positive,Negative,Uncoded
ha ha spic i'm a spic,0,1,0.9745022915393673,0.9745022915393673,False,Negative,Positive,Uncoded
i really wish squarespace would send me an iphone,1,0,0.07594148122311387,0.9240585187768862,False,Positive,Negative,Uncoded
thats not fair,1,0,0.013198767568422299,0.9868012324315777,False,Positive,Negative,Uncoded
well the movie got canceled and now my friends are in a yelling argument so much drama ugh and i thought i was done with high school,1,0,0.01693471148259063,0.9830652885174094,False,Positive,Negative,Uncoded
2nd bummer of the day our guy missed the cut for igniteboise we may have to have an quot ignitelaw quot,1,0,0.01813066002857833,0.9818693399714217,False,Positive,Negative,Uncoded
i know mark is still one of my favorite boys ever so nice and adorable,0,1,0.9062377037229915,0.9062377037229915,False,Negative,Positive,Uncoded
yeah blondes are awful,1,0,0.06281551245306626,0.9371844875469337,False,Positive,Negative,Uncoded
have to work in the office all day and it's so nice out side not good bring on spain in 2 weeks,1,0,0.03416688718356055,0.9658331128164395,False,Positive,Negative,Uncoded
i can never have class in the morning i can make it to work at 5am but can't make it to school before 12 lol have fun,1,0,0.029748769208955687,0.9702512307910444,False,Positive,Negative,Uncoded
broke down and got the skittles i wanted they really were not that good but hopefully the craving will be gone now,1,0,0.030616041144414796,0.9693839588555853,False,Positive,Negative,Uncoded
i'm sorry to disappoint you but the pasta alla bolognese aka pasta al rag does never ever ever need garlic please don't do it,1,0,0.06780594371926538,0.9321940562807346,False,Positive,Negative,Uncoded
i am so glad that u are and always will be team edward i don't really like jacob fans,0,1,0.9335796317234093,0.9335796317234093,False,Negative,Positive,Uncoded
my sister is in the canaries with her kids its too bleeding quiet here without them i miss the noise and the chaos hurry back home,1,0,0.03662389149438871,0.9633761085056113,False,Positive,Negative,Uncoded
the european auto market contracted 4 9 in may but dacia doubled sales german quot abwrackpr mie quot helps romania,0,1,0.9131096935844564,0.9131096935844564,False,Negative,Positive,Uncoded
missing my baby boys home tomorrow,1,0,0.020165656367337657,0.9798343436326623,False,Positive,Negative,Uncoded
'little exam from english' tomorrow little i don't think so omg i hate our teachers so stupid ideas,1,0,0.05402585143960864,0.9459741485603914,False,Positive,Negative,Uncoded
yeah now i have to watch a bunch of dumbass seniors cry n shit yay,1,0,0.08388573495031917,0.9161142650496809,False,Positive,Negative,Uncoded
ooooh hope at least one of those cups get you out for a real cup of coffee,0,1,0.9222328774904307,0.9222328774904307,False,Negative,Positive,Uncoded
groan thats bad,1,0,0.08432615866164703,0.915673841338353,False,Positive,Negative,Uncoded
im playin hide and seek with love,0,1,0.9130989084762253,0.9130989084762253,False,Negative,Positive,Uncoded
u did not upset me amp neither is upset im sure juz wanted 2 b sure u tk care so u dun get into unnec trouble,1,0,0.01806270043439306,0.9819372995656069,False,Positive,Negative,Uncoded
oh no stay away from the infectious,1,0,0.09035382970029367,0.9096461702997063,False,Positive,Negative,Uncoded
loving my sweet husband he's so sweet to me when i'm feeling,0,1,0.9554258964628559,0.9554258964628559,False,Negative,Positive,Uncoded
loved that now im really bored i actually cannot revise maths seriously,1,0,0.09362494805648228,0.9063750519435178,False,Positive,Negative,Uncoded
is not the best night and can't wait for a brand new day,0,1,0.9252387797669204,0.9252387797669204,False,Negative,Positive,Uncoded
yes sorry account fail between and i,1,0,0.03510172389679049,0.9648982761032096,False,Positive,Negative,Uncoded
i can't bielive your hanging out with someone who made your ex cheat on you,0,1,0.9182092936994515,0.9182092936994515,False,Negative,Positive,Uncoded
acting up seems to me tiny cc is acting out being grunty,1,0,0.07951974047968881,0.9204802595203112,False,Positive,Negative,Uncoded
quot quot quot quot quot quot,0,1,0.9270917179754727,0.9270917179754727,False,Negative,Positive,Uncoded
shawnathan lol welp goodnite those bedbugs'll prolly bite anyway,0,1,0.9352833181049578,0.9352833181049578,False,Negative,Positive,Uncoded
good night all zzzzzzz,0,1,0.9708379312076436,0.9708379312076436,False,Negative,Positive,Uncoded
i wish i were better in english,1,0,0.07394590427913515,0.9260540957208648,False,Positive,Negative,Uncoded
shoppin was great but now i feel like a rut mum im not gonna tell cant be bothered,1,0,0.03199502393405434,0.9680049760659457,False,Positive,Negative,Uncoded
i thought i posted twitter reply but it didn't take i'm not good at tech anyway i won down to beau and me flush on the river,1,0,0.07085551715894675,0.9291444828410532,False,Positive,Negative,Uncoded
wish i were there,1,0,0.022087183004497666,0.9779128169955024,False,Positive,Negative,Uncoded
new set is so sick,1,0,0.07101853174479908,0.9289814682552009,False,Positive,Negative,Uncoded
i miss kayky and sthefany brito where r u guys ci a ju kelly lala and me what a team miss that group so badly come back past,1,0,0.05497490727335097,0.945025092726649,False,Positive,Negative,Uncoded
thats good to hear i hope u got a new phon cuz lee neva hear from u,0,1,0.9474676986232697,0.9474676986232697,False,Negative,Positive,Uncoded
i love national parks i don't mind the heat just the tan,0,1,0.9220440748440536,0.9220440748440536,False,Negative,Positive,Uncoded
it's gorgeous here too bad i need to study for finals fml 4 more days,1,0,0.013485877240680507,0.9865141227593195,False,Positive,Negative,Uncoded
buzzzzed with,0,1,0.9677912123207978,0.9677912123207978,False,Negative,Positive,Uncoded
is watching mamma mia was much better at the cinema,0,1,0.9126789589690197,0.9126789589690197,False,Negative,Positive,Uncoded
i am still at work long weekend for some but not me have to work monday its okay its overtime,1,0,0.015042864849389664,0.9849571351506103,False,Positive,Negative,Uncoded
yes please,0,1,0.9245825605732423,0.9245825605732423,False,Negative,Positive,Uncoded
yup so sad i dont know how we can win this lol xx,1,0,0.05650297053279334,0.9434970294672067,False,Positive,Negative,Uncoded
lmao smh that one threw me off,1,0,0.094576776910861,0.905423223089139,False,Positive,Negative,Uncoded
mmmmm nope unless you need an uber geek type or a scuba challenge lobster dinner,0,1,0.9260686397849931,0.9260686397849931,False,Negative,Positive,Uncoded
so far a slow day at work i've been here for almost 3hrs and have had maybe 3 calls,1,0,0.09886316522043008,0.90113683477957,False,Positive,Negative,Uncoded
i am so ready so ready lol im hoping they have a good heart amp let us go early doubt it tho good morning cousin,0,1,0.9039372148383512,0.9039372148383512,False,Negative,Positive,Uncoded
i've caught a terrible bug and no it isn't swine flu but nearly as bad i have finally made a facebook account scandelous,1,0,0.06575217863867024,0.9342478213613298,False,Positive,Negative,Uncoded
i'm with you on that one lol,0,1,0.9606944537060491,0.9606944537060491,False,Negative,Positive,Uncoded
ooooo the head is a hurting good night but i hate hangovers,1,0,0.04719030254483891,0.9528096974551611,False,Positive,Negative,Uncoded
fix is on the blog pls check it out a stupid typo on my part let me know if it works for you as well,0,1,0.9671765486352198,0.9671765486352198,False,Negative,Positive,Uncoded
omgggg velvet room was da shittt ppl real g shit if u weren't there ur lame nah ur not lame u jus missed out still luh u do lt 3,1,0,0.029466791474797298,0.9705332085252028,False,Positive,Negative,Uncoded
i am far too tired for waking at 7am stupid curtains oh well today is the day we win,1,0,0.07667221957892953,0.9233277804210704,False,Positive,Negative,Uncoded
ooo look my sexy daddy lol so glad we got the new glasses,0,1,0.9843677630891706,0.9843677630891706,False,Negative,Positive,Uncoded
become a follower if you're still hungover like me we'll form a support group and go for mcdonalds that would rock you know it's true,0,1,0.9001259960014476,0.9001259960014476,False,Negative,Positive,Uncoded
it wont melt trust me it hasnt,1,0,0.08700326802450964,0.9129967319754904,False,Positive,Negative,Uncoded
not so many people to play with what other points thought missed something astro mah,1,0,0.08753721121993241,0.9124627887800676,False,Positive,Negative,Uncoded
is revising for this stupid maths exam ughhhh haha oh well two weeks time and my living hell will be over,1,0,0.0421199257337751,0.9578800742662249,False,Positive,Negative,Uncoded
well too late now he's gone,1,0,0.050085117958046224,0.9499148820419537,False,Positive,Negative,Uncoded
i know making it hard to sleep oh the things i do for nkotb i should be feeling better in a day or 2 no blisters tho,1,0,0.08750638325188535,0.9124936167481147,False,Positive,Negative,Uncoded
getting ready for family therapy madness will ensue can't wait,0,1,0.9594243799106119,0.9594243799106119,False,Negative,Positive,Uncoded
welcome to my world,0,1,0.9410373657150475,0.9410373657150475,False,Negative,Positive,Uncoded
no sir not in my eyes u can't even send pics directly from the fone sorry not on the iphone badwagon sweets,1,0,0.014673756917182538,0.9853262430828175,False,Positive,Negative,Uncoded
bill i missed your tweet yesterday sorry bout that my internet has been acting weird and just got updates this am how ru,1,0,0.07086925704899845,0.9291307429510015,False,Positive,Negative,Uncoded
yeah u didn't miss nothing just a lot of stuck up scorn black women i wish u was there u could of changed all that,1,0,0.029310042681454696,0.9706899573185453,False,Positive,Negative,Uncoded
oh yeahh i cant beloeve your moving to clarence though i'm gunna miss you but we can hang this summer,1,0,0.03649122535389632,0.9635087746461037,False,Positive,Negative,Uncoded
have fun biotch sure you'll do a much better job that moi,0,1,0.9856226519313328,0.9856226519313328,False,Negative,Positive,Uncoded
thanks all my loyal followers i dont feel so lonely in here now ill get the hang of this soon,1,0,0.09371977853425054,0.9062802214657495,False,Positive,Negative,Uncoded
some one pick me up for so blessed,0,1,0.9431166239896406,0.9431166239896406,False,Negative,Positive,Uncoded
i can't see pokes tv i've only got hockey and bmx or whatever here but still that sounds cuuute,1,0,0.08527887825951934,0.9147211217404807,False,Positive,Negative,Uncoded
i miss you more damn i'll try to make it through one week though,1,0,0.07500122504323034,0.9249987749567696,False,Positive,Negative,Uncoded
ahhaha my dog does that to me all the time that is her way of tellng me she has to go outside not dad that was wrong,1,0,0.0669061798510652,0.9330938201489348,False,Positive,Negative,Uncoded
2 5hrs and first nightshift is over then 4 more to go trying to keep busy but running out of things to do,1,0,0.09609310927428158,0.9039068907257184,False,Positive,Negative,Uncoded
yeah nobody talks about it prolly cuz they aren't deadly or narcotic i can only take them for 3 4 wks b4 they stop working,1,0,0.048803331537063656,0.9511966684629364,False,Positive,Negative,Uncoded
hmmm there's a flight to vegas what should i do ha man i miss my apt in sobe too much have to get back o ya miss my girls too,1,0,0.03299893828551233,0.9670010617144876,False,Positive,Negative,Uncoded
i am trying to make myself feel better by telling myself that he's scared of me but it's not really working,1,0,0.055668621838647916,0.944331378161352,False,Positive,Negative,Uncoded
im upset but when lifes not easy pray,1,0,0.026873685047802028,0.9731263149521979,False,Positive,Negative,Uncoded
with words,0,1,0.9042738389862046,0.9042738389862046,False,Negative,Positive,Uncoded
and do you have proof hun stop making up silly stories lt 3 youre just embarrassing yourself,0,1,0.9127827467110275,0.9127827467110275,False,Negative,Positive,Uncoded
oh no i can't eat soggy cereal i have to eat it right away so i can eat several boxes 'cause it's all still crispy,1,0,0.03954362902217058,0.9604563709778294,False,Positive,Negative,Uncoded
watching newcastle try their best to make sure they go down,0,1,0.9253558357589687,0.9253558357589687,False,Negative,Positive,Uncoded
yet why can't i feel sorry for you lol seriously tho safe travels,1,0,0.05186833823660203,0.9481316617633979,False,Positive,Negative,Uncoded
after going back over the timeline it seems i am not the only one with mondayitis now i don't feel so alone,1,0,0.023018688660566968,0.976981311339433,False,Positive,Negative,Uncoded
my ipod just died oh yeah its time to go back in my devices r all dead right now right after i get these cookies,1,0,0.0736778263145644,0.9263221736854356,False,Positive,Negative,Uncoded
just finished frasier 11 seasons finished so quick the best show ever,0,1,0.9003790729260824,0.9003790729260824,False,Negative,Positive,Uncoded
t looked at me intently from exersaucer raised his closed fist opened it then closed again quot milk quot my boy can sign,1,0,0.07709504281649004,0.92290495718351,False,Positive,Negative,Uncoded
how was the museum,0,1,0.9033175436153542,0.9033175436153542,False,Negative,Positive,Uncoded
this should be fun,0,1,0.9362410262227963,0.9362410262227963,False,Negative,Positive,Uncoded
wouldn't that hurt your neck i can only go about 180 degrees,1,0,0.0610087349975059,0.9389912650024941,False,Positive,Negative,Uncoded
i super super hate this annoying officemate if i could i'd choke slam him head on,1,0,0.034403221591566197,0.9655967784084338,False,Positive,Negative,Uncoded
good day hope to go swimming,0,1,0.9786571867825717,0.9786571867825717,False,Negative,Positive,Uncoded
hehehe thanks for the almost follow friday there's only one c,0,1,0.9874119720725535,0.9874119720725535,False,Negative,Positive,Uncoded
for what its worth i love both dave and andy's versions of anodyne not that anyone cares what i think,0,1,0.9315831503916874,0.9315831503916874,False,Negative,Positive,Uncoded
almost done with new moon but it's time for me to sleep tomorrow i'll get my hair dyed the pink will be out for a while night night xxx,0,1,0.906381317140539,0.906381317140539,False,Negative,Positive,Uncoded
just tell him to clear off you should be able to enjoy the sunshine in the privacy of your own garden,0,1,0.9653692690894097,0.9653692690894097,False,Negative,Positive,Uncoded
poor cat,1,0,0.012745864907289189,0.9872541350927108,False,Positive,Negative,Uncoded
have to say goodbye to my e3c earphones been 4 years but the cable got a bit mangled bought another pair to replace it though,1,0,0.023484123319001522,0.9765158766809985,False,Positive,Negative,Uncoded
thx she's my baby,0,1,0.9520907344350513,0.9520907344350513,False,Negative,Positive,Uncoded
sure think u sayin that just 2 say it now,0,1,0.9169418633461213,0.9169418633461213,False,Negative,Positive,Uncoded
hates the weather its so so nasty and has no idea how to work this damn thing but is finding it quite cool at the same time,1,0,0.017954087008607348,0.9820459129913927,False,Positive,Negative,Uncoded
prehaps beckie it is getting worse due to the stress of exams but they will be over soon i'll pray for you anyhow,1,0,0.0993523319611738,0.9006476680388262,False,Positive,Negative,Uncoded
bad rum experience in college still haven't recovered,1,0,0.06726735116293611,0.9327326488370639,False,Positive,Negative,Uncoded
hey hannah um wat song am i doing for the play ok and doing study,0,1,0.9055256013192426,0.9055256013192426,False,Negative,Positive,Uncoded
i have no idea what i said i leave really stupid voice mails though,1,0,0.026267766927621568,0.9737322330723784,False,Positive,Negative,Uncoded
interesting click on the site register clicking to see what does what see the followers and boom virus alert nice,0,1,0.9324039135762197,0.9324039135762197,False,Negative,Positive,Uncoded
4 kids after some quot growing quot are not so afraid of earwigs anymore they realized that some creepy crawlies are relatively harmless,1,0,0.08273810728090622,0.9172618927190938,False,Positive,Negative,Uncoded
i can't believe i forgot them i was so ready for that sandwich at least they didn't go to waste though,1,0,0.039554777877764825,0.9604452221222352,False,Positive,Negative,Uncoded
i left the library i realised i hated it so i went home sorry,1,0,0.005320088370208984,0.994679911629791,False,Positive,Negative,Uncoded
giii im listening the guys on radio1 so funny haha come to brazil gi hope all is well xx,0,1,0.9584216034153352,0.9584216034153352,False,Negative,Positive,Uncoded
i took two gravols because i was feeling motion sick i ended up slept for 9 hours l i am so not sleping tonight,1,0,0.03053684667187554,0.9694631533281245,False,Positive,Negative,Uncoded
hey i saw your baby's dancing to ur song that was soooooooo cute it made me laugh god bless them wish you came to philly,0,1,0.9794892153369826,0.9794892153369826,False,Negative,Positive,Uncoded
goodby my luvly nokia express music thanks 4 all the great pict hiks,0,1,0.9068767623197147,0.9068767623197147,False,Negative,Positive,Uncoded
just thought about what quot wave goodbye quot on the top of your tour page could mean again thank god you were born xo,0,1,0.9087671914712765,0.9087671914712765,False,Negative,Positive,Uncoded
i love you too,0,1,0.9548570386996079,0.9548570386996079,False,Negative,Positive,Uncoded
i want there to b but i doubt it lol x,1,0,0.050156816757691736,0.9498431832423082,False,Positive,Negative,Uncoded
oh was they supposed to be in me ears i took them with water wondered why they didn't work lol,1,0,0.057923227934363,0.942076772065637,False,Positive,Negative,Uncoded
aww well i hope you enjoy whatever you're going to be watching,0,1,0.9116504085100792,0.9116504085100792,False,Negative,Positive,Uncoded
stuck using my verizon wireless card stupid internet at my apartment is not working about to give up and go to bed early,1,0,0.007507674848778585,0.9924923251512214,False,Positive,Negative,Uncoded
well you know that's how we do and i just have geo and gym im going to boomb my geo for sure you,0,1,0.9393592769586532,0.9393592769586532,False,Negative,Positive,Uncoded
cheaa i know all about that come visit meee,0,1,0.9034413615081285,0.9034413615081285,False,Negative,Positive,Uncoded
crying i'm watching an early show story on youtube about scc amp the loss of his daughter why do i do this to myself,1,0,0.04502044905650454,0.9549795509434955,False,Positive,Negative,Uncoded
hiya so far its not been too bad,1,0,0.059257544760365974,0.9407424552396341,False,Positive,Negative,Uncoded
i used to be cold but my tempertures changed,1,0,0.07705814599669905,0.922941854003301,False,Positive,Negative,Uncoded
im sooo jealous i wish i was there,1,0,0.008030189350929888,0.9919698106490701,False,Positive,Negative,Uncoded
ok world goodnight forreal smile,0,1,0.9913338281479727,0.9913338281479727,False,Negative,Positive,Uncoded
goodnight everybody i love you hahaha i gotta go,0,1,0.9216823031141608,0.9216823031141608,False,Negative,Positive,Uncoded
lol i'm good alittle tired lol,0,1,0.909039905178021,0.909039905178021,False,Negative,Positive,Uncoded
successful concert daniel david and elizabeth were laughing at us,0,1,0.9184483618611136,0.9184483618611136,False,Negative,Positive,Uncoded
need 2 take a nap seems the quot budding cold quot is trying 2 sprouting wings damn can't miss aerobics i'm the teacher's pet at least in my head,1,0,0.04160041847868858,0.9583995815213114,False,Positive,Negative,Uncoded
i'm not ill i'm just very tired and feeling horrible because of the cold so chinese won't cause any problems,1,0,0.01411739966108234,0.9858826003389176,False,Positive,Negative,Uncoded
so tired i slept at home last nigt but i'm heading back to camp for the last 'event' so i didn't miss any thing important,1,0,0.031285938785620596,0.9687140612143794,False,Positive,Negative,Uncoded
one more week until graduation and no difficult finals to boot can't believe my luck,1,0,0.036801726371327295,0.9631982736286727,False,Positive,Negative,Uncoded
gosh vacation is almost over back to my luv,1,0,0.07855711374927155,0.9214428862507285,False,Positive,Negative,Uncoded
w el7l eash abe3aa lt lt loooool p thx 3aba6b6,0,1,0.963247735109438,0.963247735109438,False,Negative,Positive,Uncoded
lol sorry but we needed a happy day together finally it's been a tuff week,0,1,0.9004897455289946,0.9004897455289946,False,Negative,Positive,Uncoded
had a hard time sleeping last night as was too hot even with the window open looking like another hot one today,1,0,0.03353527784621848,0.9664647221537815,False,Positive,Negative,Uncoded
disappointing i mean i knew it was still about twinkle but i was expecting a better comeback,1,0,0.06753539100477624,0.9324646089952238,False,Positive,Negative,Uncoded
she just got home from a party night at the falls about an hour ago so she's still in party mode yay,0,1,0.9312834344041526,0.9312834344041526,False,Negative,Positive,Uncoded
yes i love that one but didnt know who sings it lol,0,1,0.9429471726063967,0.9429471726063967,False,Negative,Positive,Uncoded
best day ever,0,1,0.9084500936622083,0.9084500936622083,False,Negative,Positive,Uncoded
it's my myspace pic,0,1,0.9109291589993228,0.9109291589993228,False,Negative,Positive,Uncoded
blaaaah i missed zumbaaa haha gonna go work out to kim k's workout lmao i love herr haha,0,1,0.9355839662531373,0.9355839662531373,False,Negative,Positive,Uncoded
the trailer of new moon is so great i love it i hope that you love it too jaja it's been a long time since i see you last,0,1,0.9490817614967199,0.9490817614967199,False,Negative,Positive,Uncoded
thnx a lot,0,1,0.941081423141058,0.941081423141058,False,Negative,Positive,Uncoded
just woke up i missed my tweetee,1,0,0.07100547782157282,0.9289945221784272,False,Positive,Negative,Uncoded
deadline's on the 26 but it doesn't have to be as good as the previous one since we don't have much time,1,0,0.07789376556446434,0.9221062344355356,False,Positive,Negative,Uncoded
aww don't be sad miley lt 3 where are you,1,0,0.06098332406969829,0.9390166759303017,False,Positive,Negative,Uncoded
says hi guis still missing everyone,1,0,0.08878412380384496,0.9112158761961551,False,Positive,Negative,Uncoded
lt loves coming up with fun gimmicks and reading ten quot twiitz quot in a row from,0,1,0.9480180678359286,0.9480180678359286,False,Negative,Positive,Uncoded
sold my car,1,0,0.0867351078135196,0.9132648921864804,False,Positive,Negative,Uncoded
no i'm not hugely messy i mean like sees some things that need straightening w o me telilng her doesnt cut corners,1,0,0.09621634006576335,0.9037836599342366,False,Positive,Negative,Uncoded
i kind of feel bad for making this security guard stay here til 9 but o well i needs my,1,0,0.042583083395891876,0.9574169166041081,False,Positive,Negative,Uncoded
so nice how natalie taught jameson quot why quot,0,1,0.9017640682024662,0.9017640682024662,False,Negative,Positive,Uncoded
on my way to the club car full of girls these my ppls missin my boo already,1,0,0.04419266711694559,0.9558073328830544,False,Positive,Negative,Uncoded
me too lmao i never cried though tissues,1,0,0.030031129189407667,0.9699688708105924,False,Positive,Negative,Uncoded
yes rub it in i'm sure you'll send your twitter updates everyday too,0,1,0.9056950108972316,0.9056950108972316,False,Negative,Positive,Uncoded
i didn't fuck with twitter alllll day yesterday sorry guys was i missed,1,0,0.01598539256881474,0.9840146074311853,False,Positive,Negative,Uncoded
hey it's open to all wimmin we lust amp drool too,0,1,0.973417517786037,0.973417517786037,False,Negative,Positive,Uncoded
yep ah damn i don't wanna leave my warm doona to get a hot beverage i guess i'll just have to make do w o it,1,0,0.07371768044743601,0.926282319552564,False,Positive,Negative,Uncoded
up and here i did not even know how tired i really was walked one mile last night,1,0,0.045216337268061936,0.954783662731938,False,Positive,Negative,Uncoded
lol i lost mine have no idea how,1,0,0.0778305852490894,0.9221694147509106,False,Positive,Negative,Uncoded
pretty not looking like this,1,0,0.016807975056008086,0.9831920249439919,False,Positive,Negative,Uncoded
ok ok i c how you are lol,0,1,0.9545620320861963,0.9545620320861963,False,Negative,Positive,Uncoded
looks well good,0,1,0.9273762292634403,0.9273762292634403,False,Negative,Positive,Uncoded
helloooo lovely morning sucks that i'm stuck at work lol,1,0,0.0837654406162785,0.9162345593837216,False,Positive,Negative,Uncoded
uhm no i already did that yesterday and everybody hates me now,1,0,0.09825710212402772,0.9017428978759723,False,Positive,Negative,Uncoded
considering it's an early prototype i don't care honestly i like that more than the motionplus controller extender haha,0,1,0.9080226767305657,0.9080226767305657,False,Negative,Positive,Uncoded
meh your face sucks,1,0,0.03624771357191158,0.9637522864280884,False,Positive,Negative,Uncoded
omg i was so scared my quot h quot key wasnt typing but i got it,1,0,0.09615889402013696,0.903841105979863,False,Positive,Negative,Uncoded
well wuuth m'confused cuz of my physics,1,0,0.08375530450616855,0.9162446954938315,False,Positive,Negative,Uncoded
ooooops sorry about the bad dream fodder,1,0,0.023745146383408123,0.9762548536165919,False,Positive,Negative,Uncoded
it cut off my thank you thank you thank you thank you thank you thank you thank you thank you thank you thank you thank you,0,1,0.9743238526597212,0.9743238526597212,False,Negative,Positive,Uncoded
insomnia wheesung,1,0,0.05074938458351619,0.9492506154164838,False,Positive,Negative,Uncoded
missing my beautiful girlfriend but i get to see her this weekend x,1,0,0.07807584289596134,0.9219241571040386,False,Positive,Negative,Uncoded
am i werid for hating ipod headphones ugh anyone have any better suggestions for headphones,1,0,0.052484023835225636,0.9475159761647743,False,Positive,Negative,Uncoded
okay babies i'm out internship tomorrow nite nite twitter fam luv ya besos p s goodnite denver,0,1,0.922830794333932,0.922830794333932,False,Negative,Positive,Uncoded
good luck ari be safe,0,1,0.9407580011922503,0.9407580011922503,False,Negative,Positive,Uncoded
yes it is how are you,0,1,0.9521703157653638,0.9521703157653638,False,Negative,Positive,Uncoded
1 05 pm and bruce tix weren't sold out wtf not that i'm complaining,1,0,0.08178985810632886,0.9182101418936711,False,Positive,Negative,Uncoded
it's raining i wanna go outside,1,0,0.02621896794477589,0.9737810320552241,False,Positive,Negative,Uncoded
nope it's not goodbye because i'll see her again,1,0,0.07502387625103953,0.9249761237489604,False,Positive,Negative,Uncoded
really needs to get off,1,0,0.09040889758741419,0.9095911024125858,False,Positive,Negative,Uncoded
going to a colege graduation party with yes i graduated from college 6yrs ago,0,1,0.9123456637266594,0.9123456637266594,False,Negative,Positive,Uncoded
so awesome for geeks like us like man yeah we're so nerdy,0,1,0.9228740918776797,0.9228740918776797,False,Negative,Positive,Uncoded
i love paris p s i love you,0,1,0.9439886573443849,0.9439886573443849,False,Negative,Positive,Uncoded
i wish 7 days not having to work,1,0,0.0007340350870016371,0.9992659649129984,False,Positive,Negative,Uncoded
ok i'll check it out thanks for the tip and i'm not young i'm 18 and 8 months and 5 days yep i counted,0,1,0.9528924181287135,0.9528924181287135,False,Negative,Positive,Uncoded
hahahah ohh barnabasss but i didn't see autumn i'm gonnna cry,1,0,0.014339607146554467,0.9856603928534455,False,Positive,Negative,Uncoded
ahh the knee is not good but i decided that the knee is no longer a part of me,1,0,0.02162943892575237,0.9783705610742476,False,Positive,Negative,Uncoded
i know it totally is got health and food on tuesday sadly i know its a scary thought lol,1,0,0.08367528971010371,0.9163247102898963,False,Positive,Negative,Uncoded
what's your favourite jon secada song i love the song 'free' i want to see gavin drgraw and the fray are here tomrow night,0,1,0.9600653546575776,0.9600653546575776,False,Negative,Positive,Uncoded
uh i missed my first date yesterday lol hmm its hard trying to turn in my playah card ill guess ill become submissive,1,0,0.06516546288894369,0.9348345371110564,False,Positive,Negative,Uncoded
if this rain doesnt go away i'm staying in bed all week til mommy gets here,1,0,0.04767830525452976,0.9523216947454702,False,Positive,Negative,Uncoded
say did you ever tell them how you felt i'll bet that's why they still get to you,0,1,0.9006394879712628,0.9006394879712628,False,Negative,Positive,Uncoded
i miss you too,1,0,0.055801980567065236,0.9441980194329348,False,Positive,Negative,Uncoded
feels less alone is her hating,1,0,0.01578736490034614,0.9842126350996538,False,Positive,Negative,Uncoded
lord should i i've tried to go to sleep for the past 2 hours unsuccessfully i'll pass out shortly i hope,1,0,0.07320023731655866,0.9267997626834413,False,Positive,Negative,Uncoded
wishing jon had given me back my javascript book,1,0,0.08273458792710406,0.9172654120728959,False,Positive,Negative,Uncoded
but hey anthony rapp replied to you and 's single comes out on monday be excited,0,1,0.9381236023684776,0.9381236023684776,False,Negative,Positive,Uncoded
partyy tonight xd but tomorrow begins school next week new guitar yayy lt 33,0,1,0.926995817120658,0.926995817120658,False,Negative,Positive,Uncoded
twitter sucks,1,0,0.05731108963144003,0.94268891036856,False,Positive,Negative,Uncoded
no he doesn't hugs,1,0,0.02891690476765981,0.9710830952323402,False,Positive,Negative,Uncoded
i dont have it in my heart 2 b bitter amp preach that all men r the same i told i hate men but i didn't mean it,1,0,0.0585675788855277,0.9414324211144723,False,Positive,Negative,Uncoded
at my best friends house he hurt his ankle it's sad but kinda funny,1,0,0.07908751715798827,0.9209124828420118,False,Positive,Negative,Uncoded
missing my inksters stressing about finding a job in the real world and most of all can't wait for campaigns to be over,1,0,0.0465925670781991,0.9534074329218009,False,Positive,Negative,Uncoded
off to get my hair done text me if you'd like i'd be really happy actually i'll be inthe chair for like 6 hours at least,0,1,0.9513434028544161,0.9513434028544161,False,Negative,Positive,Uncoded
this is true bahahahaha how sad,1,0,0.023355155561228365,0.9766448444387716,False,Positive,Negative,Uncoded
i wanna go home miss my daddy and my mami lol,1,0,0.015265984493909045,0.984734015506091,False,Positive,Negative,Uncoded
lol did you enjoy your pizza,0,1,0.9846277906903997,0.9846277906903997,False,Negative,Positive,Uncoded
go bangladesh me senses another upset,1,0,0.04781821443611297,0.952181785563887,False,Positive,Negative,Uncoded
said bye to my deadly bitch nasty girl nade gonna miss her but she's working at myer here so still see her heaps,1,0,0.0026100346798670184,0.997389965320133,False,Positive,Negative,Uncoded
din dins time woop keep falling asleep so goin for a sleep in the sun by the duck pond haha good times,0,1,0.9601903997091412,0.9601903997091412,False,Negative,Positive,Uncoded
heyy itsd a spoet luvv remember what i told u hahah phoe foof kthx,0,1,0.9095732146659463,0.9095732146659463,False,Negative,Positive,Uncoded
sooo tired im sleeping in i can't believe myself haha i need a job so i can make actual money to be able to afford myself oh well,1,0,0.041746161163596265,0.9582538388364037,False,Positive,Negative,Uncoded
tears in my eyes ghost mmm so sad patrick fading fast but what a legacy of films will never be forgotten 0,1,0,0.009669637928965705,0.9903303620710343,False,Positive,Negative,Uncoded
i have a headache sooo over drinking amp partying i shouldn't have broken my streak but it's okay going back to soberness till oct 3,1,0,0.015116091640887652,0.9848839083591123,False,Positive,Negative,Uncoded
thank you,0,1,0.9990399619866072,0.9990399619866072,False,Negative,Positive,Uncoded
it's cold outside is having pannekoek and he does not want to bring me any,1,0,0.02195964453484781,0.9780403554651522,False,Positive,Negative,Uncoded
so all done with wow blogging eh huggles,0,1,0.9464869006049563,0.9464869006049563,False,Negative,Positive,Uncoded
nat too cool meeting you today lt 3 my friend was like oh so do you go up to every random girl and ask for a photo,0,1,0.9627500023511197,0.9627500023511197,False,Negative,Positive,Uncoded
shady night zzz miss my la boy,1,0,0.046235993736330104,0.9537640062636699,False,Positive,Negative,Uncoded
okay no tweets in almost two hours what's wrong people also rain,1,0,0.05973688298660559,0.9402631170133944,False,Positive,Negative,Uncoded
welcome to twitter hope you're not too downhearted at the moment gordon properly stitched you up,0,1,0.9516157157859905,0.9516157157859905,False,Negative,Positive,Uncoded
i didnt have to go fishing dd i faked a fever xd but im home you can call meh,1,0,0.09225070381720786,0.9077492961827921,False,Positive,Negative,Uncoded
i had to,1,0,0.038956187537652245,0.9610438124623477,False,Positive,Negative,Uncoded
my mozilla is not supporting me at all i wanna watch the new moon trailer but its not working at all ugh oh well be patient,1,0,0.052459777943762775,0.9475402220562372,False,Positive,Negative,Uncoded
thanks,0,1,0.9996426389244277,0.9996426389244277,False,Negative,Positive,Uncoded
watching evermore the capital waiting to anyway,0,1,0.9035762384629813,0.9035762384629813,False,Negative,Positive,Uncoded
says greenstreet hahaha,0,1,0.9622317463939478,0.9622317463939478,False,Negative,Positive,Uncoded
hey all good thanks u yepp thats wat i mean xx,0,1,0.9777452504757328,0.9777452504757328,False,Negative,Positive,Uncoded
i loves you boyfriend,0,1,0.9632872140094403,0.9632872140094403,False,Negative,Positive,Uncoded
i just switched over to tears so many tears go away crying child,1,0,0.018563668420130307,0.9814363315798696,False,Positive,Negative,Uncoded
so so so soooooooooooooo i miss you,1,0,0.05076858229373706,0.949231417706263,False,Positive,Negative,Uncoded
at work just found out im pregos 7 weeks and 1 day today morning sickness is horrible,1,0,0.04599936346691476,0.9540006365330852,False,Positive,Negative,Uncoded
ran into an old friend at starbucks this morning and she hasn't aged since high school damn i feel old,1,0,0.08497418296741835,0.9150258170325817,False,Positive,Negative,Uncoded
care to send some inspiration my way lol,0,1,0.9262724433427134,0.9262724433427134,False,Negative,Positive,Uncoded
i just know there isn't a chance it can even come close to comparing to the iphone,1,0,0.06654173659861291,0.933458263401387,False,Positive,Negative,Uncoded
i can't wait to see moon not opening here for ages glad to hear it's good i'd watch rockwell read out the phone book,0,1,0.9623140691542614,0.9623140691542614,False,Negative,Positive,Uncoded
a no fun ppppppfffffftttttttt lmfao,1,0,0.04086405717745408,0.9591359428225459,False,Positive,Negative,Uncoded
isn't my nephew the cutest i miss him so much,1,0,0.024628517888680167,0.9753714821113199,False,Positive,Negative,Uncoded
i'm terribly sorry for neglecting to single out your mg09 contributions i won't let it happen again,1,0,0.09198361128420586,0.9080163887157942,False,Positive,Negative,Uncoded
hmm tried to access o2 broadband currently down not a good sign,1,0,0.009812558547453573,0.9901874414525464,False,Positive,Negative,Uncoded
cause your hair doesnt look bad,1,0,0.09580681603020205,0.904193183969798,False,Positive,Negative,Uncoded
finally tested a recipe from one of my foodie mystery novels end result average now time to relax,0,1,0.9113430991270107,0.9113430991270107,False,Negative,Positive,Uncoded
my boxer got away was afraid she was stolen if it wasn't for elijah we wouldn't have known she had left just found her,1,0,0.029663041870822866,0.9703369581291771,False,Positive,Negative,Uncoded
i think i have a boil in my hand from opening too many hard coke bottles time to cut down,1,0,0.08522195930073106,0.9147780406992689,False,Positive,Negative,Uncoded
haha thanks for the list got me some vc's on special again w00t and foot loops forgot the milo though,0,1,0.9039175659113645,0.9039175659113645,False,Negative,Positive,Uncoded
oh i don't use to be allergic but this year i've been very badly with it and i don't know why its a mystery,1,0,0.08109716876260972,0.9189028312373902,False,Positive,Negative,Uncoded
had to much to eat today now time to go work it off,1,0,0.09405080107086683,0.9059491989291332,False,Positive,Negative,Uncoded
oh i'm sorry about that haha i can't wait for princess protection program i'm sure it will be great,0,1,0.9179319431974203,0.9179319431974203,False,Negative,Positive,Uncoded
i'm still bummed that we didn't get to camp on the football field but late night swimming and sleepovers are amazing,1,0,0.061222092982996655,0.9387779070170034,False,Positive,Negative,Uncoded
fever gone now pancakes,1,0,0.06307164276215663,0.9369283572378434,False,Positive,Negative,Uncoded
you're welcome ah boofuckery wordsoftheday 71 days left,0,1,0.9849009036052282,0.9849009036052282,False,Negative,Positive,Uncoded
i really wish i didn't get the sunday blues mondays just aren't my thing,1,0,0.01177521932511447,0.9882247806748855,False,Positive,Negative,Uncoded
haha did get the text i replied too i hope you got it it was funny lol,0,1,0.9776892897125062,0.9776892897125062,False,Negative,Positive,Uncoded
thanks girl you have a blessed one as well i aint make it to church today either,0,1,0.9453334708010189,0.9453334708010189,False,Negative,Positive,Uncoded
i love it well it actually sounds horrible right now can't wait for the next chapter so excited thank you,0,1,0.9863534661038541,0.9863534661038541,False,Negative,Positive,Uncoded
chi town misses u kendra g,1,0,0.06864921379087573,0.9313507862091243,False,Positive,Negative,Uncoded
ah ispoke too soon winfox is not what i wanted but its cool,1,0,0.09062705687612446,0.9093729431238755,False,Positive,Negative,Uncoded
sounds good,0,1,0.9873885588806963,0.9873885588806963,False,Negative,Positive,Uncoded
nope didn't see any of that there sorry,1,0,0.02441135333368189,0.9755886466663181,False,Positive,Negative,Uncoded
is going to get an early night 'cos i'm ill so tired got an exam tomorrow and have the worst headache ever byeee x,1,0,0.005481306822268055,0.9945186931777319,False,Positive,Negative,Uncoded
i thought it would but its washed out,1,0,0.07345197279043053,0.9265480272095694,False,Positive,Negative,Uncoded
thanks please forward my request on its good that you can still walk with a cane hubby can for only a short time,0,1,0.9524383419430371,0.9524383419430371,False,Negative,Positive,Uncoded
oh yes totally collegiate there unfortunately i wasn't in college anymore when i discovered jello o shots in a dc gay bar,1,0,0.0877061230833058,0.9122938769166942,False,Positive,Negative,Uncoded
i'm not wp plug in guy sorry,1,0,0.09327748428761416,0.9067225157123858,False,Positive,Negative,Uncoded
last couple of days were worst had high fever viral or sort of infection diagnosed advice for complete rest for next few days,1,0,0.07955601583957533,0.9204439841604246,False,Positive,Negative,Uncoded
is it bad that we don't even have the game on,1,0,0.05092512801062401,0.949074871989376,False,Positive,Negative,Uncoded
whoops sorry missed it how about riptide,1,0,0.0886017612207855,0.9113982387792146,False,Positive,Negative,Uncoded
we had it on my efterskole but i never got it,1,0,0.021537320205529707,0.9784626797944703,False,Positive,Negative,Uncoded
but i just thought of it,0,1,0.917156247077903,0.917156247077903,False,Negative,Positive,Uncoded
srsly need to pick up it only hurts when i pee next maybe tomorrow,1,0,0.05963755710421176,0.9403624428957882,False,Positive,Negative,Uncoded
what happened,1,0,0.023394701393915945,0.976605298606084,False,Positive,Negative,Uncoded
aw why cant they have donut day on my bday its only 1 week off,1,0,0.030001612238124052,0.969998387761876,False,Positive,Negative,Uncoded
lookin at pics of me n sexy mama holdin each other kissin each other while listenin 2 wait 4 you and simple things,0,1,0.9095031012740022,0.9095031012740022,False,Negative,Positive,Uncoded
i don't wanna go to work i wanna stay home and play some left 4 dead,1,0,0.014467681009067285,0.9855323189909327,False,Positive,Negative,Uncoded
i like the halterneck but i cant see the neckline of the other very well would have to see them both on,1,0,0.027237755634368966,0.9727622443656311,False,Positive,Negative,Uncoded
agh my tooth still hurts i got like 16 hours of sleep tho,1,0,0.013500297392850266,0.9864997026071497,False,Positive,Negative,Uncoded
i can't amp we should make greeting cards with that saying on it then maybe my quot father quot will pay up let's do it,0,1,0.9234297572596979,0.9234297572596979,False,Negative,Positive,Uncoded
yeah good to see you on twitter u liking it,0,1,0.9831220724118568,0.9831220724118568,False,Negative,Positive,Uncoded
big hearts break easy,0,1,0.9260036852850592,0.9260036852850592,False,Negative,Positive,Uncoded
why,1,0,0.007010777479846043,0.992989222520154,False,Positive,Negative,Uncoded
well im gonna go to bed then ill wake up and say hey sun hello and finally ill study uhmm for my exam ooh,0,1,0.9016648547383411,0.9016648547383411,False,Negative,Positive,Uncoded
i watched bride wars just because i really like anne hathaway,0,1,0.9195885868445701,0.9195885868445701,False,Negative,Positive,Uncoded
hmm adam lambert's new actually old song sounds like the bangles come on make some new rockin' hits,0,1,0.9785859885357379,0.9785859885357379,False,Negative,Positive,Uncoded
you always pick the best times,0,1,0.9110220331250709,0.9110220331250709,False,Negative,Positive,Uncoded
aw that sucks they lost haha yayy texting,1,0,0.054688630243113726,0.9453113697568862,False,Positive,Negative,Uncoded
wow what lovely weather,0,1,0.91959121264063,0.91959121264063,False,Negative,Positive,Uncoded
yikes lmao sorry,1,0,0.07273105234537044,0.9272689476546295,False,Positive,Negative,Uncoded
i don't want to be awake right now,1,0,0.04105412543957522,0.9589458745604248,False,Positive,Negative,Uncoded
just been to the dentist need some sweeties now,1,0,0.05196016739699359,0.9480398326030064,False,Positive,Negative,Uncoded
was not,1,0,0.016111534213169076,0.983888465786831,False,Positive,Negative,Uncoded
haha im playing scrabble on facebook seriously love it im winning for a change which is real funny since i never win wait im not anymore,0,1,0.9027666785640486,0.9027666785640486,False,Negative,Positive,Uncoded
hahah yep its courtney curtis that creeper hahahahha some funny joke between us you wouldnt understand haha loveu xx,0,1,0.9128272751023833,0.9128272751023833,False,Negative,Positive,Uncoded
i have sooo much to study today grrr but i need to do it i must do it emmm hangover cuppa much needed,1,0,0.08903549671280463,0.9109645032871954,False,Positive,Negative,Uncoded
she deserves so much better than this,0,1,0.9118389069519328,0.9118389069519328,False,Negative,Positive,Uncoded
i can feel the rain against my window its getting heavily def,1,0,0.08858000634694103,0.9114199936530589,False,Positive,Negative,Uncoded
nope but no qualms xx,1,0,0.018426278915964992,0.981573721084035,False,Positive,Negative,Uncoded
dont know how to work this pease of shit,1,0,0.02711214597193226,0.9728878540280678,False,Positive,Negative,Uncoded
woke up in a work frenzy sun is out and i need to go play all work and no play not very becoming old bad pattern ms lea,1,0,0.0076654186384936315,0.9923345813615063,False,Positive,Negative,Uncoded
watching quot he's just not that into you quot and im leaving tomorrow for a month have i packed why no,1,0,0.07675988179951515,0.9232401182004848,False,Positive,Negative,Uncoded
sorry no credit switched jose for xavier,1,0,0.0633775294595974,0.9366224705404026,False,Positive,Negative,Uncoded
i see no bueno iphone would work,1,0,0.05964083224591097,0.940359167754089,False,Positive,Negative,Uncoded
some goofball from texas is smokin' his breaks on i70 cough traffic sucks thought i would miss it,1,0,0.0287338276887891,0.9712661723112109,False,Positive,Negative,Uncoded
yeah we are actually otherwise i'd love to,0,1,0.9141290584476099,0.9141290584476099,False,Negative,Positive,Uncoded
it's houseparty tiiiime tired had to get up at 7 30 am,1,0,0.09738685169194497,0.9026131483080551,False,Positive,Negative,Uncoded
i tried you're not following me,1,0,0.051995725868194696,0.9480042741318053,False,Positive,Negative,Uncoded
thanks for the follow can't wait to meet you we'll have to have drinks in muncie at the heorot no web site,0,1,0.9352988306880115,0.9352988306880115,False,Negative,Positive,Uncoded
congrats on 1 000 tweets catch up i'm on 5k,0,1,0.9770149770156937,0.9770149770156937,False,Negative,Positive,Uncoded
looking forward 2 kannapolis nc near charlotte seeing family friends amp enjoying the beauty golf is out since 2 2 bring clubs,0,1,0.9468918071754638,0.9468918071754638,False,Negative,Positive,Uncoded
nooo i miss you so much i must come back,1,0,0.0075533392707349545,0.992446660729265,False,Positive,Negative,Uncoded
not whn it's raining for 5 days straight,1,0,0.07490429788394529,0.9250957021160547,False,Positive,Negative,Uncoded
are you sad because magic lose cheer up next season will be theirs,1,0,0.0634058411031105,0.9365941588968895,False,Positive,Negative,Uncoded
i have wasted way too many hours this weekend on infamous had a blast mind you but now the weekend's gone,1,0,0.08743918865023666,0.9125608113497633,False,Positive,Negative,Uncoded
yes,0,1,0.9402305369441872,0.9402305369441872,False,Negative,Positive,Uncoded
heh you and me both i needs me a blurr tesco all sold out wish they would make quot snarl quot amp sludge too,1,0,0.055518979082159914,0.94448102091784,False,Positive,Negative,Uncoded
awww j calm down its gone be okay if they make you mad then win bc you can dam well bet they aint in a bad mood,1,0,0.0733683745846994,0.9266316254153006,False,Positive,Negative,Uncoded
to the jordan pic loved the joey lifejacket pic,0,1,0.9460628923346475,0.9460628923346475,False,Negative,Positive,Uncoded
with isabella but no in,1,0,0.04886586286161594,0.951134137138384,False,Positive,Negative,Uncoded
you just did it again you mentioned one of the 'c' words cake and chocolate there now i've mentioned them both,0,1,0.9453060975620332,0.9453060975620332,False,Negative,Positive,Uncoded
it was not raining here a while ago it rained few moments ago and it stopped,1,0,0.07122470516913448,0.9287752948308655,False,Positive,Negative,Uncoded
today was not so bad i guess a little boring but germany seems to shut down on sundays ha,1,0,0.09204344790515065,0.9079565520948494,False,Positive,Negative,Uncoded
hahaha i just said the truth,0,1,0.9162893958442441,0.9162893958442441,False,Negative,Positive,Uncoded
loves it when it rains but has to study asap argh,1,0,0.04489986087982336,0.9551001391201767,False,Positive,Negative,Uncoded
sooo studying not so much oh well,1,0,0.019703894017039276,0.9802961059829607,False,Positive,Negative,Uncoded
been out in the sun for 5 hours now not so white anymore,1,0,0.05669719725282536,0.9433028027471746,False,Positive,Negative,Uncoded
follow she gets her own personal shout out kuz shes just so poppin lmao,0,1,0.9629079627590486,0.9629079627590486,False,Negative,Positive,Uncoded
hellogoodbye will be walking distance from my house in exactly 8 hours too bad i cant go,1,0,0.09843978325877355,0.9015602167412264,False,Positive,Negative,Uncoded
nothing hun u are sooo sweet dont feel sad she will reply you again,1,0,0.02461703531934018,0.9753829646806598,False,Positive,Negative,Uncoded
what a fantastic sunday treat,0,1,0.9585414438905874,0.9585414438905874,False,Negative,Positive,Uncoded
i forgot to mention that i set things up to fall as soon as i left sorry about that,1,0,0.08250389334217353,0.9174961066578264,False,Positive,Negative,Uncoded
not guilty,1,0,0.010940371556991861,0.9890596284430081,False,Positive,Negative,Uncoded
shouldnt have bothered retaking it tbh dont even need to waste of time,1,0,0.04520911322309605,0.9547908867769039,False,Positive,Negative,Uncoded
that's one big snake my friend what might those guys eat toby so watch out lol lt lt hiding him now,0,1,0.9035851584384262,0.9035851584384262,False,Negative,Positive,Uncoded
beach day with scoobs still no phone,1,0,0.01317917613658015,0.9868208238634198,False,Positive,Negative,Uncoded
soccer training cancelled because park was closed no biggie,1,0,0.03108521468861784,0.9689147853113822,False,Positive,Negative,Uncoded
i'm home and i love you too john i'll call you soon,0,1,0.9206351838969171,0.9206351838969171,False,Negative,Positive,Uncoded
ugh i hate work amp the rain its all good though tonight is a tcb night,1,0,0.09896024785149529,0.9010397521485047,False,Positive,Negative,Uncoded
got back from the columbus zoo had the pleasure of seeing a rhino go 2 and smell it as well,0,1,0.9088031452090327,0.9088031452090327,False,Negative,Positive,Uncoded
don't think he's made a bad movie not many actors can say that,1,0,0.06336924889748329,0.9366307511025167,False,Positive,Negative,Uncoded
i want dance sneakers so i can practice hardshoe in the house and not scar the tiles the landlord would shoot me,1,0,0.09103238678509212,0.9089676132149078,False,Positive,Negative,Uncoded
just seen the cath kidstone teepee want one despite the fact that i'm not going even going camping and never likely to,1,0,0.07563316925619197,0.924366830743808,False,Positive,Negative,Uncoded
and again codeplex web download doesn't work i get server error luckily for svn that isn't issue it doesn't support quot server error quot,1,0,0.022200701175317347,0.9777992988246826,False,Positive,Negative,Uncoded
that's my mating call miss u,1,0,0.0059374544076308735,0.9940625455923692,False,Positive,Negative,Uncoded
everyone who played in twilight was amazing can't wait for new moon my dream is to become an actress but that will like never happen,0,1,0.9334871914677709,0.9334871914677709,False,Negative,Positive,Uncoded
soubds like you have some delicious food in your backyard we only have overgrown bushes did you have fun with mike and ro,0,1,0.9291430976865979,0.9291430976865979,False,Negative,Positive,Uncoded
i miss you,1,0,0.003376308070491776,0.9966236919295082,False,Positive,Negative,Uncoded
a dont feel bad im just a slave of work hahaha and i am now ur follower,1,0,0.07392276210887701,0.926077237891123,False,Positive,Negative,Uncoded
headaches dying off,1,0,0.008860349039633857,0.9911396509603662,False,Positive,Negative,Uncoded
hahaha yea about that your the only low life in the city haha jk i know i am stfuu lol i know im so fucken excited woo hoo,0,1,0.9561881331967526,0.9561881331967526,False,Negative,Positive,Uncoded
said goodbye to yesterday's newly weds and now doing some paperwork,1,0,0.06928866082482837,0.9307113391751716,False,Positive,Negative,Uncoded
has a super sore throat owieeesss but has finished work,1,0,0.023769693119245604,0.9762303068807544,False,Positive,Negative,Uncoded
thx to youuuuuuuuuw,0,1,0.9748751624943482,0.9748751624943482,False,Negative,Positive,Uncoded
i love never been kissed kind of makes me cry at the end when she's waiting for him and he doesn't appear but voila,1,0,0.0996928947890983,0.9003071052109017,False,Positive,Negative,Uncoded
the bith is up hahahha grrrr im feeling so cozy and comfy and i have to go into the office whyyy whyyyyyy is like so green,1,0,0.09646198042490424,0.9035380195750957,False,Positive,Negative,Uncoded
i love this station it plays alot of the 70's 09's most famoust awesome songs 104 3myfm it just plays ladycaca too much,0,1,0.9214655158569078,0.9214655158569078,False,Negative,Positive,Uncoded
why do i have a sore throat saturday is gonna be radd,1,0,0.007398812264928047,0.992601187735072,False,Positive,Negative,Uncoded
you better not have texted anything naughty no one reads my phone naman,1,0,0.06271179332076235,0.9372882066792376,False,Positive,Negative,Uncoded
no i'm not i feel like it will be boring,1,0,0.05545508442873781,0.9445449155712622,False,Positive,Negative,Uncoded
internet explorer off firefox off safari on hope i will not run out of internet browsers,1,0,0.05458551154679194,0.9454144884532081,False,Positive,Negative,Uncoded
sorry twitterverse tumblr settings are screwed up they were not supposed to dual post my settings were correct not sure how it happened,1,0,0.04658397085941988,0.9534160291405801,False,Positive,Negative,Uncoded
you belong with me taylor swift so true,0,1,0.9452008200858716,0.9452008200858716,False,Negative,Positive,Uncoded
thank u for the shout out mr perry the bellowing birman how is the voting going can't vote from this mobile,0,1,0.9264796648985344,0.9264796648985344,False,Negative,Positive,Uncoded
bleh another boring and messed up day meh i'm alright just feel like shooting someone myself something ohwell,1,0,0.030497251937378934,0.969502748062621,False,Positive,Negative,Uncoded
hi tracy whaat o taylor swift's thug story is rly cool nice ehmagawd,0,1,0.9588965492344622,0.9588965492344622,False,Negative,Positive,Uncoded
i miss you too,1,0,0.055801980567065236,0.9441980194329348,False,Positive,Negative,Uncoded
you better keep us updated you'll be posting pics and such i'm wicked jealous i'm doing it next summer for sure,0,1,0.9317589683729566,0.9317589683729566,False,Negative,Positive,Uncoded
not sadly without the gaps and dodgy presenting you get no respite from the music which could cause fatalities,1,0,0.036249431407357494,0.9637505685926425,False,Positive,Negative,Uncoded
the dog ate my homework 2 0,1,0,0.052015665486887186,0.9479843345131128,False,Positive,Negative,Uncoded
wishes that would take her tired azz to bed sigh,1,0,0.02464468641330474,0.9753553135866952,False,Positive,Negative,Uncoded
off to this good o j o b fun,0,1,0.9789307905799964,0.9789307905799964,False,Negative,Positive,Uncoded
oh baby cakes life is so much better now don't be mopey,0,1,0.9375844751281337,0.9375844751281337,False,Negative,Positive,Uncoded
yeah last time i did that it completely skrewed up so im not aloud to do it anymore doesnt stop me though,1,0,0.08124462072275491,0.918755379277245,False,Positive,Negative,Uncoded
i agree with,0,1,0.9367088173342468,0.9367088173342468,False,Negative,Positive,Uncoded
poor poor austin guinn quizes really,1,0,0.005295150460485876,0.9947048495395141,False,Positive,Negative,Uncoded
i miss mr a,1,0,0.029411155767970033,0.97058884423203,False,Positive,Negative,Uncoded
we love you miley and we will always be there for you always,0,1,0.9409813879722767,0.9409813879722767,False,Negative,Positive,Uncoded
next wednesday quot evil dead the musical quot you totally know you're jealous splatter zone tickets were sold out though too bad,1,0,0.06350868849280819,0.9364913115071918,False,Positive,Negative,Uncoded
if only mandy patinkin was around to protect you sadly he's gone to find the man who killed his father and kill him,1,0,0.03952216345708598,0.9604778365429141,False,Positive,Negative,Uncoded
thank you,0,1,0.9990399619866072,0.9990399619866072,False,Negative,Positive,Uncoded
off to work again customers better not give me crap i'm no mood to deal with it just a little warning for my possible chicken buyers,1,0,0.06144614693692875,0.9385538530630713,False,Positive,Negative,Uncoded
there's not still snow on the ground in lakewood is there don't miss those days driving 20 mph down hampden no snow in cali,1,0,0.03954263078134635,0.9604573692186537,False,Positive,Negative,Uncoded
i wish you were here,1,0,0.06473219477577645,0.9352678052242236,False,Positive,Negative,Uncoded
doesn't look like there is a screening i am attending just press,1,0,0.08679207313369292,0.9132079268663071,False,Positive,Negative,Uncoded
yay 80's hair metal cover band playing in the bar by the plaza downtown,0,1,0.9359543875371881,0.9359543875371881,False,Negative,Positive,Uncoded
i'll go m s n e on ya ass or i'll b tha 1 blnd mice just keepin it real,0,1,0.9336274954616481,0.9336274954616481,False,Negative,Positive,Uncoded
working,1,0,0.049633130622856535,0.9503668693771434,False,Positive,Negative,Uncoded
ugh i feel so dirty i hate taft not lasalle ah things are finally getting better new friends i still miss my hs friends though,1,0,0.02004066264818505,0.979959337351815,False,Positive,Negative,Uncoded
getting ready steven and andrea's engagement party tonight at north lakes smart casual not pirate,0,1,0.9032091433573382,0.9032091433573382,False,Negative,Positive,Uncoded
is going to watch the apprentice quot yeah watch judge judy when you're all sad and alone quot bad idea bears make me,1,0,0.08294859219879719,0.9170514078012029,False,Positive,Negative,Uncoded
qosh i love him tew much smh bt nt enuff sheesh,1,0,0.05328049303335143,0.9467195069666485,False,Positive,Negative,Uncoded
i survived the graduation,0,1,0.9084069895298279,0.9084069895298279,False,Negative,Positive,Uncoded
sorry hear bout the cavs,1,0,0.058295313431168484,0.9417046865688316,False,Positive,Negative,Uncoded
good morning programming today,0,1,0.96155628392808,0.96155628392808,False,Negative,Positive,Uncoded
yes i know both indeed you,0,1,0.9302933926964444,0.9302933926964444,False,Negative,Positive,Uncoded
hi lee hope it's all good your autograph faded i'll need a new one next time,0,1,0.9323442809600284,0.9323442809600284,False,Negative,Positive,Uncoded
good run at piedmont park being there makes me wish i had a dog though,1,0,0.09625450214672857,0.9037454978532714,False,Positive,Negative,Uncoded
noo i really want to though,1,0,0.007329277740320559,0.9926707222596794,False,Positive,Negative,Uncoded
i'm from louisiana originally i know what you're talking about that's one huge reason ieft the state,0,1,0.9108456053000286,0.9108456053000286,False,Negative,Positive,Uncoded
good luck you should bring in your imported coffee one day so we can have coffee breaks,0,1,0.9434035410672703,0.9434035410672703,False,Negative,Positive,Uncoded
5 more days i'm going to miss your retarded dancing and flat hair,1,0,0.08929701338832793,0.910702986611672,False,Positive,Negative,Uncoded
happy birthday sally,0,1,0.9818108620019445,0.9818108620019445,False,Negative,Positive,Uncoded
lucky i have to wait until thursday,1,0,0.06565269011146278,0.9343473098885372,False,Positive,Negative,Uncoded
funny that i have a new found love for 'thunderstruck' and i think if i go outside today i may actually be 'thunderstruck',0,1,0.9227577651425218,0.9227577651425218,False,Negative,Positive,Uncoded
awesome dinner celebrating 's bday at mercer kitchen with the extended ux gang and significant others mine,0,1,0.950755925235568,0.950755925235568,False,Negative,Positive,Uncoded
oh you poor thing i left the office at 11 30,1,0,0.06401440390113308,0.9359855960988669,False,Positive,Negative,Uncoded
well in this case i do think oliver loves th and he was really cute doing bill,0,1,0.9357537249547017,0.9357537249547017,False,Negative,Positive,Uncoded
my internet explorer keeps flipping up lucky im on tweetdeck,1,0,0.09035088852816761,0.9096491114718324,False,Positive,Negative,Uncoded
hey delbius do you by any chance have a contact or an email that we could try at wefollow we're still delisted thanks,0,1,0.9546000734426808,0.9546000734426808,False,Negative,Positive,Uncoded
anybody have an old tmobile phone they don't want anymore plzzzz,1,0,0.047016874753258164,0.9529831252467418,False,Positive,Negative,Uncoded
i am the one and only nobody id rather be,1,0,0.0715181314693906,0.9284818685306094,False,Positive,Negative,Uncoded
ookay this is kinda slow but i'm actually not that sad about the bt 'cause at least mtb and sb have the same sire yeah well,1,0,0.05919998597904073,0.9408000140209593,False,Positive,Negative,Uncoded
yay ur cumin on monday butonly 4 1 day but we're gonna have alot of fun,0,1,0.9311884473062669,0.9311884473062669,False,Negative,Positive,Uncoded
i miss them in first seconds,1,0,0.03544462429783928,0.9645553757021608,False,Positive,Negative,Uncoded
blah bored p i wanna go see up up up it will probably be sold out,1,0,0.045407577570555496,0.9545924224294445,False,Positive,Negative,Uncoded
oh i packed a sad this afternoon when the soccer team i support lost so i sent myself to bed full of beans now,1,0,0.028857535843055327,0.9711424641569447,False,Positive,Negative,Uncoded
yeah youve left me twitless in my recent messages,1,0,0.08567288108449908,0.9143271189155009,False,Positive,Negative,Uncoded
gordon brown go die a slow and painful dead which you and not your stupid expenses pay for thankyousifla,1,0,0.04845581494266132,0.9515441850573387,False,Positive,Negative,Uncoded
i don't want to wait i hate it x'dd i hope you've fun in brazil oh and when will you update your new tour dates germany,1,0,0.08807458644836977,0.9119254135516303,False,Positive,Negative,Uncoded
the birthday girl was thrilled w her spongebob cake her smile amp 'wow' makes it so worth it no pics since i was cutting close 2 deadline,0,1,0.9270233025979803,0.9270233025979803,False,Negative,Positive,Uncoded
having a good weekend so faar too bad ive gotta start revising for my exams,1,0,0.0764823631647655,0.9235176368352345,False,Positive,Negative,Uncoded
want the results no,1,0,0.024672661598153716,0.9753273384018463,False,Positive,Negative,Uncoded
home from the gym eating a couple hot dogs watching ugly betty waiting to go out with my family i rock lol,0,1,0.9074172224310117,0.9074172224310117,False,Negative,Positive,Uncoded
so no fump sideshow approvals since you're away my new song is supposed to go up monday but hasn't been cleared yet,1,0,0.0851521215570276,0.9148478784429724,False,Positive,Negative,Uncoded
i am not working very hard today thinking about weekend,1,0,0.09639396921426377,0.9036060307857362,False,Positive,Negative,Uncoded
oh crap there goes my blog,1,0,0.018345781518517866,0.9816542184814822,False,Positive,Negative,Uncoded
i have 39 thats not good enough moreeeeeeeeee xo,1,0,0.04960508901942852,0.9503949109805715,False,Positive,Negative,Uncoded
ok your pov personaly i think they are great live,0,1,0.9621067407221571,0.9621067407221571,False,Negative,Positive,Uncoded
haha i have a job it just started and i get paid biweekly so there i have an excuse lol,0,1,0.9107287997426807,0.9107287997426807,False,Negative,Positive,Uncoded
my yim is being stupid soo ill twitter you,1,0,0.08814051868052566,0.9118594813194744,False,Positive,Negative,Uncoded
me too homie nervous that is not hungry lol,1,0,0.06824579302108637,0.9317542069789136,False,Positive,Negative,Uncoded
zippys portuguese omelette sandwichessss i gotta wake up in 4 hours fml,1,0,0.07683472933182119,0.9231652706681788,False,Positive,Negative,Uncoded
always getting bored nothing to do feeling sick lots of whining and complains my life,1,0,0.03707007785069254,0.9629299221493075,False,Positive,Negative,Uncoded
i never get sick of 'long line of missed predictions' wordcamp,1,0,0.036172551304470134,0.9638274486955298,False,Positive,Negative,Uncoded
oh no i sleep just not much i have a good case of insomnia for the most part,1,0,0.05296895709006592,0.9470310429099341,False,Positive,Negative,Uncoded
english is over yeah gt but tomorrow i have to come to school for 4 hours extra lesson in maths omg,1,0,0.07364159680576964,0.9263584031942304,False,Positive,Negative,Uncoded
i miss you khiamme,1,0,0.003376308070491776,0.9966236919295082,False,Positive,Negative,Uncoded
there is no parasol that can shelter this weather,1,0,0.04673603294249522,0.9532639670575048,False,Positive,Negative,Uncoded
yay you're back i missed you,0,1,0.902302643288078,0.902302643288078,False,Negative,Positive,Uncoded
oh no all the ott happy positive world changers spiritual enlighteners expert guru mentor bullshitters are in great,0,1,0.9374785286207432,0.9374785286207432,False,Negative,Positive,Uncoded
im so tired i've slept like most of today my nose hurts today my arms aren't as bad damn the sun haha,1,0,0.03424338972831865,0.9657566102716814,False,Positive,Negative,Uncoded
sorry confusion there i never say no 2 chocolate i should but don't btw not 75 said that to make myself feel better,1,0,0.05288175602468272,0.9471182439753173,False,Positive,Negative,Uncoded
wooo hoooo good for you glad you had fun i have twin nieces that are 17 they didn't have a quincenera,0,1,0.9480301427698835,0.9480301427698835,False,Negative,Positive,Uncoded
offskies time have a nice one peoples toodlepips,0,1,0.9802687084276371,0.9802687084276371,False,Negative,Positive,Uncoded
it's worth it he's worth it lt 3,0,1,0.9722536945561575,0.9722536945561575,False,Negative,Positive,Uncoded
and i'm on twitter and getting my first spam great twitter,0,1,0.930167448723892,0.930167448723892,False,Negative,Positive,Uncoded
hey,0,1,0.9893469370357915,0.9893469370357915,False,Negative,Positive,Uncoded
yes,0,1,0.9402305369441872,0.9402305369441872,False,Negative,Positive,Uncoded
bbq in the rain you can't plan a bbq in advance in sunny scotland,0,1,0.9060731115422437,0.9060731115422437,False,Negative,Positive,Uncoded
follow people,0,1,0.9102901476473606,0.9102901476473606,False,Negative,Positive,Uncoded
i've been hit with some kind of a stomach sickness blaargher little vomit burbs and stomach ache squarespace,1,0,0.027980609531490768,0.9720193904685093,False,Positive,Negative,Uncoded
how do you get to 606 updates on twitter amazing for all 69 of you listening thanks no one listened to me growing up lmao,0,1,0.9090588931592183,0.9090588931592183,False,Negative,Positive,Uncoded
i played singstar so much my throat hurts,1,0,0.019338019506519553,0.9806619804934804,False,Positive,Negative,Uncoded
whatever problem yr stuck on write down ten terrible ideas to solve it the worst u can and it will evaporate,1,0,0.019371521907743237,0.9806284780922567,False,Positive,Negative,Uncoded
lucky poutin lol j p enjoy that,0,1,0.9644742515906135,0.9644742515906135,False,Negative,Positive,Uncoded
maybe if i was more into gaming but im not unfortunately and if i didnt have university tutorial tomorrow last week though,1,0,0.037028070433987724,0.9629719295660123,False,Positive,Negative,Uncoded
oh do i miss it,1,0,0.025371175647773404,0.9746288243522266,False,Positive,Negative,Uncoded
ok my toe still hurts i'mgonna live though takin kane to the dr's today at 10 15 cross your fingers,1,0,0.08239956888383208,0.917600431116168,False,Positive,Negative,Uncoded
rain was it suppose to rain today and i got a spray tan for this ugg where is the sun wanna go out and play,1,0,0.023674770882961722,0.9763252291170382,False,Positive,Negative,Uncoded
going to get ready for class tweet you all later,0,1,0.933532626758317,0.933532626758317,False,Negative,Positive,Uncoded
thanks mostly i play trance and hard trance also a bit of tribal nothing suitable for bangkok land of hip hop clubs,0,1,0.9338481622444068,0.9338481622444068,False,Negative,Positive,Uncoded
thanks for that,0,1,0.9927931580467348,0.9927931580467348,False,Negative,Positive,Uncoded
no i cant believe it he's going go kart today i want to go too i miss driving fast,1,0,0.016590026054240998,0.983409973945759,False,Positive,Negative,Uncoded
jealous,1,0,0.02753532586616534,0.9724646741338346,False,Positive,Negative,Uncoded
masochist you should watch terms of endearment maybe that will cheer you up,0,1,0.9020893269324232,0.9020893269324232,False,Negative,Positive,Uncoded
lol yes thats exactly what you have 2 do but ur right i should come out and have fun,0,1,0.9265818982149614,0.9265818982149614,False,Negative,Positive,Uncoded
it looks like i'm gonna be sick badly sick maybe it's better if i sleep now i want to have my own slumber party even if i'm alone tehee,1,0,0.01583040458088305,0.984169595419117,False,Positive,Negative,Uncoded
they be trying to get us yeah i'm stacking the overtime too friday imma be mia and flexing off miss u,1,0,0.054579785992785346,0.9454202140072147,False,Positive,Negative,Uncoded
i wish i was there,1,0,0.0060189847879961785,0.9939810152120038,False,Positive,Negative,Uncoded
not so much marketing as being practical i hate losing stuff usually i don't but i can do this to guard even more,1,0,0.016887807983700584,0.9831121920162994,False,Positive,Negative,Uncoded
haha youre welcome1 sorry i cant tpye i cant barely think right now,1,0,0.023812585728970843,0.9761874142710292,False,Positive,Negative,Uncoded
yeah sent some to a magazine but they've not got back to me yet said it's being 'considered for submission' though,1,0,0.09140970343646612,0.9085902965635339,False,Positive,Negative,Uncoded
a goodnight,0,1,0.9824142543666886,0.9824142543666886,False,Negative,Positive,Uncoded
fcv broken monitor 17 quot samsung flat port moody coquitlam it looks good but doesn't work thanks,1,0,0.04328401976011563,0.9567159802398844,False,Positive,Negative,Uncoded
hope you're feeling better good news i have a new hairstyle for us show you tomorrow at lunch i'll bring some yummy soup,0,1,0.9795688502024419,0.9795688502024419,False,Negative,Positive,Uncoded
i cant twin im live like right now lets go people positive energy send me some lol,0,1,0.9222449144417952,0.9222449144417952,False,Negative,Positive,Uncoded
yay can't wait to see it my legs are ghostlike and splotchy will shimmery moisturiser detract or draw attention to this,0,1,0.9727521186904411,0.9727521186904411,False,Negative,Positive,Uncoded
sorry for the spamming twitpics but i want to have this pics somewhere and i don't feel like dealing with myspace or facebook,1,0,0.06591253491997219,0.9340874650800278,False,Positive,Negative,Uncoded
im sick to my stomach wit hall this bullshxt ill be on later adios follow me,1,0,0.09745031337773404,0.902549686622266,False,Positive,Negative,Uncoded
i'm tiiiiired i'm glad you're not complaining though,0,1,0.9501283166203786,0.9501283166203786,False,Negative,Positive,Uncoded
so very now i kept rewatching that freakin' scene guh i need cookies now my rush is dying otalia,1,0,0.0661321257242335,0.9338678742757665,False,Positive,Negative,Uncoded
don't hurt em to bad out there,1,0,0.060575868715393444,0.9394241312846066,False,Positive,Negative,Uncoded
i'm sure there'll be more to tell after form six i'm lifeless now,0,1,0.9340590977248372,0.9340590977248372,False,Negative,Positive,Uncoded
great day great date with mela max and ermas and a great rocky show where people said i was a great brad hooray now for work at 8,0,1,0.9144454066765585,0.9144454066765585,False,Negative,Positive,Uncoded
lol damn i so shoulda i wanted to know what was inside that take out box hahahahaha we have to eat ceviche on me,1,0,0.08956162953941613,0.9104383704605838,False,Positive,Negative,Uncoded
in terms of hockey russia is a threat lost an mib afaik are not related to any,1,0,0.09274882175373136,0.9072511782462687,False,Positive,Negative,Uncoded
very very frustrated ones,1,0,0.08469277630032748,0.9153072236996725,False,Positive,Negative,Uncoded
we miss you too,1,0,0.09921913749900885,0.9007808625009912,False,Positive,Negative,Uncoded
sorry to twitshit but this is a better link,1,0,0.041980123200591225,0.9580198767994088,False,Positive,Negative,Uncoded
i'll try to remember that when i wake up freaked out again thanks so much,0,1,0.9011831484132571,0.9011831484132571,False,Negative,Positive,Uncoded
friday night and im still studying im such a goodytwoshoes,1,0,0.05936555322446283,0.9406344467755372,False,Positive,Negative,Uncoded
not so bad lah ipoh was at 38 and shenzhen beijing so much lower but dry,1,0,0.0319622542289835,0.9680377457710165,False,Positive,Negative,Uncoded
i meeeessss you,0,1,0.9968691219023424,0.9968691219023424,False,Negative,Positive,Uncoded
im glad my bf is alive though his copilot died and he got hit in his left arm,1,0,0.09466066100610576,0.9053393389938942,False,Positive,Negative,Uncoded
yeah it wasn't too bad windows broke ceiling tiles fell only those nearest the epicenter were really affected i was far away,1,0,0.0023934254008396503,0.9976065745991604,False,Positive,Negative,Uncoded
ohh great xoxo,0,1,0.9635486487333642,0.9635486487333642,False,Negative,Positive,Uncoded
me to but cannot anymore have a good one,1,0,0.09409613556534739,0.9059038644346527,False,Positive,Negative,Uncoded
why so much bad scary news this morning on fox amp friends it's saturday i don't want to know what's going to kill me today,1,0,0.030360199214815753,0.9696398007851843,False,Positive,Negative,Uncoded
anybdy else sad to see lebron not in the finals i know i'm not looking fwd to the magic against the lakers,1,0,0.0067292632943712185,0.9932707367056288,False,Positive,Negative,Uncoded
nah just birds twittering,0,1,0.9128846512056998,0.9128846512056998,False,Negative,Positive,Uncoded
feeling sleeeepy why is it that i have energy like crazy on sunday night and none on monday morning it's gotta be the alarm clock,1,0,0.038125425511514356,0.9618745744884857,False,Positive,Negative,Uncoded
got the worst headache like ever unhappy,1,0,0.00464455186394732,0.9953554481360527,False,Positive,Negative,Uncoded
i can't sleep this never happens i need someone to tuck me into bed,1,0,0.031336739506777844,0.9686632604932222,False,Positive,Negative,Uncoded
my phone messed up im getting that right today tho,1,0,0.08420066705169663,0.9157993329483034,False,Positive,Negative,Uncoded
im sorry u had a lame day at work love you,1,0,0.050984594741070866,0.9490154052589291,False,Positive,Negative,Uncoded
my home computer internet is down but i can still get wifi in the middle of my street,1,0,0.028062654551873074,0.9719373454481269,False,Positive,Negative,Uncoded
sorry about your tummy ache i had stomach issues all day yesterday so i can sympathize with you hope yours gets better soon,1,0,0.0068488966799955305,0.9931511033200044,False,Positive,Negative,Uncoded
hey ts is a great film awesome screenplay just like the original,0,1,0.9936762767742671,0.9936762767742671,False,Negative,Positive,Uncoded
haha i am awesome i know but don't worry i will be back monday,0,1,0.9307254026805527,0.9307254026805527,False,Negative,Positive,Uncoded
sweet 16 isn't that sweet at all,0,1,0.9242820367879446,0.9242820367879446,False,Negative,Positive,Uncoded
i want ramen too,1,0,0.056086342645972787,0.9439136573540272,False,Positive,Negative,Uncoded
night out had 2 b put on hold 4 2 weeks coz i was so ill last nite gutted still had a nice nite tho but whers the sun gone,1,0,0.020460622292669647,0.9795393777073303,False,Positive,Negative,Uncoded
happy birthday sir paul mccartney behindhand,0,1,0.9708446624389641,0.9708446624389641,False,Negative,Positive,Uncoded
quot i high 5 your goodbyes and it leaves me with nothing but blisters quot,1,0,0.0815562028993978,0.9184437971006022,False,Positive,Negative,Uncoded
how was it sucks they ran out of rb you just have to go again is all my friend tried the curry chicken and said it was good,1,0,0.06422606392980863,0.9357739360701913,False,Positive,Negative,Uncoded
r i p great aunt betty,0,1,0.9163170701764706,0.9163170701764706,False,Negative,Positive,Uncoded
you and planes are a dodgy combo hope you aren't stuck at the airport too long,1,0,0.014486848577883918,0.985513151422116,False,Positive,Negative,Uncoded
sleepin over aunt ginger's house tonight with maranda awesome day woulda been more fun if i got to see austin,0,1,0.9003907427433993,0.9003907427433993,False,Negative,Positive,Uncoded
cheese for you and for your perfect girl,0,1,0.9378843274226396,0.9378843274226396,False,Negative,Positive,Uncoded
a startup tells me they have to wait till monday because their french team has gone home that wouldn't happen here,1,0,0.06556022441330192,0.9344397755866981,False,Positive,Negative,Uncoded
yeah i know i decided i couldn't work for anyone else anymore frustrated me too much,1,0,0.01823520468309354,0.9817647953169064,False,Positive,Negative,Uncoded
at rock the garden beer will be warm b4 solid gold starts,0,1,0.9203446695543069,0.9203446695543069,False,Negative,Positive,Uncoded
your day is coming it's worth the wait,0,1,0.9301254322242904,0.9301254322242904,False,Negative,Positive,Uncoded
really misses some people,1,0,0.02417453378748296,0.9758254662125171,False,Positive,Negative,Uncoded
ufta i'm tired i'm even getting a tired headache no more getting up at 5 am for me,1,0,0.01816849431661794,0.9818315056833821,False,Positive,Negative,Uncoded
is feeling very ill again boo but is hoping everyone is voting in tomorrow's eu amp local elections,1,0,0.06089765709894905,0.939102342901051,False,Positive,Negative,Uncoded
just got done playing the game of life with and always beats us,0,1,0.9454377344261928,0.9454377344261928,False,Negative,Positive,Uncoded
meeeh just got tumblr sunburn hurts get suncream ed kids y,1,0,0.033985168008563306,0.9660148319914367,False,Positive,Negative,Uncoded
sup mimisaurus rex i am chillin' like ice cream fillin' in the sweatiest sense of the term,0,1,0.945867192804473,0.945867192804473,False,Negative,Positive,Uncoded
hey you how r u ooooo so we have an afternoon sleeper huh i'm watching a movie and get ready for bed leaving morrow,0,1,0.9288287463172168,0.9288287463172168,False,Negative,Positive,Uncoded
ive accepted im failing all my exams this summer d deirdre will kill me but suure,1,0,0.0822300478971811,0.9177699521028189,False,Positive,Negative,Uncoded
chillin on brighton beach with and the others home soon,0,1,0.9177191682661846,0.9177191682661846,False,Negative,Positive,Uncoded
day two of training except today i actually have to work after our training session i missed my guard friends,1,0,0.07069215487394642,0.9293078451260536,False,Positive,Negative,Uncoded
buggy i bought baby wipes today at target amp didn't get home with them really i hate that oh darn gotta go back 2 morrow,1,0,0.011757647488564825,0.9882423525114352,False,Positive,Negative,Uncoded
no i hear zehrs is a good place if you apply somewhere maybe i'll apply there too xd,0,1,0.9402023886582846,0.9402023886582846,False,Negative,Positive,Uncoded
i had rib sauce all over my hands and the phone rang and i didnt know what to do so i used my nose to touch talk im fat,1,0,0.08056513422318154,0.9194348657768184,False,Positive,Negative,Uncoded
slow day lots op people have the day off 2day but nooo not me gotta defend the fortress here,1,0,0.06453574132581244,0.9354642586741876,False,Positive,Negative,Uncoded
not even i never floss you i prolly was sleep,1,0,0.07749990095068976,0.9225000990493102,False,Positive,Negative,Uncoded
oh that's so cool i wish i could but fact is there just isn't a way i hate saying that but in my case it's true,1,0,0.09441045762340335,0.9055895423765966,False,Positive,Negative,Uncoded
heyy watching the simpson with shezza and paula,0,1,0.9297897507473051,0.9297897507473051,False,Negative,Positive,Uncoded
lalalaland why am i liking that song so much anyhoo grr i have a cold but thank goodness though the sore throat has gone,1,0,0.043314377786272944,0.9566856222137271,False,Positive,Negative,Uncoded
no more finals,1,0,0.0858952566454685,0.9141047433545315,False,Positive,Negative,Uncoded
stupid burn being itchy n stuff scratched off the protective layer of dead skin well at least i know now it was a small 2nd degree burn,1,0,0.037435905560089466,0.9625640944399105,False,Positive,Negative,Uncoded
hi matt i don't like it when fan bases argue i much prefer to support my favorites have a great day,0,1,0.9680853518308794,0.9680853518308794,False,Negative,Positive,Uncoded
sometimes i feel like i am missing life other times i feel like life should miss me,1,0,0.07027988489103734,0.9297201151089627,False,Positive,Negative,Uncoded
test postponed,1,0,0.05661052765954648,0.9433894723404536,False,Positive,Negative,Uncoded
my 3yo is very upset because he forgot to give big hugs and kisses to jooo ie before she left for the afternoon wiimoms,1,0,0.02972292749364371,0.9702770725063563,False,Positive,Negative,Uncoded
how i love unexpected weather,0,1,0.9096012031872659,0.9096012031872659,False,Negative,Positive,Uncoded
actually i don't love that at all dm me your boloco card and i'll check it out and make it up to you,0,1,0.9635555572707009,0.9635555572707009,False,Negative,Positive,Uncoded
alas it is true star trek was great a real romp thanks for the recommendation,0,1,0.9418444283064277,0.9418444283064277,False,Negative,Positive,Uncoded
fantastic,0,1,0.9910255669059523,0.9910255669059523,False,Negative,Positive,Uncoded
you probably think i need the extra reading time lol,0,1,0.9161821359313468,0.9161821359313468,False,Negative,Positive,Uncoded
trying to check out twitter and what i can do with it surprised how little is written,0,1,0.9177287729630498,0.9177287729630498,False,Negative,Positive,Uncoded
i lost ur number can u direct message it to me again please,1,0,0.0849519473777718,0.9150480526222282,False,Positive,Negative,Uncoded
but time to go back to bed since boy just left,1,0,0.08428005406669031,0.9157199459333096,False,Positive,Negative,Uncoded
its raining its pouring the old man is snoring he went to bed and bumped his head and couldn't get up in the morning,1,0,0.04745758308725766,0.9525424169127423,False,Positive,Negative,Uncoded
god has never failed me but he has sure scared me to death a few times,1,0,0.037578327121100055,0.9624216728788999,False,Positive,Negative,Uncoded
anything that distracts from snot sneezing a very sore throat and pains all over is good,1,0,0.06236654613509736,0.9376334538649026,False,Positive,Negative,Uncoded
waiting on you,0,1,0.9326335502544554,0.9326335502544554,False,Negative,Positive,Uncoded
hello hello busy busy all the time,0,1,0.9273377319567938,0.9273377319567938,False,Negative,Positive,Uncoded
that doesn't sound too bad,1,0,0.008416790424030244,0.9915832095759698,False,Positive,Negative,Uncoded
disappointed in your mayorship of the milbrae in n out it will be mine,1,0,0.07198832808100417,0.9280116719189958,False,Positive,Negative,Uncoded
i want,1,0,0.0014473894330380317,0.998552610566962,False,Positive,Negative,Uncoded
i'm trying but i had to post pone my vacay until july so i'm stuck like a truck saying fuck until i go,1,0,0.04645557440950252,0.9535444255904975,False,Positive,Negative,Uncoded
so happy to be going to work who wants to spend time in the sun eh,0,1,0.9085099519755945,0.9085099519755945,False,Negative,Positive,Uncoded
i've got a track for you we produced the beat perhaps you might want to use it for your album aim endless insight 1 cavs,0,1,0.9366044171845938,0.9366044171845938,False,Negative,Positive,Uncoded
lollll no he's never met him he did go to his funeral tho he was just having a sensitive drunk moment,1,0,0.054312912642524615,0.9456870873574754,False,Positive,Negative,Uncoded
we wrote an english test today and i didn't learn for it a not good but i'm optimistic,1,0,0.07524904215629064,0.9247509578437094,False,Positive,Negative,Uncoded
hi jamie what is this jamiestwitchen malarky i'm new to twitter,0,1,0.9310266142947553,0.9310266142947553,False,Negative,Positive,Uncoded
happy to help out seen my etsy i'd love for you to what ya think help,0,1,0.9804696392583081,0.9804696392583081,False,Negative,Positive,Uncoded
thats clever of them,0,1,0.9137123792659281,0.9137123792659281,False,Negative,Positive,Uncoded
but i still haven't recovered from last time i've got drinks at h amp k that evening i'm afraid,1,0,0.052766204979268316,0.9472337950207317,False,Positive,Negative,Uncoded
get my email hee hee,0,1,0.972073599724124,0.972073599724124,False,Negative,Positive,Uncoded
man i wish youtube would stop this site maintenance i need to make my debut,1,0,0.06566171437336207,0.9343382856266379,False,Positive,Negative,Uncoded
wooooohoooo its rainin,1,0,0.07773215793846014,0.9222678420615399,False,Positive,Negative,Uncoded
those cupcakes look yummy,0,1,0.9720462361765503,0.9720462361765503,False,Negative,Positive,Uncoded
3turnoffwords oops wrong hole sorry,1,0,0.013790803092215434,0.9862091969077845,False,Positive,Negative,Uncoded
ik i checked the weather it said its going to rain but idk we'll see,1,0,0.06723503301098036,0.9327649669890197,False,Positive,Negative,Uncoded
coldstone and sushi on break was amazingly good needed that i love baldwin happy for becca her painting came out soo good lab till 1,0,1,0.9469420379571147,0.9469420379571147,False,Negative,Positive,Uncoded
when are you planning on doing a runner then,0,1,0.9118792067146362,0.9118792067146362,False,Negative,Positive,Uncoded
u r right ever check out idealist com,0,1,0.9387529741096209,0.9387529741096209,False,Negative,Positive,Uncoded
mine too isn't the house quiet,1,0,0.059400351733684784,0.9405996482663153,False,Positive,Negative,Uncoded
aw im pissed 'like mike' was on and i missed it i used to be in love with bow wow,1,0,0.04770366777702316,0.9522963322229768,False,Positive,Negative,Uncoded
hey man going good nakered though lol,0,1,0.9403798774586878,0.9403798774586878,False,Negative,Positive,Uncoded
ooc if you were nice to mrtribble lol,0,1,0.9775258909050999,0.9775258909050999,False,Negative,Positive,Uncoded
i'm not in chicago yet silly i leave friday but i do have long hair,1,0,0.06728574794963531,0.9327142520503647,False,Positive,Negative,Uncoded
i can never get sick of musicals,1,0,0.04423569550878596,0.9557643044912141,False,Positive,Negative,Uncoded
talking to rudi i miss them soooo much,1,0,0.029314737394915198,0.9706852626050848,False,Positive,Negative,Uncoded
ok cancelling my 3 dollar offer bummer,1,0,0.029613195446570255,0.9703868045534297,False,Positive,Negative,Uncoded
joeyfortman she's awesome follow her and check out her journal at,0,1,0.9684913265329425,0.9684913265329425,False,Negative,Positive,Uncoded
oh no throws zyrtec to you,1,0,0.09346805578724018,0.9065319442127598,False,Positive,Negative,Uncoded
cold case is on hopefully its not depressing like some episodes,1,0,0.08005903405339447,0.9199409659466056,False,Positive,Negative,Uncoded
at bazzas house watching gay wrestling bring on some ufc,0,1,0.9329764376484301,0.9329764376484301,False,Negative,Positive,Uncoded
wow what a surprise,0,1,0.9295817361093566,0.9295817361093566,False,Negative,Positive,Uncoded
good luck with the call,0,1,0.9157524538058777,0.9157524538058777,False,Negative,Positive,Uncoded
i thought u said jealousy was the worst trait in anyone,1,0,0.08536681158381304,0.9146331884161869,False,Positive,Negative,Uncoded
a system that does not change is dead,1,0,0.04249346382472,0.95750653617528,False,Positive,Negative,Uncoded
just won a collection of nin cd's for ash hopefully that cheers her up,0,1,0.9304317594935589,0.9304317594935589,False,Negative,Positive,Uncoded
liepaja here i am just for couple of hours and i already miss riga damn,1,0,0.0905086759934018,0.9094913240065982,False,Positive,Negative,Uncoded
lol a,0,1,0.9848921840750716,0.9848921840750716,False,Negative,Positive,Uncoded
kickin bak need 2 do my hw i miss u babe lolz,1,0,0.055906992859239654,0.9440930071407604,False,Positive,Negative,Uncoded
ooh staaaaaay in braziiil hahaha pls come back soon love ya,0,1,0.9216457029962575,0.9216457029962575,False,Negative,Positive,Uncoded
headin 2 bed amanda didnt get out today tomorow maybe hope she comes down,1,0,0.08427966299712522,0.9157203370028748,False,Positive,Negative,Uncoded
soooooo tired early night for me tonight,1,0,0.09459332511523151,0.9054066748847684,False,Positive,Negative,Uncoded
dad you start off by following ten people lol you can block them and yes i will,0,1,0.9126354751597839,0.9126354751597839,False,Negative,Positive,Uncoded
thnx to i jus read your updates ya'll niggaz r hilarious 1 mo yr and i'll be able 2 come to ya'll shows im 20,0,1,0.9295868080305161,0.9295868080305161,False,Negative,Positive,Uncoded
birthday soons,0,1,0.9709072939743688,0.9709072939743688,False,Negative,Positive,Uncoded
had my maths exam today no more maths ever,1,0,0.07016113362083018,0.9298388663791698,False,Positive,Negative,Uncoded
too bad spongebobs not here to enjoy spongebob not being hear,1,0,0.04025660199503641,0.9597433980049636,False,Positive,Negative,Uncoded
not yet he he he he he xx hows yours,0,1,0.9569011714132545,0.9569011714132545,False,Negative,Positive,Uncoded
leaving florida im sooo sad met sooo many guys this on this trip but it was awesome,1,0,0.06545345670004439,0.9345465432999556,False,Positive,Negative,Uncoded
well kids fed dishes done laundry re booted so i guess i'm doing well still want to go back to bed though,1,0,0.09405501382756573,0.9059449861724342,False,Positive,Negative,Uncoded
goodnight morning everyone,0,1,0.9594160107945445,0.9594160107945445,False,Negative,Positive,Uncoded
sooooo hello tweets beautiful sunny day here in fl let's hope it stays that way for my car's sake,0,1,0.9292896930101409,0.9292896930101409,False,Negative,Positive,Uncoded
doing homework and chillin at home super bored right now so lonely lol,1,0,0.09694140278305391,0.903058597216946,False,Positive,Negative,Uncoded
haha of course not,0,1,0.938573140833799,0.938573140833799,False,Negative,Positive,Uncoded
well my morning began with an awesome cycling class workout and weights followed by my little princess going potty in our garage,0,1,0.9028868822097278,0.9028868822097278,False,Negative,Positive,Uncoded
what to do when no one's here face mask,1,0,0.08500557417195238,0.9149944258280476,False,Positive,Negative,Uncoded
touched your stuff hmm you might want to burn some of that now,0,1,0.9133930221002039,0.9133930221002039,False,Negative,Positive,Uncoded
star gazing would be wonderful if you could turn off all the lights from the mall,0,1,0.9427060697623058,0.9427060697623058,False,Negative,Positive,Uncoded
but can you afford a computer that doesn't work,1,0,0.0033593268937295124,0.9966406731062705,False,Positive,Negative,Uncoded
having a great grand time,0,1,0.9601472379730349,0.9601472379730349,False,Negative,Positive,Uncoded
my tummy hurts too and im falling asleep but for once it isnt raining in england lol hey by the way haha,1,0,0.050750749290544926,0.9492492507094551,False,Positive,Negative,Uncoded
nice quote from one of ga's quot finest quot erick erickson i'm so proud of my state b c of hatemongers like that,0,1,0.9786323501628276,0.9786323501628276,False,Negative,Positive,Uncoded
yay blueberry pancakes yummm bite wait wheres the blueberries,0,1,0.9154755629887719,0.9154755629887719,False,Negative,Positive,Uncoded
just got off work wish i could have got a few more hours in but patrick might be coming home early,1,0,0.09399029922923405,0.9060097007707659,False,Positive,Negative,Uncoded
wrong,1,0,0.03896718116001546,0.9610328188399846,False,Positive,Negative,Uncoded
so is david tennant sux he's not gonna be in doctor who after this yr but they guy they got now is just as cute,1,0,0.09784019304380216,0.9021598069561978,False,Positive,Negative,Uncoded
thinking wayne is very sad or bored to be quot following quot me on twitter,1,0,0.09614257884813784,0.9038574211518622,False,Positive,Negative,Uncoded
lt 3 you're doing great things there though i am sure,0,1,0.9368710762822451,0.9368710762822451,False,Negative,Positive,Uncoded
good morning to u 2 gr8 2 c u ready to rock 'n roll have to close twitter for a while,0,1,0.9040406291743691,0.9040406291743691,False,Negative,Positive,Uncoded
oh let's be optimistic ann happy mother's day,0,1,0.9859969015620431,0.9859969015620431,False,Negative,Positive,Uncoded
i will continue trying and when i win i'm going to live to england lol think that never hehe,0,1,0.9200806772526485,0.9200806772526485,False,Negative,Positive,Uncoded
1 is really annoyed by your existence 2 really misses you and is sorry for being rude the last time he talked to you 3 puerto rico,1,0,0.025986725619054407,0.9740132743809455,False,Positive,Negative,Uncoded
i never like air france,1,0,0.08646022293619693,0.9135397770638031,False,Positive,Negative,Uncoded
you have troy he's sick poor puppy dog,1,0,0.008698254260841828,0.9913017457391582,False,Positive,Negative,Uncoded
the best thing about not being a manager is that i dont have to go in when someone doesnt show up haha,1,0,0.09259687825621246,0.9074031217437876,False,Positive,Negative,Uncoded
never ever change you're so amazing jonas for life message me ok,0,1,0.9016683437881255,0.9016683437881255,False,Negative,Positive,Uncoded
wave i had fun at lunch with a sweet sweet friend amp i learned more abt breathing amp blessing when i was all you,0,1,0.9851134742544593,0.9851134742544593,False,Negative,Positive,Uncoded
u scared me i thought i was going to have to call 911,1,0,0.021006161576694753,0.9789938384233052,False,Positive,Negative,Uncoded
nope no worries,0,1,0.9378998221041787,0.9378998221041787,False,Negative,Positive,Uncoded
thx 4 followers tomorrow junior high school,0,1,0.9319743198451256,0.9319743198451256,False,Negative,Positive,Uncoded
miss ya boo,1,0,0.02007606411759382,0.9799239358824062,False,Positive,Negative,Uncoded
my ears are itchy on the inside its annoying meee,1,0,0.06389802520564739,0.9361019747943526,False,Positive,Negative,Uncoded
my mom woke me up an hour before i had to im kinda mad at her now i cant fall back asleep its really just great that was sarcastic,1,0,0.02885178066982789,0.9711482193301721,False,Positive,Negative,Uncoded
ghost is on tv and patrick swayze he just died n i'm gonna cry havent seen this since i was little,1,0,0.0255261538287015,0.9744738461712985,False,Positive,Negative,Uncoded
feel like i haven't been on twitted in a long time oh wait i haven't what's up my tweet peeps miss u,1,0,0.05330044787417879,0.9466995521258212,False,Positive,Negative,Uncoded
i don't think i did explains why you cant find it what are you after,1,0,0.05811533897506195,0.9418846610249381,False,Positive,Negative,Uncoded
haha i mean one day lang maaga ung iba hahaha katamad grabe lol,0,1,0.9364311516467417,0.9364311516467417,False,Negative,Positive,Uncoded
good morning everyone it was an interesting morning a morning without twitter,0,1,0.9468111427879629,0.9468111427879629,False,Negative,Positive,Uncoded
sorry they don't have twitter,1,0,0.023565152866706986,0.976434847133293,False,Positive,Negative,Uncoded
is hoping june 10 will never come gt gt school sucks damn you deped,1,0,0.0287687437052306,0.9712312562947694,False,Positive,Negative,Uncoded
i knoooooooooow i think marv should replyyyy haha,0,1,0.9292757476806435,0.9292757476806435,False,Negative,Positive,Uncoded
i love getting upin the morrning,0,1,0.9338674847559355,0.9338674847559355,False,Negative,Positive,Uncoded
didnt get the lasagna only indomie,1,0,0.031681733778747265,0.9683182662212527,False,Positive,Negative,Uncoded
wow that sucks i'm sorry use aloe vera it helps so much i hope you feel better,1,0,0.0428020283344844,0.9571979716655156,False,Positive,Negative,Uncoded
um hello simpsons quote you're usually so good at that,0,1,0.9847603403922557,0.9847603403922557,False,Negative,Positive,Uncoded
heese school was lame just read all my emails ahh need my laptop back i can go to japan for free apparently but i dnt wanna,1,0,0.010913913459125263,0.9890860865408747,False,Positive,Negative,Uncoded
reading a book drinking wine listening to kyxi after a long day of moving back in with mike chops has already become more independent,0,1,0.9199547348017942,0.9199547348017942,False,Negative,Positive,Uncoded
i wish my pic would show up already damn it it's pissin me off yo,1,0,0.014319207959812341,0.9856807920401877,False,Positive,Negative,Uncoded
morning tweets stomach hurts alittle ate sum subways amp they put too much hot pepers on my sub it'll pass,1,0,0.05771133420669108,0.9422886657933089,False,Positive,Negative,Uncoded
i fell asleep at 8 30pm and now i'm up i'm getting old i don't go out on fridays anymore,1,0,0.028740347148453128,0.9712596528515469,False,Positive,Negative,Uncoded
fuck downswings watching rent with a bottle of wine sure fire cure all duo hopefully that'll turn my night around a bit,0,1,0.9251015255747393,0.9251015255747393,False,Negative,Positive,Uncoded
reply fail,1,0,0.013192981541388916,0.9868070184586111,False,Positive,Negative,Uncoded
i don't want to go out it's so hot,1,0,0.02177402892712057,0.9782259710728795,False,Positive,Negative,Uncoded
too much work too little week and no time to tweet,1,0,0.03873284805048906,0.961267151949511,False,Positive,Negative,Uncoded
didnt get frozen yogurt but got a passion tea lemonade instead,1,0,0.09534635624824067,0.9046536437517594,False,Positive,Negative,Uncoded
happy now,0,1,0.9919802293082525,0.9919802293082525,False,Negative,Positive,Uncoded
shadii hace a os que no tweeteas love youu and miss you,1,0,0.09758112532059911,0.9024188746794009,False,Positive,Negative,Uncoded
thanks just used a therm to pry it out was like concrete blood and everything he's doing a lot better now thank god,0,1,0.9491664384392955,0.9491664384392955,False,Negative,Positive,Uncoded
i know bless her i hope you enjoy your bbq x,0,1,0.9499207366322289,0.9499207366322289,False,Negative,Positive,Uncoded
thank you so much,0,1,0.9774209485274168,0.9774209485274168,False,Negative,Positive,Uncoded
doing at home phone job when ppl order stuff off the tv it's not great but it's decent money and i can work when i want,1,0,0.07040305655477881,0.9295969434452211,False,Positive,Negative,Uncoded
bahaha that really sucks,1,0,0.08109537294143646,0.9189046270585636,False,Positive,Negative,Uncoded
aww damnit my best friend just got a kitty i want one so bad now,1,0,0.034544598784543794,0.9654554012154563,False,Positive,Negative,Uncoded
especially hard to get out of bed with myself this morn cuz i'm hot now running late stuck in front of the mirror checking myself out,1,0,0.08439434357150981,0.9156056564284902,False,Positive,Negative,Uncoded
wanted to get up early buuuuut so much for that i'm up no,1,0,0.029746304981917316,0.9702536950180827,False,Positive,Negative,Uncoded
are you having a bad morning dom you sound pissed off please don't shout at me,1,0,0.031257045186247674,0.9687429548137523,False,Positive,Negative,Uncoded
i give up on hoping for a response i hope you have a great day serena i will always support you in all that you do,0,1,0.9627652945777975,0.9627652945777975,False,Negative,Positive,Uncoded
hey miss petite don't be so sad sorry klo rada sotoy you have a loving boyfriend and mucho friends who cares,1,0,0.09435785806954367,0.9056421419304563,False,Positive,Negative,Uncoded
missed my stop this morning ended up walking 5 avenue blocks because i didn't feel like waiting for a train to go backwards,1,0,0.0417928762965737,0.9582071237034263,False,Positive,Negative,Uncoded
ouvindo unusual you vou morrer tchau,0,1,0.9083759405674556,0.9083759405674556,False,Negative,Positive,Uncoded
omg our school has 3 cases of swine flu two of them are my friends o yay school will probs be cancelled after exams,1,0,0.08311921617850924,0.9168807838214907,False,Positive,Negative,Uncoded
graduation is 2 days away for me btw time of your life by green day will be my song greenday,0,1,0.9138492551677594,0.9138492551677594,False,Negative,Positive,Uncoded
feel abit poorly but okay otherwise hungry tho as always you okay shiney boy x,1,0,0.052155282980034634,0.9478447170199653,False,Positive,Negative,Uncoded
read the songbirds of pain again and missed sir ferds,1,0,0.027401264871292942,0.9725987351287071,False,Positive,Negative,Uncoded
i can't even see my pecker over my belt but i don't lie about it,1,0,0.06558653256744902,0.9344134674325509,False,Positive,Negative,Uncoded
life won't be so hectic for me soon,1,0,0.09136905203125441,0.9086309479687456,False,Positive,Negative,Uncoded
sorry wasn't meant 4 u,1,0,0.06677861589308334,0.9332213841069167,False,Positive,Negative,Uncoded
you don't need prestige you need to find satisfaction within yourself lt 3,0,1,0.935611193440956,0.935611193440956,False,Negative,Positive,Uncoded
and nuu i kill all the spammers i can find figuratively,1,0,0.021687064508342714,0.9783129354916573,False,Positive,Negative,Uncoded
in my country ppl actually think it's a good idea to make political advertisement using a batman logo,0,1,0.93139130551177,0.93139130551177,False,Negative,Positive,Uncoded
that is hilarious i want one,0,1,0.9056020205167512,0.9056020205167512,False,Negative,Positive,Uncoded
thanks if i were a fiend i'd be back in shape,0,1,0.925428376423125,0.925428376423125,False,Negative,Positive,Uncoded
a poor i play trumpet and wouldnlt mind bein' franns,1,0,0.09708772557269811,0.9029122744273019,False,Positive,Negative,Uncoded
i loved working in the boarding kennel i spoiled those dogs so badly they didn't want to go home,1,0,0.04196569882201538,0.9580343011779846,False,Positive,Negative,Uncoded
long weekend ahead yay,0,1,0.948281147196331,0.948281147196331,False,Negative,Positive,Uncoded
excited for promm hope they get my dress fixed on time,0,1,0.9008033023908755,0.9008033023908755,False,Negative,Positive,Uncoded
cant sleep probably shouldnt have worked out so late either listening to jacks mannequin and wishing i had a piano,1,0,0.02316830039006473,0.9768316996099353,False,Positive,Negative,Uncoded
dan didn't pick up the stuff from andre photog today we'll pick 'em up later can't wait to see our wedding video album amp portrait,0,1,0.9527155870835973,0.9527155870835973,False,Negative,Positive,Uncoded
i'm not in a hospital you can visit me,1,0,0.05099088104608094,0.949009118953919,False,Positive,Negative,Uncoded
super sick almost went to the er tonite kyles staying up all night to take care of me,1,0,0.05821270009187955,0.9417872999081205,False,Positive,Negative,Uncoded
i hate being sick in school maybe ill go home early,1,0,0.013887410121826505,0.9861125898781735,False,Positive,Negative,Uncoded
damn i wish shit i want him,1,0,0.002227055672521009,0.997772944327479,False,Positive,Negative,Uncoded
i hate being on hold at least they have moon safari as the waiting music,1,0,0.07514838957502046,0.9248516104249795,False,Positive,Negative,Uncoded
jst deleted the horny kitty spam followers now to 93 not to bad thanks guyz im out gt lt essay time laterz twitterz,1,0,0.09897394133069952,0.9010260586693005,False,Positive,Negative,Uncoded
time to pick the dragon up i'm sure she'll have plenty to moan about,0,1,0.9091575829486039,0.9091575829486039,False,Negative,Positive,Uncoded
so much happened to me in the last 24 hours lmao no more minutes for phone so i can't text amp i have a dentisit app today grrr,1,0,0.03177385433038347,0.9682261456696165,False,Positive,Negative,Uncoded
it's such a lovely day almost too hot unfortunately i have to revise but that's not stopping me from wearing a skirt,1,0,0.07561400384061481,0.9243859961593852,False,Positive,Negative,Uncoded
nope but i have to find one when i get there,1,0,0.0996714608924304,0.9003285391075696,False,Positive,Negative,Uncoded
i have a biology test tomorrow and i still have to start studying i guess i'll have to start now thankfully this chapter isn't that hard,1,0,0.06986671590496434,0.9301332840950357,False,Positive,Negative,Uncoded
keyh u too takecare gonna miss our chating for the whole weekend,1,0,0.022908449857725683,0.9770915501422743,False,Positive,Negative,Uncoded
that's good and thanks weez will look forward to it x not sure where harry is with new improvise or new work yuk,0,1,0.9498355974433377,0.9498355974433377,False,Negative,Positive,Uncoded
can you please let me know who wins bgt with the time differences i can't watch it thanks,0,1,0.9167995679472851,0.9167995679472851,False,Negative,Positive,Uncoded
i am still up why watched tivo'd version of mtv movie awards i was sad wasnt in the t2 premiere looked good tho,1,0,0.05688025518540678,0.9431197448145933,False,Positive,Negative,Uncoded
sun's shining want to go outside but have a cold bleh,1,0,0.005256121032504914,0.994743878967495,False,Positive,Negative,Uncoded
i hate,1,0,0.00012014478388213872,0.9998798552161179,False,Positive,Negative,Uncoded
i misses u 2 just finished watchin juno by myself everyones out of town r u in dc,1,0,0.018642520567429897,0.9813574794325701,False,Positive,Negative,Uncoded
aw well at least you didn't miss out on much i feel like the music awards are bettah anyway,1,0,0.08991851118369878,0.9100814888163012,False,Positive,Negative,Uncoded
so i have to go to the library before i leave i think i may have a bit of a break down i have to come back before next year,1,0,0.024564229299226678,0.9754357707007734,False,Positive,Negative,Uncoded
hey yooooo i'm having a blast almos over tho u good,0,1,0.9000940717665437,0.9000940717665437,False,Negative,Positive,Uncoded
pizza aw no i hope your knee is okay lt 3,1,0,0.07923408131799084,0.9207659186820092,False,Positive,Negative,Uncoded
i have so much sleepy i only wanna sleep until tomorrow twitters,1,0,0.05189799886611786,0.9481020011338821,False,Positive,Negative,Uncoded
i cant spelll well today argh i want to do 5 more updates so im 777,1,0,0.07987829316059608,0.9201217068394039,False,Positive,Negative,Uncoded
bored and cold,1,0,0.03915631003965677,0.9608436899603432,False,Positive,Negative,Uncoded
i don't know,1,0,0.05840846761959436,0.9415915323804056,False,Positive,Negative,Uncoded
final igcse exams fml,1,0,0.026264296673402954,0.9737357033265971,False,Positive,Negative,Uncoded
bloody knackered and still got two hours to go still last shift tomorrow then a whole week off,1,0,0.050712064482466415,0.9492879355175335,False,Positive,Negative,Uncoded
lets hope they're good unexpected announcements in these troubled times i worry about the other kind,0,1,0.9345778007684317,0.9345778007684317,False,Negative,Positive,Uncoded
bass then exercise,0,1,0.9250317028054929,0.9250317028054929,False,Negative,Positive,Uncoded
seeing tiger woods beat a bunch of old white guys at a sport they invented makes me smile,0,1,0.9260765235351627,0.9260765235351627,False,Negative,Positive,Uncoded
so tired i wanna sleep in again but,1,0,0.051399103818701455,0.9486008961812985,False,Positive,Negative,Uncoded
lol a couple yes,0,1,0.9819243344822723,0.9819243344822723,False,Negative,Positive,Uncoded
i'm really glad that i cannot spell worth anything haha,0,1,0.9101977534105004,0.9101977534105004,False,Negative,Positive,Uncoded
i'm agree with you,0,1,0.9179284803064703,0.9179284803064703,False,Negative,Positive,Uncoded
pweasew this is the word,0,1,0.9249054529380978,0.9249054529380978,False,Negative,Positive,Uncoded
sausage mcmuffin for breakfast hahha macs again luv it luv it,0,1,0.9334520788081703,0.9334520788081703,False,Negative,Positive,Uncoded
i am going to go to the doctor today to see if he can figure out why i am having stupid headaches,1,0,0.010511895717780505,0.9894881042822194,False,Positive,Negative,Uncoded
last day of our swimming classes last semester haha i so miss the pool,1,0,0.08054682389391042,0.9194531761060896,False,Positive,Negative,Uncoded
ahhhh i hate hate hate hate exams time to talk to jorden,1,0,0.03985599339384497,0.9601440066061551,False,Positive,Negative,Uncoded
i fell asleep on the couch anddd i miss my butt,1,0,0.013932941356434284,0.9860670586435657,False,Positive,Negative,Uncoded
and the basement tho no one really goes down there one room bedroom other one xbox room,1,0,0.09300006937918666,0.9069999306208133,False,Positive,Negative,Uncoded
absolutely gutted that rafa is out of the french open but it does leave murray clear to get to the final a british champion yeah,1,0,0.0540334475206399,0.9459665524793601,False,Positive,Negative,Uncoded
is it home time yet this day is dragging and i really dont feel good,1,0,0.08621427572435142,0.9137857242756486,False,Positive,Negative,Uncoded
lol it should be good got my a levels this week,0,1,0.9447311118575039,0.9447311118575039,False,Negative,Positive,Uncoded
happy jonas day everybody,0,1,0.9627645407372869,0.9627645407372869,False,Negative,Positive,Uncoded
no drinking and riding babes my sad life isn't that sad for me to turn suicidal a couple of drinks would be nice though,1,0,0.04323770669386483,0.9567622933061352,False,Positive,Negative,Uncoded
oh never mind thanks for another excellent season everton,0,1,0.9121059519477628,0.9121059519477628,False,Negative,Positive,Uncoded
no i suppose not,1,0,0.04191269297283427,0.9580873070271657,False,Positive,Negative,Uncoded
ouch epic fail jtv,1,0,0.024709918291923493,0.9752900817080765,False,Positive,Negative,Uncoded
had a late start cruised too fast coming in ate a quick mcd's lunch in the car but damned if i wasn't on time to work,1,0,0.028594480969782114,0.9714055190302179,False,Positive,Negative,Uncoded
haha you'll get there,0,1,0.9667278900692879,0.9667278900692879,False,Negative,Positive,Uncoded
wish i was the girl,1,0,0.018406067699415392,0.9815939323005846,False,Positive,Negative,Uncoded
'rectal exam' is not too bad he has much worse examples in those presentations lately,1,0,0.04932936323934555,0.9506706367606544,False,Positive,Negative,Uncoded
feelign slightly miffed eating chocolate listening to the prodigy,0,1,0.9116137544614482,0.9116137544614482,False,Negative,Positive,Uncoded
lastnight was so funny bit hungover not too bad prob need to tidy up really,1,0,0.09134753753729011,0.9086524624627099,False,Positive,Negative,Uncoded
now that is something new,0,1,0.9327983038093469,0.9327983038093469,False,Negative,Positive,Uncoded
well facebook is a cunt and it is soooooooooooo boring z i could go to sleep,1,0,0.0582513301279611,0.9417486698720389,False,Positive,Negative,Uncoded
i was looking in brookyln actually given my budget there's no way i can afford manhattan,1,0,0.03460420345735667,0.9653957965426433,False,Positive,Negative,Uncoded
haha i just wanted it it was a dress with ruffle ish bottom haha it was in a beautiful pink cloth,0,1,0.9442064358988536,0.9442064358988536,False,Negative,Positive,Uncoded
im bored to tears go me,1,0,0.07573812158418804,0.924261878415812,False,Positive,Negative,Uncoded
good luck hun hope you get something sorted x,0,1,0.9386248163994356,0.9386248163994356,False,Negative,Positive,Uncoded
wish it wasnt raining only 3 more days til my little brothers born,1,0,0.09621145931551506,0.903788540684485,False,Positive,Negative,Uncoded
people try amp pretend like i'm not there i'm not going away,1,0,0.04755372385856609,0.952446276141434,False,Positive,Negative,Uncoded
sorry lost internet connection a minute ago it's back though,1,0,0.010976815152977945,0.989023184847022,False,Positive,Negative,Uncoded
i missed the available options but buffy's my gal hands down,1,0,0.055612876254749574,0.9443871237452505,False,Positive,Negative,Uncoded
i love that you both updated that at the same time hahaha twitter nerds i dont get this still,0,1,0.941004962089751,0.941004962089751,False,Negative,Positive,Uncoded
missing my kids especially my favorite,1,0,0.0578532283678748,0.9421467716321252,False,Positive,Negative,Uncoded
nevermind they're gone now,1,0,0.08751576660806797,0.9124842333919321,False,Positive,Negative,Uncoded
especially if the other people are local and i dont have to ship trading w everyone could get expensive so i pair 1 on 1,1,0,0.0846652257133746,0.9153347742866254,False,Positive,Negative,Uncoded
ah im sorry maybe next time cp,1,0,0.059250040702312504,0.9407499592976875,False,Positive,Negative,Uncoded
please dont cut it too short no grandma looks,1,0,0.012816555155789718,0.9871834448442103,False,Positive,Negative,Uncoded
this tad isnt the same without your little perverted ass,1,0,0.09810623347736709,0.9018937665226329,False,Positive,Negative,Uncoded
only disadvantage to traveling all week is not being able to be with or my folks so i'm making up for lost time 2day,1,0,0.07512841951045893,0.9248715804895411,False,Positive,Negative,Uncoded
i know i am rude and have issues unfollow me stupid ass if its too much for u only some of u would b missed and u not one of them,1,0,0.00488591734393494,0.995114082656065,False,Positive,Negative,Uncoded
thank you for an amazing weekend you're my fave person to hang out with is going to be so lucky next month,0,1,0.9348311979098607,0.9348311979098607,False,Negative,Positive,Uncoded
i know but thats good soooo how's frank everything good,0,1,0.9413637451859994,0.9413637451859994,False,Negative,Positive,Uncoded
youre welcome lt 3,0,1,0.9769852207371988,0.9769852207371988,False,Negative,Positive,Uncoded
is it a kickball league i did one of those last year our team sucked because no one showed up,1,0,0.08691512075290934,0.9130848792470907,False,Positive,Negative,Uncoded
in the common room with matt english lit pre release woo haha its a beast,0,1,0.9320180585076503,0.9320180585076503,False,Negative,Positive,Uncoded
y'all are so sweet wish i can give y'all an exclusive footage of my work going to bed love y'all and god bless,0,1,0.9018279941990439,0.9018279941990439,False,Negative,Positive,Uncoded
on a tour of amazing homes i miss my friends right now need u guys cya monday,1,0,0.08167764665855878,0.9183223533414412,False,Positive,Negative,Uncoded
has a killer headache but only 3 finals to go,1,0,0.05169432129506866,0.9483056787049313,False,Positive,Negative,Uncoded
aw i feel special 3 i was probably reading when i should've been doing homework and we have school tomorrow gt lt dnw,1,0,0.05980089878533372,0.9401991012146663,False,Positive,Negative,Uncoded
you can totally tell that the movie voice changed,0,1,0.9171045545707598,0.9171045545707598,False,Negative,Positive,Uncoded
mmm that's sounds better then what i'm preparing lol,0,1,0.938006408094697,0.938006408094697,False,Negative,Positive,Uncoded
busy busy weekend leaves no time for tweeting prom was fun yesterday was softball filled and today everything is canceled from rain,1,0,0.08959665102307944,0.9104033489769205,False,Positive,Negative,Uncoded
work work work and why did i get so tired all of a sudden nicole told me you say 'hi' aww she was so enthusiastic hi paul,1,0,0.0714357928494529,0.9285642071505471,False,Positive,Negative,Uncoded
work,1,0,0.00802145212752869,0.9919785478724713,False,Positive,Negative,Uncoded
i'd call you but i have to pay for all of my minutes,1,0,0.08710982656428296,0.9128901734357171,False,Positive,Negative,Uncoded
i prefer kao man gai or kuay teaw tom yum than kebab,0,1,0.9682762707764738,0.9682762707764738,False,Negative,Positive,Uncoded
32 degrees in iasi you lucky bastard no sun here whatsoever,1,0,0.0789093826255571,0.9210906173744429,False,Positive,Negative,Uncoded
moded too long a message need to learn short hand txting i wanted to say that i don't want to give my hopes up but i will anyway,1,0,0.029332748506666322,0.9706672514933337,False,Positive,Negative,Uncoded
u are amazing wish i could have gone to the arter party i wish u would have one in nyc i love u always,1,0,0.08853244836284457,0.9114675516371554,False,Positive,Negative,Uncoded
omg i want,1,0,0.09130727758590396,0.908692722414096,False,Positive,Negative,Uncoded
no shame,1,0,0.06417758216601044,0.9358224178339896,False,Positive,Negative,Uncoded
transformers the other 2 r lame,1,0,0.06840463073834209,0.9315953692616579,False,Positive,Negative,Uncoded
the theory is if you act quot as if quot you are quot normal quot then you will be quot normal quot the idea of me being normal is pretty far fetched,0,1,0.9224040040456526,0.9224040040456526,False,Negative,Positive,Uncoded
just kidding i can wait can't wait to see take a ride,0,1,0.9740007541911109,0.9740007541911109,False,Negative,Positive,Uncoded
enjoy the ride,0,1,0.973272852007358,0.973272852007358,False,Negative,Positive,Uncoded
your a very attractive young lady i sure it will be ez breezy so turn dat 2 a and make it happen i believe n u,0,1,0.9386532150068538,0.9386532150068538,False,Negative,Positive,Uncoded
omg this fucking sucks,1,0,0.026706253512268498,0.9732937464877315,False,Positive,Negative,Uncoded
tax thing i find that in general people think they're getting ripped off it's sad to think how they'd pay for everything,1,0,0.02657979174505769,0.9734202082549424,False,Positive,Negative,Uncoded
wish i was there i haven't talked to nick all day and i miss you i'd bring you more paint pens definitely,1,0,0.026862534992189303,0.9731374650078107,False,Positive,Negative,Uncoded
would you really do that,0,1,0.9093180210439418,0.9093180210439418,False,Negative,Positive,Uncoded
had a great time last night thank you xx half way to cornwall xx,0,1,0.9013604801547419,0.9013604801547419,False,Negative,Positive,Uncoded
thanks soooo much honey seems to be the key ingredient i'm having warm milk and honey guess time amp patience will do it,0,1,0.9267193887122529,0.9267193887122529,False,Negative,Positive,Uncoded
yes tweetup however will be missed,1,0,0.09549714792431233,0.9045028520756877,False,Positive,Negative,Uncoded
wish the weather was like this everyday,1,0,0.0829319000888891,0.9170680999111109,False,Positive,Negative,Uncoded
but i love warshit,0,1,0.9096887140796494,0.9096887140796494,False,Negative,Positive,Uncoded
bored to death s omg 9 months holiday so long time missed my uni,1,0,0.013445534668109124,0.9865544653318908,False,Positive,Negative,Uncoded
aww passes bradies legs a tissue dont cry wegs,1,0,0.051464884246823675,0.9485351157531763,False,Positive,Negative,Uncoded
6 hours of this work weekend left haha i hate wishing the weekend away but this one has got to go i feel a good week coming on xo,1,0,0.07508836977848303,0.924911630221517,False,Positive,Negative,Uncoded
tomorrow is last day,1,0,0.07771139236130287,0.9222886076386971,False,Positive,Negative,Uncoded
i feel so lost lol,1,0,0.045429838267441805,0.9545701617325582,False,Positive,Negative,Uncoded
awkwardly standing in the whole freshmen class sucks 1 5 days left,1,0,0.09989917411973434,0.9001008258802656,False,Positive,Negative,Uncoded
sorry qirl em i cant qo with u today im be with sarah buh u can pick me up im boutta leave in a few tho ilu ride or die,1,0,0.08581909415598454,0.9141809058440155,False,Positive,Negative,Uncoded
bugga first day back at tafe and i have an exam 2morrow gay i should study but im not lol,1,0,0.08787600941330613,0.9121239905866939,False,Positive,Negative,Uncoded
i'm still getting the britney one coming round every day or so hk seems to be leaving me alone now,1,0,0.062036003103904946,0.9379639968960951,False,Positive,Negative,Uncoded
what are you guys doing and why cant i watch sounds hot i dunno what it is bleh im catholic,1,0,0.086667654728294,0.913332345271706,False,Positive,Negative,Uncoded
i just watched up and it was great amazing animation great art and also terminator salvation was expecting more from this one,0,1,0.9484239837142805,0.9484239837142805,False,Negative,Positive,Uncoded
my nose face hurts real bad if kokie wasn't sick i would give her a piece of my mind excited to worship outside tonight,1,0,0.054939811745202724,0.9450601882547973,False,Positive,Negative,Uncoded
just chillin drinkin it up by my self lol,0,1,0.9181402587477209,0.9181402587477209,False,Negative,Positive,Uncoded
aha cool we are off out soon as it's a nice day em a bit bored sitting around the house,0,1,0.931311787182222,0.931311787182222,False,Negative,Positive,Uncoded
thanks 6 lbs in 3 weeks,0,1,0.9361686198441509,0.9361686198441509,False,Negative,Positive,Uncoded
thanks sweet i've missed talking to you hope you're okay m'love xx,0,1,0.9188140757779648,0.9188140757779648,False,Negative,Positive,Uncoded
god i can't wait arn't you on skype,0,1,0.9177269888831777,0.9177269888831777,False,Negative,Positive,Uncoded
i reallllllyyyy don't want a history exam tomorrow i can't remember anything english was good though,1,0,0.05364096558406826,0.9463590344159317,False,Positive,Negative,Uncoded
toyota commercial quot what are you waiting for you may never have this kind of buying power again quot toyota knows what's coming,0,1,0.915510971618712,0.915510971618712,False,Negative,Positive,Uncoded
ugh yah yesterday was stressful and i somehow got hit in the face by rope from a ups guy fml but almost a 3 5 day weekend,1,0,0.048712065968705656,0.9512879340312943,False,Positive,Negative,Uncoded
holy shit i would have killed to be the guy's driver o,1,0,0.09871242591790076,0.9012875740820993,False,Positive,Negative,Uncoded
russ naw i was getting ready for work i wish i were sleeping,1,0,0.04169516566698538,0.9583048343330146,False,Positive,Negative,Uncoded
about to clean clean clean make some breakfast and see my couin off i'm glad he really enjoyed his bbq birthday surprise,0,1,0.981163596147743,0.981163596147743,False,Negative,Positive,Uncoded
not everything is ruined dont be sad jesse,1,0,0.002940851722441611,0.9970591482775584,False,Positive,Negative,Uncoded
cleaning house while the dog is at the vet our 4 year old threw up too in the garage and not in my suv,1,0,0.01677910946779989,0.9832208905322001,False,Positive,Negative,Uncoded
re selling rights mec l having a bad day dt by revox,1,0,0.06439531458823802,0.935604685411762,False,Positive,Negative,Uncoded
i fuckin hate my sister,1,0,0.04425289354566743,0.9557471064543326,False,Positive,Negative,Uncoded
so tempted to say quot who cares quot lol hope you have a good week your new avatar looks a bit cross,0,1,0.9884050522964767,0.9884050522964767,False,Negative,Positive,Uncoded
met the most amazing guy hot good kisser dom and really nice and he's married but i might get to be his sub,0,1,0.9527426897138405,0.9527426897138405,False,Negative,Positive,Uncoded
not nice i've not dropped a lens yet but think i would cry if i did,1,0,0.03144618334160253,0.9685538166583975,False,Positive,Negative,Uncoded
gi this sounds stupid can u not tell any1 bout the pic tht we sent of siobhan cos no1 can no about it reply so we no plz x,1,0,0.0623994665985801,0.9376005334014199,False,Positive,Negative,Uncoded
not happy but gonna try to sleep it off,1,0,0.035053704442457284,0.9649462955575427,False,Positive,Negative,Uncoded
you win,0,1,0.95015088876812,0.95015088876812,False,Negative,Positive,Uncoded
yes sir,0,1,0.924029917763589,0.924029917763589,False,Negative,Positive,Uncoded
